signature_id,task_id,dataset_id,pattern_index,sign_pattern,is_published_orientation,auroc
SIG_ATNF_7GENE,T_PROGECT_MH_W6,GSE212849_PROGECT,0,WNK2:-1;OCRL:-1;ASB7:-1;PCBP3:-1;AMPD2:-1;FAM155A:-1;IL13RA2:-1,False,0.5880574452003023
SIG_ATNF_7GENE,T_PROGECT_MH_W6,GSE212849_PROGECT,1,WNK2:-1;OCRL:-1;ASB7:-1;PCBP3:-1;AMPD2:-1;FAM155A:-1;IL13RA2:+1,False,0.41043083900226757
SIG_ATNF_7GENE,T_PROGECT_MH_W6,GSE212849_PROGECT,2,WNK2:-1;OCRL:-1;ASB7:-1;PCBP3:-1;AMPD2:-1;FAM155A:+1;IL13RA2:-1,False,0.41572184429327275
SIG_ATNF_7GENE,T_PROGECT_MH_W6,GSE212849_PROGECT,3,WNK2:-1;OCRL:-1;ASB7:-1;PCBP3:-1;AMPD2:-1;FAM155A:+1;IL13RA2:+1,False,0.33257747543461824
SIG_ATNF_7GENE,T_PROGECT_MH_W6,GSE212849_PROGECT,4,WNK2:-1;OCRL:-1;ASB7:-1;PCBP3:-1;AMPD2:+1;FAM155A:-1;IL13RA2:-1,False,0.41421012849584277
SIG_ATNF_7GENE,T_PROGECT_MH_W6,GSE212849_PROGECT,5,WNK2:-1;OCRL:-1;ASB7:-1;PCBP3:-1;AMPD2:+1;FAM155A:-1;IL13RA2:+1,False,0.34542705971277404
SIG_ATNF_7GENE,T_PROGECT_MH_W6,GSE212849_PROGECT,6,WNK2:-1;OCRL:-1;ASB7:-1;PCBP3:-1;AMPD2:+1;FAM155A:+1;IL13RA2:-1,False,0.3431594860166288
SIG_ATNF_7GENE,T_PROGECT_MH_W6,GSE212849_PROGECT,7,WNK2:-1;OCRL:-1;ASB7:-1;PCBP3:-1;AMPD2:+1;FAM155A:+1;IL13RA2:+1,False,0.3159486016628874
SIG_ATNF_7GENE,T_PROGECT_MH_W6,GSE212849_PROGECT,8,WNK2:-1;OCRL:-1;ASB7:-1;PCBP3:+1;AMPD2:-1;FAM155A:-1;IL13RA2:-1,False,0.38548752834467115
SIG_ATNF_7GENE,T_PROGECT_MH_W6,GSE212849_PROGECT,9,WNK2:-1;OCRL:-1;ASB7:-1;PCBP3:+1;AMPD2:-1;FAM155A:-1;IL13RA2:+1,False,0.3204837490551776
SIG_ATNF_7GENE,T_PROGECT_MH_W6,GSE212849_PROGECT,10,WNK2:-1;OCRL:-1;ASB7:-1;PCBP3:+1;AMPD2:-1;FAM155A:+1;IL13RA2:-1,False,0.29327286470143615
SIG_ATNF_7GENE,T_PROGECT_MH_W6,GSE212849_PROGECT,11,WNK2:-1;OCRL:-1;ASB7:-1;PCBP3:+1;AMPD2:-1;FAM155A:+1;IL13RA2:+1,False,0.28798185941043086
SIG_ATNF_7GENE,T_PROGECT_MH_W6,GSE212849_PROGECT,12,WNK2:-1;OCRL:-1;ASB7:-1;PCBP3:+1;AMPD2:+1;FAM155A:-1;IL13RA2:-1,False,0.2849584278155707
SIG_ATNF_7GENE,T_PROGECT_MH_W6,GSE212849_PROGECT,13,WNK2:-1;OCRL:-1;ASB7:-1;PCBP3:+1;AMPD2:+1;FAM155A:-1;IL13RA2:+1,False,0.27286470143612995
SIG_ATNF_7GENE,T_PROGECT_MH_W6,GSE212849_PROGECT,14,WNK2:-1;OCRL:-1;ASB7:-1;PCBP3:+1;AMPD2:+1;FAM155A:+1;IL13RA2:-1,False,0.272108843537415
SIG_ATNF_7GENE,T_PROGECT_MH_W6,GSE212849_PROGECT,15,WNK2:-1;OCRL:-1;ASB7:-1;PCBP3:+1;AMPD2:+1;FAM155A:+1;IL13RA2:+1,False,0.2789115646258503
SIG_ATNF_7GENE,T_PROGECT_MH_W6,GSE212849_PROGECT,16,WNK2:-1;OCRL:-1;ASB7:+1;PCBP3:-1;AMPD2:-1;FAM155A:-1;IL13RA2:-1,False,0.6863189720332578
SIG_ATNF_7GENE,T_PROGECT_MH_W6,GSE212849_PROGECT,17,WNK2:-1;OCRL:-1;ASB7:+1;PCBP3:-1;AMPD2:-1;FAM155A:-1;IL13RA2:+1,False,0.6046863189720333
SIG_ATNF_7GENE,T_PROGECT_MH_W6,GSE212849_PROGECT,18,WNK2:-1;OCRL:-1;ASB7:+1;PCBP3:-1;AMPD2:-1;FAM155A:+1;IL13RA2:-1,False,0.5842781557067271
SIG_ATNF_7GENE,T_PROGECT_MH_W6,GSE212849_PROGECT,19,WNK2:-1;OCRL:-1;ASB7:+1;PCBP3:-1;AMPD2:-1;FAM155A:+1;IL13RA2:+1,False,0.4142101284958428
SIG_ATNF_7GENE,T_PROGECT_MH_W6,GSE212849_PROGECT,20,WNK2:-1;OCRL:-1;ASB7:+1;PCBP3:-1;AMPD2:+1;FAM155A:-1;IL13RA2:-1,False,0.582010582010582
SIG_ATNF_7GENE,T_PROGECT_MH_W6,GSE212849_PROGECT,21,WNK2:-1;OCRL:-1;ASB7:+1;PCBP3:-1;AMPD2:+1;FAM155A:-1;IL13RA2:+1,False,0.45124716553287986
SIG_ATNF_7GENE,T_PROGECT_MH_W6,GSE212849_PROGECT,22,WNK2:-1;OCRL:-1;ASB7:+1;PCBP3:-1;AMPD2:+1;FAM155A:+1;IL13RA2:-1,False,0.42630385487528344
SIG_ATNF_7GENE,T_PROGECT_MH_W6,GSE212849_PROGECT,23,WNK2:-1;OCRL:-1;ASB7:+1;PCBP3:-1;AMPD2:+1;FAM155A:+1;IL13RA2:+1,False,0.35298563869992444
SIG_ATNF_7GENE,T_PROGECT_MH_W6,GSE212849_PROGECT,24,WNK2:-1;OCRL:-1;ASB7:+1;PCBP3:+1;AMPD2:-1;FAM155A:-1;IL13RA2:-1,False,0.5124716553287982
SIG_ATNF_7GENE,T_PROGECT_MH_W6,GSE212849_PROGECT,25,WNK2:-1;OCRL:-1;ASB7:+1;PCBP3:+1;AMPD2:-1;FAM155A:-1;IL13RA2:+1,False,0.3839758125472411
SIG_ATNF_7GENE,T_PROGECT_MH_W6,GSE212849_PROGECT,26,WNK2:-1;OCRL:-1;ASB7:+1;PCBP3:+1;AMPD2:-1;FAM155A:+1;IL13RA2:-1,False,0.35827664399092973
SIG_ATNF_7GENE,T_PROGECT_MH_W6,GSE212849_PROGECT,27,WNK2:-1;OCRL:-1;ASB7:+1;PCBP3:+1;AMPD2:-1;FAM155A:+1;IL13RA2:+1,False,0.3257747543461829
SIG_ATNF_7GENE,T_PROGECT_MH_W6,GSE212849_PROGECT,28,WNK2:-1;OCRL:-1;ASB7:+1;PCBP3:+1;AMPD2:+1;FAM155A:-1;IL13RA2:-1,False,0.41572184429327286
SIG_ATNF_7GENE,T_PROGECT_MH_W6,GSE212849_PROGECT,29,WNK2:-1;OCRL:-1;ASB7:+1;PCBP3:+1;AMPD2:+1;FAM155A:-1;IL13RA2:+1,False,0.3242630385487528
SIG_ATNF_7GENE,T_PROGECT_MH_W6,GSE212849_PROGECT,30,WNK2:-1;OCRL:-1;ASB7:+1;PCBP3:+1;AMPD2:+1;FAM155A:+1;IL13RA2:-1,False,0.3023431594860166
SIG_ATNF_7GENE,T_PROGECT_MH_W6,GSE212849_PROGECT,31,WNK2:-1;OCRL:-1;ASB7:+1;PCBP3:+1;AMPD2:+1;FAM155A:+1;IL13RA2:+1,False,0.29780801209372637
SIG_ATNF_7GENE,T_PROGECT_MH_W6,GSE212849_PROGECT,32,WNK2:-1;OCRL:+1;ASB7:-1;PCBP3:-1;AMPD2:-1;FAM155A:-1;IL13RA2:-1,False,0.6659108087679517
SIG_ATNF_7GENE,T_PROGECT_MH_W6,GSE212849_PROGECT,33,WNK2:-1;OCRL:+1;ASB7:-1;PCBP3:-1;AMPD2:-1;FAM155A:-1;IL13RA2:+1,False,0.563114134542706
SIG_ATNF_7GENE,T_PROGECT_MH_W6,GSE212849_PROGECT,34,WNK2:-1;OCRL:+1;ASB7:-1;PCBP3:-1;AMPD2:-1;FAM155A:+1;IL13RA2:-1,False,0.5495086923658351
SIG_ATNF_7GENE,T_PROGECT_MH_W6,GSE212849_PROGECT,35,WNK2:-1;OCRL:+1;ASB7:-1;PCBP3:-1;AMPD2:-1;FAM155A:+1;IL13RA2:+1,False,0.3983371126228269
SIG_ATNF_7GENE,T_PROGECT_MH_W6,GSE212849_PROGECT,36,WNK2:-1;OCRL:+1;ASB7:-1;PCBP3:-1;AMPD2:+1;FAM155A:-1;IL13RA2:-1,False,0.5956160241874527
SIG_ATNF_7GENE,T_PROGECT_MH_W6,GSE212849_PROGECT,37,WNK2:-1;OCRL:+1;ASB7:-1;PCBP3:-1;AMPD2:+1;FAM155A:-1;IL13RA2:+1,False,0.39229024943310653
SIG_ATNF_7GENE,T_PROGECT_MH_W6,GSE212849_PROGECT,38,WNK2:-1;OCRL:+1;ASB7:-1;PCBP3:-1;AMPD2:+1;FAM155A:+1;IL13RA2:-1,False,0.42857142857142855
SIG_ATNF_7GENE,T_PROGECT_MH_W6,GSE212849_PROGECT,39,WNK2:-1;OCRL:+1;ASB7:-1;PCBP3:-1;AMPD2:+1;FAM155A:+1;IL13RA2:+1,False,0.3204837490551776
SIG_ATNF_7GENE,T_PROGECT_MH_W6,GSE212849_PROGECT,40,WNK2:-1;OCRL:+1;ASB7:-1;PCBP3:+1;AMPD2:-1;FAM155A:-1;IL13RA2:-1,False,0.5124716553287982
SIG_ATNF_7GENE,T_PROGECT_MH_W6,GSE212849_PROGECT,41,WNK2:-1;OCRL:+1;ASB7:-1;PCBP3:+1;AMPD2:-1;FAM155A:-1;IL13RA2:+1,False,0.3869992441421013
SIG_ATNF_7GENE,T_PROGECT_MH_W6,GSE212849_PROGECT,42,WNK2:-1;OCRL:+1;ASB7:-1;PCBP3:+1;AMPD2:-1;FAM155A:+1;IL13RA2:-1,False,0.3703703703703704
SIG_ATNF_7GENE,T_PROGECT_MH_W6,GSE212849_PROGECT,43,WNK2:-1;OCRL:+1;ASB7:-1;PCBP3:+1;AMPD2:-1;FAM155A:+1;IL13RA2:+1,False,0.3167044595616024
SIG_ATNF_7GENE,T_PROGECT_MH_W6,GSE212849_PROGECT,44,WNK2:-1;OCRL:+1;ASB7:-1;PCBP3:+1;AMPD2:+1;FAM155A:-1;IL13RA2:-1,False,0.30536659108087677
SIG_ATNF_7GENE,T_PROGECT_MH_W6,GSE212849_PROGECT,45,WNK2:-1;OCRL:+1;ASB7:-1;PCBP3:+1;AMPD2:+1;FAM155A:-1;IL13RA2:+1,False,0.2690854119425548
SIG_ATNF_7GENE,T_PROGECT_MH_W6,GSE212849_PROGECT,46,WNK2:-1;OCRL:+1;ASB7:-1;PCBP3:+1;AMPD2:+1;FAM155A:+1;IL13RA2:-1,False,0.2456538170823885
SIG_ATNF_7GENE,T_PROGECT_MH_W6,GSE212849_PROGECT,47,WNK2:-1;OCRL:+1;ASB7:-1;PCBP3:+1;AMPD2:+1;FAM155A:+1;IL13RA2:+1,False,0.2751322751322752
SIG_ATNF_7GENE,T_PROGECT_MH_W6,GSE212849_PROGECT,48,WNK2:-1;OCRL:+1;ASB7:+1;PCBP3:-1;AMPD2:-1;FAM155A:-1;IL13RA2:-1,False,0.7135298563869992
SIG_ATNF_7GENE,T_PROGECT_MH_W6,GSE212849_PROGECT,49,WNK2:-1;OCRL:+1;ASB7:+1;PCBP3:-1;AMPD2:-1;FAM155A:-1;IL13RA2:+1,False,0.6969009826152683
SIG_ATNF_7GENE,T_PROGECT_MH_W6,GSE212849_PROGECT,50,WNK2:-1;OCRL:+1;ASB7:+1;PCBP3:-1;AMPD2:-1;FAM155A:+1;IL13RA2:-1,False,0.6787603930461074
SIG_ATNF_7GENE,T_PROGECT_MH_W6,GSE212849_PROGECT,51,WNK2:-1;OCRL:+1;ASB7:+1;PCBP3:-1;AMPD2:-1;FAM155A:+1;IL13RA2:+1,False,0.5925925925925926
SIG_ATNF_7GENE,T_PROGECT_MH_W6,GSE212849_PROGECT,52,WNK2:-1;OCRL:+1;ASB7:+1;PCBP3:-1;AMPD2:+1;FAM155A:-1;IL13RA2:-1,False,0.6689342403628118
SIG_ATNF_7GENE,T_PROGECT_MH_W6,GSE212849_PROGECT,53,WNK2:-1;OCRL:+1;ASB7:+1;PCBP3:-1;AMPD2:+1;FAM155A:-1;IL13RA2:+1,False,0.566137566137566
SIG_ATNF_7GENE,T_PROGECT_MH_W6,GSE212849_PROGECT,54,WNK2:-1;OCRL:+1;ASB7:+1;PCBP3:-1;AMPD2:+1;FAM155A:+1;IL13RA2:-1,False,0.5699168556311414
SIG_ATNF_7GENE,T_PROGECT_MH_W6,GSE212849_PROGECT,55,WNK2:-1;OCRL:+1;ASB7:+1;PCBP3:-1;AMPD2:+1;FAM155A:+1;IL13RA2:+1,False,0.3907785336356765
SIG_ATNF_7GENE,T_PROGECT_MH_W6,GSE212849_PROGECT,56,WNK2:-1;OCRL:+1;ASB7:+1;PCBP3:+1;AMPD2:-1;FAM155A:-1;IL13RA2:-1,False,0.63416477702192
SIG_ATNF_7GENE,T_PROGECT_MH_W6,GSE212849_PROGECT,57,WNK2:-1;OCRL:+1;ASB7:+1;PCBP3:+1;AMPD2:-1;FAM155A:-1;IL13RA2:+1,False,0.526077097505669
SIG_ATNF_7GENE,T_PROGECT_MH_W6,GSE212849_PROGECT,58,WNK2:-1;OCRL:+1;ASB7:+1;PCBP3:+1;AMPD2:-1;FAM155A:+1;IL13RA2:-1,False,0.5094482237339379
SIG_ATNF_7GENE,T_PROGECT_MH_W6,GSE212849_PROGECT,59,WNK2:-1;OCRL:+1;ASB7:+1;PCBP3:+1;AMPD2:-1;FAM155A:+1;IL13RA2:+1,False,0.3854875283446712
SIG_ATNF_7GENE,T_PROGECT_MH_W6,GSE212849_PROGECT,60,WNK2:-1;OCRL:+1;ASB7:+1;PCBP3:+1;AMPD2:+1;FAM155A:-1;IL13RA2:-1,False,0.5487528344671202
SIG_ATNF_7GENE,T_PROGECT_MH_W6,GSE212849_PROGECT,61,WNK2:-1;OCRL:+1;ASB7:+1;PCBP3:+1;AMPD2:+1;FAM155A:-1;IL13RA2:+1,False,0.35827664399092973
SIG_ATNF_7GENE,T_PROGECT_MH_W6,GSE212849_PROGECT,62,WNK2:-1;OCRL:+1;ASB7:+1;PCBP3:+1;AMPD2:+1;FAM155A:+1;IL13RA2:-1,False,0.32123960695389264
SIG_ATNF_7GENE,T_PROGECT_MH_W6,GSE212849_PROGECT,63,WNK2:-1;OCRL:+1;ASB7:+1;PCBP3:+1;AMPD2:+1;FAM155A:+1;IL13RA2:+1,False,0.30612244897959184
SIG_ATNF_7GENE,T_PROGECT_MH_W6,GSE212849_PROGECT,64,WNK2:+1;OCRL:-1;ASB7:-1;PCBP3:-1;AMPD2:-1;FAM155A:-1;IL13RA2:-1,False,0.6938775510204082
SIG_ATNF_7GENE,T_PROGECT_MH_W6,GSE212849_PROGECT,65,WNK2:+1;OCRL:-1;ASB7:-1;PCBP3:-1;AMPD2:-1;FAM155A:-1;IL13RA2:+1,False,0.6787603930461074
SIG_ATNF_7GENE,T_PROGECT_MH_W6,GSE212849_PROGECT,66,WNK2:+1;OCRL:-1;ASB7:-1;PCBP3:-1;AMPD2:-1;FAM155A:+1;IL13RA2:-1,False,0.6417233560090703
SIG_ATNF_7GENE,T_PROGECT_MH_W6,GSE212849_PROGECT,67,WNK2:+1;OCRL:-1;ASB7:-1;PCBP3:-1;AMPD2:-1;FAM155A:+1;IL13RA2:+1,False,0.4512471655328798
SIG_ATNF_7GENE,T_PROGECT_MH_W6,GSE212849_PROGECT,68,WNK2:+1;OCRL:-1;ASB7:-1;PCBP3:-1;AMPD2:+1;FAM155A:-1;IL13RA2:-1,False,0.6145124716553289
SIG_ATNF_7GENE,T_PROGECT_MH_W6,GSE212849_PROGECT,69,WNK2:+1;OCRL:-1;ASB7:-1;PCBP3:-1;AMPD2:+1;FAM155A:-1;IL13RA2:+1,False,0.49055177626606195
SIG_ATNF_7GENE,T_PROGECT_MH_W6,GSE212849_PROGECT,70,WNK2:+1;OCRL:-1;ASB7:-1;PCBP3:-1;AMPD2:+1;FAM155A:+1;IL13RA2:-1,False,0.47392290249433106
SIG_ATNF_7GENE,T_PROGECT_MH_W6,GSE212849_PROGECT,71,WNK2:+1;OCRL:-1;ASB7:-1;PCBP3:-1;AMPD2:+1;FAM155A:+1;IL13RA2:+1,False,0.36583522297808013
SIG_ATNF_7GENE,T_PROGECT_MH_W6,GSE212849_PROGECT,72,WNK2:+1;OCRL:-1;ASB7:-1;PCBP3:+1;AMPD2:-1;FAM155A:-1;IL13RA2:-1,False,0.6092214663643235
SIG_ATNF_7GENE,T_PROGECT_MH_W6,GSE212849_PROGECT,73,WNK2:+1;OCRL:-1;ASB7:-1;PCBP3:+1;AMPD2:-1;FAM155A:-1;IL13RA2:+1,False,0.43008314436885864
SIG_ATNF_7GENE,T_PROGECT_MH_W6,GSE212849_PROGECT,74,WNK2:+1;OCRL:-1;ASB7:-1;PCBP3:+1;AMPD2:-1;FAM155A:+1;IL13RA2:-1,False,0.43386243386243384
SIG_ATNF_7GENE,T_PROGECT_MH_W6,GSE212849_PROGECT,75,WNK2:+1;OCRL:-1;ASB7:-1;PCBP3:+1;AMPD2:-1;FAM155A:+1;IL13RA2:+1,False,0.3310657596371882
SIG_ATNF_7GENE,T_PROGECT_MH_W6,GSE212849_PROGECT,76,WNK2:+1;OCRL:-1;ASB7:-1;PCBP3:+1;AMPD2:+1;FAM155A:-1;IL13RA2:-1,False,0.40740740740740744
SIG_ATNF_7GENE,T_PROGECT_MH_W6,GSE212849_PROGECT,77,WNK2:+1;OCRL:-1;ASB7:-1;PCBP3:+1;AMPD2:+1;FAM155A:-1;IL13RA2:+1,False,0.32123960695389264
SIG_ATNF_7GENE,T_PROGECT_MH_W6,GSE212849_PROGECT,78,WNK2:+1;OCRL:-1;ASB7:-1;PCBP3:+1;AMPD2:+1;FAM155A:+1;IL13RA2:-1,False,0.30309901738473166
SIG_ATNF_7GENE,T_PROGECT_MH_W6,GSE212849_PROGECT,79,WNK2:+1;OCRL:-1;ASB7:-1;PCBP3:+1;AMPD2:+1;FAM155A:+1;IL13RA2:+1,False,0.28647014361300077
SIG_ATNF_7GENE,T_PROGECT_MH_W6,GSE212849_PROGECT,80,WNK2:+1;OCRL:-1;ASB7:+1;PCBP3:-1;AMPD2:-1;FAM155A:-1;IL13RA2:-1,False,0.7248677248677249
SIG_ATNF_7GENE,T_PROGECT_MH_W6,GSE212849_PROGECT,81,WNK2:+1;OCRL:-1;ASB7:+1;PCBP3:-1;AMPD2:-1;FAM155A:-1;IL13RA2:+1,False,0.7543461829176115
SIG_ATNF_7GENE,T_PROGECT_MH_W6,GSE212849_PROGECT,82,WNK2:+1;OCRL:-1;ASB7:+1;PCBP3:-1;AMPD2:-1;FAM155A:+1;IL13RA2:-1,False,0.7309145880574451
SIG_ATNF_7GENE,T_PROGECT_MH_W6,GSE212849_PROGECT,83,WNK2:+1;OCRL:-1;ASB7:+1;PCBP3:-1;AMPD2:-1;FAM155A:+1;IL13RA2:+1,False,0.6946334089191232
SIG_ATNF_7GENE,T_PROGECT_MH_W6,GSE212849_PROGECT,84,WNK2:+1;OCRL:-1;ASB7:+1;PCBP3:-1;AMPD2:+1;FAM155A:-1;IL13RA2:-1,False,0.6832955404383976
SIG_ATNF_7GENE,T_PROGECT_MH_W6,GSE212849_PROGECT,85,WNK2:+1;OCRL:-1;ASB7:+1;PCBP3:-1;AMPD2:+1;FAM155A:-1;IL13RA2:+1,False,0.6296296296296297
SIG_ATNF_7GENE,T_PROGECT_MH_W6,GSE212849_PROGECT,86,WNK2:+1;OCRL:-1;ASB7:+1;PCBP3:-1;AMPD2:+1;FAM155A:+1;IL13RA2:-1,False,0.6130007558578987
SIG_ATNF_7GENE,T_PROGECT_MH_W6,GSE212849_PROGECT,87,WNK2:+1;OCRL:-1;ASB7:+1;PCBP3:-1;AMPD2:+1;FAM155A:+1;IL13RA2:+1,False,0.4875283446712019
SIG_ATNF_7GENE,T_PROGECT_MH_W6,GSE212849_PROGECT,88,WNK2:+1;OCRL:-1;ASB7:+1;PCBP3:+1;AMPD2:-1;FAM155A:-1;IL13RA2:-1,False,0.6795162509448225
SIG_ATNF_7GENE,T_PROGECT_MH_W6,GSE212849_PROGECT,89,WNK2:+1;OCRL:-1;ASB7:+1;PCBP3:+1;AMPD2:-1;FAM155A:-1;IL13RA2:+1,False,0.5714285714285714
SIG_ATNF_7GENE,T_PROGECT_MH_W6,GSE212849_PROGECT,90,WNK2:+1;OCRL:-1;ASB7:+1;PCBP3:+1;AMPD2:-1;FAM155A:+1;IL13RA2:-1,False,0.6077097505668935
SIG_ATNF_7GENE,T_PROGECT_MH_W6,GSE212849_PROGECT,91,WNK2:+1;OCRL:-1;ASB7:+1;PCBP3:+1;AMPD2:-1;FAM155A:+1;IL13RA2:+1,False,0.40438397581254726
SIG_ATNF_7GENE,T_PROGECT_MH_W6,GSE212849_PROGECT,92,WNK2:+1;OCRL:-1;ASB7:+1;PCBP3:+1;AMPD2:+1;FAM155A:-1;IL13RA2:-1,False,0.6016628873771731
SIG_ATNF_7GENE,T_PROGECT_MH_W6,GSE212849_PROGECT,93,WNK2:+1;OCRL:-1;ASB7:+1;PCBP3:+1;AMPD2:+1;FAM155A:-1;IL13RA2:+1,False,0.4504913076341648
SIG_ATNF_7GENE,T_PROGECT_MH_W6,GSE212849_PROGECT,94,WNK2:+1;OCRL:-1;ASB7:+1;PCBP3:+1;AMPD2:+1;FAM155A:+1;IL13RA2:-1,False,0.43688586545729396
SIG_ATNF_7GENE,T_PROGECT_MH_W6,GSE212849_PROGECT,95,WNK2:+1;OCRL:-1;ASB7:+1;PCBP3:+1;AMPD2:+1;FAM155A:+1;IL13RA2:+1,False,0.3340891912320484
SIG_ATNF_7GENE,T_PROGECT_MH_W6,GSE212849_PROGECT,96,WNK2:+1;OCRL:+1;ASB7:-1;PCBP3:-1;AMPD2:-1;FAM155A:-1;IL13RA2:-1,False,0.7021919879062737
SIG_ATNF_7GENE,T_PROGECT_MH_W6,GSE212849_PROGECT,97,WNK2:+1;OCRL:+1;ASB7:-1;PCBP3:-1;AMPD2:-1;FAM155A:-1;IL13RA2:+1,False,0.6976568405139834
SIG_ATNF_7GENE,T_PROGECT_MH_W6,GSE212849_PROGECT,98,WNK2:+1;OCRL:+1;ASB7:-1;PCBP3:-1;AMPD2:-1;FAM155A:+1;IL13RA2:-1,False,0.6757369614512472
SIG_ATNF_7GENE,T_PROGECT_MH_W6,GSE212849_PROGECT,99,WNK2:+1;OCRL:+1;ASB7:-1;PCBP3:-1;AMPD2:-1;FAM155A:+1;IL13RA2:+1,False,0.5842781557067271
SIG_ATNF_7GENE,T_PROGECT_MH_W6,GSE212849_PROGECT,100,WNK2:+1;OCRL:+1;ASB7:-1;PCBP3:-1;AMPD2:+1;FAM155A:-1;IL13RA2:-1,False,0.6742252456538171
SIG_ATNF_7GENE,T_PROGECT_MH_W6,GSE212849_PROGECT,101,WNK2:+1;OCRL:+1;ASB7:-1;PCBP3:-1;AMPD2:+1;FAM155A:-1;IL13RA2:+1,False,0.6417233560090703
SIG_ATNF_7GENE,T_PROGECT_MH_W6,GSE212849_PROGECT,102,WNK2:+1;OCRL:+1;ASB7:-1;PCBP3:-1;AMPD2:+1;FAM155A:+1;IL13RA2:-1,False,0.6160241874527588
SIG_ATNF_7GENE,T_PROGECT_MH_W6,GSE212849_PROGECT,103,WNK2:+1;OCRL:+1;ASB7:-1;PCBP3:-1;AMPD2:+1;FAM155A:+1;IL13RA2:+1,False,0.4875283446712018
SIG_ATNF_7GENE,T_PROGECT_MH_W6,GSE212849_PROGECT,104,WNK2:+1;OCRL:+1;ASB7:-1;PCBP3:+1;AMPD2:-1;FAM155A:-1;IL13RA2:-1,False,0.6470143613000756
SIG_ATNF_7GENE,T_PROGECT_MH_W6,GSE212849_PROGECT,105,WNK2:+1;OCRL:+1;ASB7:-1;PCBP3:+1;AMPD2:-1;FAM155A:-1;IL13RA2:+1,False,0.5736961451247165
SIG_ATNF_7GENE,T_PROGECT_MH_W6,GSE212849_PROGECT,106,WNK2:+1;OCRL:+1;ASB7:-1;PCBP3:+1;AMPD2:-1;FAM155A:+1;IL13RA2:-1,False,0.5487528344671203
SIG_ATNF_7GENE,T_PROGECT_MH_W6,GSE212849_PROGECT,107,WNK2:+1;OCRL:+1;ASB7:-1;PCBP3:+1;AMPD2:-1;FAM155A:+1;IL13RA2:+1,False,0.417989417989418
SIG_ATNF_7GENE,T_PROGECT_MH_W6,GSE212849_PROGECT,108,WNK2:+1;OCRL:+1;ASB7:-1;PCBP3:+1;AMPD2:+1;FAM155A:-1;IL13RA2:-1,False,0.5857898715041572
SIG_ATNF_7GENE,T_PROGECT_MH_W6,GSE212849_PROGECT,109,WNK2:+1;OCRL:+1;ASB7:-1;PCBP3:+1;AMPD2:+1;FAM155A:-1;IL13RA2:+1,False,0.4157218442932729
SIG_ATNF_7GENE,T_PROGECT_MH_W6,GSE212849_PROGECT,110,WNK2:+1;OCRL:+1;ASB7:-1;PCBP3:+1;AMPD2:+1;FAM155A:+1;IL13RA2:-1,False,0.3953136810279667
SIG_ATNF_7GENE,T_PROGECT_MH_W6,GSE212849_PROGECT,111,WNK2:+1;OCRL:+1;ASB7:-1;PCBP3:+1;AMPD2:+1;FAM155A:+1;IL13RA2:+1,False,0.31368102796674224
SIG_ATNF_7GENE,T_PROGECT_MH_W6,GSE212849_PROGECT,112,WNK2:+1;OCRL:+1;ASB7:+1;PCBP3:-1;AMPD2:-1;FAM155A:-1;IL13RA2:-1,True,0.7210884353741497
SIG_ATNF_7GENE,T_PROGECT_MH_W6,GSE212849_PROGECT,113,WNK2:+1;OCRL:+1;ASB7:+1;PCBP3:-1;AMPD2:-1;FAM155A:-1;IL13RA2:+1,False,0.7278911564625851
SIG_ATNF_7GENE,T_PROGECT_MH_W6,GSE212849_PROGECT,114,WNK2:+1;OCRL:+1;ASB7:+1;PCBP3:-1;AMPD2:-1;FAM155A:+1;IL13RA2:-1,False,0.72713529856387
SIG_ATNF_7GENE,T_PROGECT_MH_W6,GSE212849_PROGECT,115,WNK2:+1;OCRL:+1;ASB7:+1;PCBP3:-1;AMPD2:-1;FAM155A:+1;IL13RA2:+1,False,0.7150415721844292
SIG_ATNF_7GENE,T_PROGECT_MH_W6,GSE212849_PROGECT,116,WNK2:+1;OCRL:+1;ASB7:+1;PCBP3:-1;AMPD2:+1;FAM155A:-1;IL13RA2:-1,False,0.7120181405895691
SIG_ATNF_7GENE,T_PROGECT_MH_W6,GSE212849_PROGECT,117,WNK2:+1;OCRL:+1;ASB7:+1;PCBP3:-1;AMPD2:+1;FAM155A:-1;IL13RA2:+1,False,0.7067271352985639
SIG_ATNF_7GENE,T_PROGECT_MH_W6,GSE212849_PROGECT,118,WNK2:+1;OCRL:+1;ASB7:+1;PCBP3:-1;AMPD2:+1;FAM155A:+1;IL13RA2:-1,False,0.6795162509448224
SIG_ATNF_7GENE,T_PROGECT_MH_W6,GSE212849_PROGECT,119,WNK2:+1;OCRL:+1;ASB7:+1;PCBP3:-1;AMPD2:+1;FAM155A:+1;IL13RA2:+1,False,0.6145124716553289
SIG_ATNF_7GENE,T_PROGECT_MH_W6,GSE212849_PROGECT,120,WNK2:+1;OCRL:+1;ASB7:+1;PCBP3:+1;AMPD2:-1;FAM155A:-1;IL13RA2:-1,False,0.6840513983371127
SIG_ATNF_7GENE,T_PROGECT_MH_W6,GSE212849_PROGECT,121,WNK2:+1;OCRL:+1;ASB7:+1;PCBP3:+1;AMPD2:-1;FAM155A:-1;IL13RA2:+1,False,0.6568405139833711
SIG_ATNF_7GENE,T_PROGECT_MH_W6,GSE212849_PROGECT,122,WNK2:+1;OCRL:+1;ASB7:+1;PCBP3:+1;AMPD2:-1;FAM155A:+1;IL13RA2:-1,False,0.654572940287226
SIG_ATNF_7GENE,T_PROGECT_MH_W6,GSE212849_PROGECT,123,WNK2:+1;OCRL:+1;ASB7:+1;PCBP3:+1;AMPD2:-1;FAM155A:+1;IL13RA2:+1,False,0.5857898715041573
SIG_ATNF_7GENE,T_PROGECT_MH_W6,GSE212849_PROGECT,124,WNK2:+1;OCRL:+1;ASB7:+1;PCBP3:+1;AMPD2:+1;FAM155A:-1;IL13RA2:-1,False,0.6674225245653818
SIG_ATNF_7GENE,T_PROGECT_MH_W6,GSE212849_PROGECT,125,WNK2:+1;OCRL:+1;ASB7:+1;PCBP3:+1;AMPD2:+1;FAM155A:-1;IL13RA2:+1,False,0.5842781557067271
SIG_ATNF_7GENE,T_PROGECT_MH_W6,GSE212849_PROGECT,126,WNK2:+1;OCRL:+1;ASB7:+1;PCBP3:+1;AMPD2:+1;FAM155A:+1;IL13RA2:-1,False,0.5895691609977325
SIG_ATNF_7GENE,T_PROGECT_MH_W6,GSE212849_PROGECT,127,WNK2:+1;OCRL:+1;ASB7:+1;PCBP3:+1;AMPD2:+1;FAM155A:+1;IL13RA2:+1,False,0.41194255479969766
SIG_ATNF_7GENE,T_PURSUIT_CR_W6,GSE92415_PURSUIT,0,WNK2:-1;OCRL:-1;ASB7:-1;PCBP3:-1;AMPD2:-1;FAM155A:-1;IL13RA2:-1,False,0.5752314814814815
SIG_ATNF_7GENE,T_PURSUIT_CR_W6,GSE92415_PURSUIT,1,WNK2:-1;OCRL:-1;ASB7:-1;PCBP3:-1;AMPD2:-1;FAM155A:-1;IL13RA2:+1,False,0.363425925925926
SIG_ATNF_7GENE,T_PURSUIT_CR_W6,GSE92415_PURSUIT,2,WNK2:-1;OCRL:-1;ASB7:-1;PCBP3:-1;AMPD2:-1;FAM155A:+1;IL13RA2:-1,False,0.39699074074074076
SIG_ATNF_7GENE,T_PURSUIT_CR_W6,GSE92415_PURSUIT,3,WNK2:-1;OCRL:-1;ASB7:-1;PCBP3:-1;AMPD2:-1;FAM155A:+1;IL13RA2:+1,False,0.3113425925925926
SIG_ATNF_7GENE,T_PURSUIT_CR_W6,GSE92415_PURSUIT,4,WNK2:-1;OCRL:-1;ASB7:-1;PCBP3:-1;AMPD2:+1;FAM155A:-1;IL13RA2:-1,False,0.5740740740740741
SIG_ATNF_7GENE,T_PURSUIT_CR_W6,GSE92415_PURSUIT,5,WNK2:-1;OCRL:-1;ASB7:-1;PCBP3:-1;AMPD2:+1;FAM155A:-1;IL13RA2:+1,False,0.4537037037037037
SIG_ATNF_7GENE,T_PURSUIT_CR_W6,GSE92415_PURSUIT,6,WNK2:-1;OCRL:-1;ASB7:-1;PCBP3:-1;AMPD2:+1;FAM155A:+1;IL13RA2:-1,False,0.4560185185185185
SIG_ATNF_7GENE,T_PURSUIT_CR_W6,GSE92415_PURSUIT,7,WNK2:-1;OCRL:-1;ASB7:-1;PCBP3:-1;AMPD2:+1;FAM155A:+1;IL13RA2:+1,False,0.38310185185185186
SIG_ATNF_7GENE,T_PURSUIT_CR_W6,GSE92415_PURSUIT,8,WNK2:-1;OCRL:-1;ASB7:-1;PCBP3:+1;AMPD2:-1;FAM155A:-1;IL13RA2:-1,False,0.5243055555555556
SIG_ATNF_7GENE,T_PURSUIT_CR_W6,GSE92415_PURSUIT,9,WNK2:-1;OCRL:-1;ASB7:-1;PCBP3:+1;AMPD2:-1;FAM155A:-1;IL13RA2:+1,False,0.40625
SIG_ATNF_7GENE,T_PURSUIT_CR_W6,GSE92415_PURSUIT,10,WNK2:-1;OCRL:-1;ASB7:-1;PCBP3:+1;AMPD2:-1;FAM155A:+1;IL13RA2:-1,False,0.4097222222222223
SIG_ATNF_7GENE,T_PURSUIT_CR_W6,GSE92415_PURSUIT,11,WNK2:-1;OCRL:-1;ASB7:-1;PCBP3:+1;AMPD2:-1;FAM155A:+1;IL13RA2:+1,False,0.37384259259259256
SIG_ATNF_7GENE,T_PURSUIT_CR_W6,GSE92415_PURSUIT,12,WNK2:-1;OCRL:-1;ASB7:-1;PCBP3:+1;AMPD2:+1;FAM155A:-1;IL13RA2:-1,False,0.5243055555555556
SIG_ATNF_7GENE,T_PURSUIT_CR_W6,GSE92415_PURSUIT,13,WNK2:-1;OCRL:-1;ASB7:-1;PCBP3:+1;AMPD2:+1;FAM155A:-1;IL13RA2:+1,False,0.4386574074074074
SIG_ATNF_7GENE,T_PURSUIT_CR_W6,GSE92415_PURSUIT,14,WNK2:-1;OCRL:-1;ASB7:-1;PCBP3:+1;AMPD2:+1;FAM155A:+1;IL13RA2:-1,False,0.4363425925925926
SIG_ATNF_7GENE,T_PURSUIT_CR_W6,GSE92415_PURSUIT,15,WNK2:-1;OCRL:-1;ASB7:-1;PCBP3:+1;AMPD2:+1;FAM155A:+1;IL13RA2:+1,False,0.39583333333333337
SIG_ATNF_7GENE,T_PURSUIT_CR_W6,GSE92415_PURSUIT,16,WNK2:-1;OCRL:-1;ASB7:+1;PCBP3:-1;AMPD2:-1;FAM155A:-1;IL13RA2:-1,False,0.548611111111111
SIG_ATNF_7GENE,T_PURSUIT_CR_W6,GSE92415_PURSUIT,17,WNK2:-1;OCRL:-1;ASB7:+1;PCBP3:-1;AMPD2:-1;FAM155A:-1;IL13RA2:+1,False,0.43518518518518523
SIG_ATNF_7GENE,T_PURSUIT_CR_W6,GSE92415_PURSUIT,18,WNK2:-1;OCRL:-1;ASB7:+1;PCBP3:-1;AMPD2:-1;FAM155A:+1;IL13RA2:-1,False,0.462962962962963
SIG_ATNF_7GENE,T_PURSUIT_CR_W6,GSE92415_PURSUIT,19,WNK2:-1;OCRL:-1;ASB7:+1;PCBP3:-1;AMPD2:-1;FAM155A:+1;IL13RA2:+1,False,0.3148148148148148
SIG_ATNF_7GENE,T_PURSUIT_CR_W6,GSE92415_PURSUIT,20,WNK2:-1;OCRL:-1;ASB7:+1;PCBP3:-1;AMPD2:+1;FAM155A:-1;IL13RA2:-1,False,0.5567129629629629
SIG_ATNF_7GENE,T_PURSUIT_CR_W6,GSE92415_PURSUIT,21,WNK2:-1;OCRL:-1;ASB7:+1;PCBP3:-1;AMPD2:+1;FAM155A:-1;IL13RA2:+1,False,0.4224537037037037
SIG_ATNF_7GENE,T_PURSUIT_CR_W6,GSE92415_PURSUIT,22,WNK2:-1;OCRL:-1;ASB7:+1;PCBP3:-1;AMPD2:+1;FAM155A:+1;IL13RA2:-1,False,0.4699074074074074
SIG_ATNF_7GENE,T_PURSUIT_CR_W6,GSE92415_PURSUIT,23,WNK2:-1;OCRL:-1;ASB7:+1;PCBP3:-1;AMPD2:+1;FAM155A:+1;IL13RA2:+1,False,0.34837962962962965
SIG_ATNF_7GENE,T_PURSUIT_CR_W6,GSE92415_PURSUIT,24,WNK2:-1;OCRL:-1;ASB7:+1;PCBP3:+1;AMPD2:-1;FAM155A:-1;IL13RA2:-1,False,0.5462962962962963
SIG_ATNF_7GENE,T_PURSUIT_CR_W6,GSE92415_PURSUIT,25,WNK2:-1;OCRL:-1;ASB7:+1;PCBP3:+1;AMPD2:-1;FAM155A:-1;IL13RA2:+1,False,0.4201388888888889
SIG_ATNF_7GENE,T_PURSUIT_CR_W6,GSE92415_PURSUIT,26,WNK2:-1;OCRL:-1;ASB7:+1;PCBP3:+1;AMPD2:-1;FAM155A:+1;IL13RA2:-1,False,0.42476851851851855
SIG_ATNF_7GENE,T_PURSUIT_CR_W6,GSE92415_PURSUIT,27,WNK2:-1;OCRL:-1;ASB7:+1;PCBP3:+1;AMPD2:-1;FAM155A:+1;IL13RA2:+1,False,0.34953703703703703
SIG_ATNF_7GENE,T_PURSUIT_CR_W6,GSE92415_PURSUIT,28,WNK2:-1;OCRL:-1;ASB7:+1;PCBP3:+1;AMPD2:+1;FAM155A:-1;IL13RA2:-1,False,0.5659722222222222
SIG_ATNF_7GENE,T_PURSUIT_CR_W6,GSE92415_PURSUIT,29,WNK2:-1;OCRL:-1;ASB7:+1;PCBP3:+1;AMPD2:+1;FAM155A:-1;IL13RA2:+1,False,0.43287037037037035
SIG_ATNF_7GENE,T_PURSUIT_CR_W6,GSE92415_PURSUIT,30,WNK2:-1;OCRL:-1;ASB7:+1;PCBP3:+1;AMPD2:+1;FAM155A:+1;IL13RA2:-1,False,0.43634259259259267
SIG_ATNF_7GENE,T_PURSUIT_CR_W6,GSE92415_PURSUIT,31,WNK2:-1;OCRL:-1;ASB7:+1;PCBP3:+1;AMPD2:+1;FAM155A:+1;IL13RA2:+1,False,0.37847222222222227
SIG_ATNF_7GENE,T_PURSUIT_CR_W6,GSE92415_PURSUIT,32,WNK2:-1;OCRL:+1;ASB7:-1;PCBP3:-1;AMPD2:-1;FAM155A:-1;IL13RA2:-1,False,0.59375
SIG_ATNF_7GENE,T_PURSUIT_CR_W6,GSE92415_PURSUIT,33,WNK2:-1;OCRL:+1;ASB7:-1;PCBP3:-1;AMPD2:-1;FAM155A:-1;IL13RA2:+1,False,0.4513888888888889
SIG_ATNF_7GENE,T_PURSUIT_CR_W6,GSE92415_PURSUIT,34,WNK2:-1;OCRL:+1;ASB7:-1;PCBP3:-1;AMPD2:-1;FAM155A:+1;IL13RA2:-1,False,0.48611111111111116
SIG_ATNF_7GENE,T_PURSUIT_CR_W6,GSE92415_PURSUIT,35,WNK2:-1;OCRL:+1;ASB7:-1;PCBP3:-1;AMPD2:-1;FAM155A:+1;IL13RA2:+1,False,0.32407407407407407
SIG_ATNF_7GENE,T_PURSUIT_CR_W6,GSE92415_PURSUIT,36,WNK2:-1;OCRL:+1;ASB7:-1;PCBP3:-1;AMPD2:+1;FAM155A:-1;IL13RA2:-1,False,0.6238425925925926
SIG_ATNF_7GENE,T_PURSUIT_CR_W6,GSE92415_PURSUIT,37,WNK2:-1;OCRL:+1;ASB7:-1;PCBP3:-1;AMPD2:+1;FAM155A:-1;IL13RA2:+1,False,0.43287037037037035
SIG_ATNF_7GENE,T_PURSUIT_CR_W6,GSE92415_PURSUIT,38,WNK2:-1;OCRL:+1;ASB7:-1;PCBP3:-1;AMPD2:+1;FAM155A:+1;IL13RA2:-1,False,0.45601851851851855
SIG_ATNF_7GENE,T_PURSUIT_CR_W6,GSE92415_PURSUIT,39,WNK2:-1;OCRL:+1;ASB7:-1;PCBP3:-1;AMPD2:+1;FAM155A:+1;IL13RA2:+1,False,0.35185185185185186
SIG_ATNF_7GENE,T_PURSUIT_CR_W6,GSE92415_PURSUIT,40,WNK2:-1;OCRL:+1;ASB7:-1;PCBP3:+1;AMPD2:-1;FAM155A:-1;IL13RA2:-1,False,0.5902777777777778
SIG_ATNF_7GENE,T_PURSUIT_CR_W6,GSE92415_PURSUIT,41,WNK2:-1;OCRL:+1;ASB7:-1;PCBP3:+1;AMPD2:-1;FAM155A:-1;IL13RA2:+1,False,0.41087962962962965
SIG_ATNF_7GENE,T_PURSUIT_CR_W6,GSE92415_PURSUIT,42,WNK2:-1;OCRL:+1;ASB7:-1;PCBP3:+1;AMPD2:-1;FAM155A:+1;IL13RA2:-1,False,0.4594907407407408
SIG_ATNF_7GENE,T_PURSUIT_CR_W6,GSE92415_PURSUIT,43,WNK2:-1;OCRL:+1;ASB7:-1;PCBP3:+1;AMPD2:-1;FAM155A:+1;IL13RA2:+1,False,0.3483796296296296
SIG_ATNF_7GENE,T_PURSUIT_CR_W6,GSE92415_PURSUIT,44,WNK2:-1;OCRL:+1;ASB7:-1;PCBP3:+1;AMPD2:+1;FAM155A:-1;IL13RA2:-1,False,0.6030092592592593
SIG_ATNF_7GENE,T_PURSUIT_CR_W6,GSE92415_PURSUIT,45,WNK2:-1;OCRL:+1;ASB7:-1;PCBP3:+1;AMPD2:+1;FAM155A:-1;IL13RA2:+1,False,0.4212962962962963
SIG_ATNF_7GENE,T_PURSUIT_CR_W6,GSE92415_PURSUIT,46,WNK2:-1;OCRL:+1;ASB7:-1;PCBP3:+1;AMPD2:+1;FAM155A:+1;IL13RA2:-1,False,0.46064814814814814
SIG_ATNF_7GENE,T_PURSUIT_CR_W6,GSE92415_PURSUIT,47,WNK2:-1;OCRL:+1;ASB7:-1;PCBP3:+1;AMPD2:+1;FAM155A:+1;IL13RA2:+1,False,0.38888888888888884
SIG_ATNF_7GENE,T_PURSUIT_CR_W6,GSE92415_PURSUIT,48,WNK2:-1;OCRL:+1;ASB7:+1;PCBP3:-1;AMPD2:-1;FAM155A:-1;IL13RA2:-1,False,0.5532407407407408
SIG_ATNF_7GENE,T_PURSUIT_CR_W6,GSE92415_PURSUIT,49,WNK2:-1;OCRL:+1;ASB7:+1;PCBP3:-1;AMPD2:-1;FAM155A:-1;IL13RA2:+1,False,0.4803240740740742
SIG_ATNF_7GENE,T_PURSUIT_CR_W6,GSE92415_PURSUIT,50,WNK2:-1;OCRL:+1;ASB7:+1;PCBP3:-1;AMPD2:-1;FAM155A:+1;IL13RA2:-1,False,0.4907407407407408
SIG_ATNF_7GENE,T_PURSUIT_CR_W6,GSE92415_PURSUIT,51,WNK2:-1;OCRL:+1;ASB7:+1;PCBP3:-1;AMPD2:-1;FAM155A:+1;IL13RA2:+1,False,0.3680555555555556
SIG_ATNF_7GENE,T_PURSUIT_CR_W6,GSE92415_PURSUIT,52,WNK2:-1;OCRL:+1;ASB7:+1;PCBP3:-1;AMPD2:+1;FAM155A:-1;IL13RA2:-1,False,0.5810185185185185
SIG_ATNF_7GENE,T_PURSUIT_CR_W6,GSE92415_PURSUIT,53,WNK2:-1;OCRL:+1;ASB7:+1;PCBP3:-1;AMPD2:+1;FAM155A:-1;IL13RA2:+1,False,0.4594907407407407
SIG_ATNF_7GENE,T_PURSUIT_CR_W6,GSE92415_PURSUIT,54,WNK2:-1;OCRL:+1;ASB7:+1;PCBP3:-1;AMPD2:+1;FAM155A:+1;IL13RA2:-1,False,0.4965277777777778
SIG_ATNF_7GENE,T_PURSUIT_CR_W6,GSE92415_PURSUIT,55,WNK2:-1;OCRL:+1;ASB7:+1;PCBP3:-1;AMPD2:+1;FAM155A:+1;IL13RA2:+1,False,0.33217592592592593
SIG_ATNF_7GENE,T_PURSUIT_CR_W6,GSE92415_PURSUIT,56,WNK2:-1;OCRL:+1;ASB7:+1;PCBP3:+1;AMPD2:-1;FAM155A:-1;IL13RA2:-1,False,0.5474537037037037
SIG_ATNF_7GENE,T_PURSUIT_CR_W6,GSE92415_PURSUIT,57,WNK2:-1;OCRL:+1;ASB7:+1;PCBP3:+1;AMPD2:-1;FAM155A:-1;IL13RA2:+1,False,0.44560185185185186
SIG_ATNF_7GENE,T_PURSUIT_CR_W6,GSE92415_PURSUIT,58,WNK2:-1;OCRL:+1;ASB7:+1;PCBP3:+1;AMPD2:-1;FAM155A:+1;IL13RA2:-1,False,0.4641203703703704
SIG_ATNF_7GENE,T_PURSUIT_CR_W6,GSE92415_PURSUIT,59,WNK2:-1;OCRL:+1;ASB7:+1;PCBP3:+1;AMPD2:-1;FAM155A:+1;IL13RA2:+1,False,0.3518518518518519
SIG_ATNF_7GENE,T_PURSUIT_CR_W6,GSE92415_PURSUIT,60,WNK2:-1;OCRL:+1;ASB7:+1;PCBP3:+1;AMPD2:+1;FAM155A:-1;IL13RA2:-1,False,0.6527777777777778
SIG_ATNF_7GENE,T_PURSUIT_CR_W6,GSE92415_PURSUIT,61,WNK2:-1;OCRL:+1;ASB7:+1;PCBP3:+1;AMPD2:+1;FAM155A:-1;IL13RA2:+1,False,0.4074074074074074
SIG_ATNF_7GENE,T_PURSUIT_CR_W6,GSE92415_PURSUIT,62,WNK2:-1;OCRL:+1;ASB7:+1;PCBP3:+1;AMPD2:+1;FAM155A:+1;IL13RA2:-1,False,0.4780092592592593
SIG_ATNF_7GENE,T_PURSUIT_CR_W6,GSE92415_PURSUIT,63,WNK2:-1;OCRL:+1;ASB7:+1;PCBP3:+1;AMPD2:+1;FAM155A:+1;IL13RA2:+1,False,0.3738425925925926
SIG_ATNF_7GENE,T_PURSUIT_CR_W6,GSE92415_PURSUIT,64,WNK2:+1;OCRL:-1;ASB7:-1;PCBP3:-1;AMPD2:-1;FAM155A:-1;IL13RA2:-1,False,0.6261574074074074
SIG_ATNF_7GENE,T_PURSUIT_CR_W6,GSE92415_PURSUIT,65,WNK2:+1;OCRL:-1;ASB7:-1;PCBP3:-1;AMPD2:-1;FAM155A:-1;IL13RA2:+1,False,0.5219907407407408
SIG_ATNF_7GENE,T_PURSUIT_CR_W6,GSE92415_PURSUIT,66,WNK2:+1;OCRL:-1;ASB7:-1;PCBP3:-1;AMPD2:-1;FAM155A:+1;IL13RA2:-1,False,0.5925925925925926
SIG_ATNF_7GENE,T_PURSUIT_CR_W6,GSE92415_PURSUIT,67,WNK2:+1;OCRL:-1;ASB7:-1;PCBP3:-1;AMPD2:-1;FAM155A:+1;IL13RA2:+1,False,0.3472222222222222
SIG_ATNF_7GENE,T_PURSUIT_CR_W6,GSE92415_PURSUIT,68,WNK2:+1;OCRL:-1;ASB7:-1;PCBP3:-1;AMPD2:+1;FAM155A:-1;IL13RA2:-1,False,0.6481481481481481
SIG_ATNF_7GENE,T_PURSUIT_CR_W6,GSE92415_PURSUIT,69,WNK2:+1;OCRL:-1;ASB7:-1;PCBP3:-1;AMPD2:+1;FAM155A:-1;IL13RA2:+1,False,0.5358796296296297
SIG_ATNF_7GENE,T_PURSUIT_CR_W6,GSE92415_PURSUIT,70,WNK2:+1;OCRL:-1;ASB7:-1;PCBP3:-1;AMPD2:+1;FAM155A:+1;IL13RA2:-1,False,0.5543981481481481
SIG_ATNF_7GENE,T_PURSUIT_CR_W6,GSE92415_PURSUIT,71,WNK2:+1;OCRL:-1;ASB7:-1;PCBP3:-1;AMPD2:+1;FAM155A:+1;IL13RA2:+1,False,0.4525462962962963
SIG_ATNF_7GENE,T_PURSUIT_CR_W6,GSE92415_PURSUIT,72,WNK2:+1;OCRL:-1;ASB7:-1;PCBP3:+1;AMPD2:-1;FAM155A:-1;IL13RA2:-1,False,0.6678240740740741
SIG_ATNF_7GENE,T_PURSUIT_CR_W6,GSE92415_PURSUIT,73,WNK2:+1;OCRL:-1;ASB7:-1;PCBP3:+1;AMPD2:-1;FAM155A:-1;IL13RA2:+1,False,0.5034722222222222
SIG_ATNF_7GENE,T_PURSUIT_CR_W6,GSE92415_PURSUIT,74,WNK2:+1;OCRL:-1;ASB7:-1;PCBP3:+1;AMPD2:-1;FAM155A:+1;IL13RA2:-1,False,0.5405092592592593
SIG_ATNF_7GENE,T_PURSUIT_CR_W6,GSE92415_PURSUIT,75,WNK2:+1;OCRL:-1;ASB7:-1;PCBP3:+1;AMPD2:-1;FAM155A:+1;IL13RA2:+1,False,0.4189814814814815
SIG_ATNF_7GENE,T_PURSUIT_CR_W6,GSE92415_PURSUIT,76,WNK2:+1;OCRL:-1;ASB7:-1;PCBP3:+1;AMPD2:+1;FAM155A:-1;IL13RA2:-1,False,0.6319444444444444
SIG_ATNF_7GENE,T_PURSUIT_CR_W6,GSE92415_PURSUIT,77,WNK2:+1;OCRL:-1;ASB7:-1;PCBP3:+1;AMPD2:+1;FAM155A:-1;IL13RA2:+1,False,0.5092592592592593
SIG_ATNF_7GENE,T_PURSUIT_CR_W6,GSE92415_PURSUIT,78,WNK2:+1;OCRL:-1;ASB7:-1;PCBP3:+1;AMPD2:+1;FAM155A:+1;IL13RA2:-1,False,0.5196759259259259
SIG_ATNF_7GENE,T_PURSUIT_CR_W6,GSE92415_PURSUIT,79,WNK2:+1;OCRL:-1;ASB7:-1;PCBP3:+1;AMPD2:+1;FAM155A:+1;IL13RA2:+1,False,0.4467592592592593
SIG_ATNF_7GENE,T_PURSUIT_CR_W6,GSE92415_PURSUIT,80,WNK2:+1;OCRL:-1;ASB7:+1;PCBP3:-1;AMPD2:-1;FAM155A:-1;IL13RA2:-1,False,0.6111111111111112
SIG_ATNF_7GENE,T_PURSUIT_CR_W6,GSE92415_PURSUIT,81,WNK2:+1;OCRL:-1;ASB7:+1;PCBP3:-1;AMPD2:-1;FAM155A:-1;IL13RA2:+1,False,0.5393518518518519
SIG_ATNF_7GENE,T_PURSUIT_CR_W6,GSE92415_PURSUIT,82,WNK2:+1;OCRL:-1;ASB7:+1;PCBP3:-1;AMPD2:-1;FAM155A:+1;IL13RA2:-1,False,0.5787037037037037
SIG_ATNF_7GENE,T_PURSUIT_CR_W6,GSE92415_PURSUIT,83,WNK2:+1;OCRL:-1;ASB7:+1;PCBP3:-1;AMPD2:-1;FAM155A:+1;IL13RA2:+1,False,0.3969907407407407
SIG_ATNF_7GENE,T_PURSUIT_CR_W6,GSE92415_PURSUIT,84,WNK2:+1;OCRL:-1;ASB7:+1;PCBP3:-1;AMPD2:+1;FAM155A:-1;IL13RA2:-1,False,0.6516203703703703
SIG_ATNF_7GENE,T_PURSUIT_CR_W6,GSE92415_PURSUIT,85,WNK2:+1;OCRL:-1;ASB7:+1;PCBP3:-1;AMPD2:+1;FAM155A:-1;IL13RA2:+1,False,0.5405092592592593
SIG_ATNF_7GENE,T_PURSUIT_CR_W6,GSE92415_PURSUIT,86,WNK2:+1;OCRL:-1;ASB7:+1;PCBP3:-1;AMPD2:+1;FAM155A:+1;IL13RA2:-1,False,0.5891203703703705
SIG_ATNF_7GENE,T_PURSUIT_CR_W6,GSE92415_PURSUIT,87,WNK2:+1;OCRL:-1;ASB7:+1;PCBP3:-1;AMPD2:+1;FAM155A:+1;IL13RA2:+1,False,0.40972222222222227
SIG_ATNF_7GENE,T_PURSUIT_CR_W6,GSE92415_PURSUIT,88,WNK2:+1;OCRL:-1;ASB7:+1;PCBP3:+1;AMPD2:-1;FAM155A:-1;IL13RA2:-1,False,0.6481481481481481
SIG_ATNF_7GENE,T_PURSUIT_CR_W6,GSE92415_PURSUIT,89,WNK2:+1;OCRL:-1;ASB7:+1;PCBP3:+1;AMPD2:-1;FAM155A:-1;IL13RA2:+1,False,0.5439814814814815
SIG_ATNF_7GENE,T_PURSUIT_CR_W6,GSE92415_PURSUIT,90,WNK2:+1;OCRL:-1;ASB7:+1;PCBP3:+1;AMPD2:-1;FAM155A:+1;IL13RA2:-1,False,0.5671296296296297
SIG_ATNF_7GENE,T_PURSUIT_CR_W6,GSE92415_PURSUIT,91,WNK2:+1;OCRL:-1;ASB7:+1;PCBP3:+1;AMPD2:-1;FAM155A:+1;IL13RA2:+1,False,0.37615740740740744
SIG_ATNF_7GENE,T_PURSUIT_CR_W6,GSE92415_PURSUIT,92,WNK2:+1;OCRL:-1;ASB7:+1;PCBP3:+1;AMPD2:+1;FAM155A:-1;IL13RA2:-1,False,0.6759259259259259
SIG_ATNF_7GENE,T_PURSUIT_CR_W6,GSE92415_PURSUIT,93,WNK2:+1;OCRL:-1;ASB7:+1;PCBP3:+1;AMPD2:+1;FAM155A:-1;IL13RA2:+1,False,0.5138888888888888
SIG_ATNF_7GENE,T_PURSUIT_CR_W6,GSE92415_PURSUIT,94,WNK2:+1;OCRL:-1;ASB7:+1;PCBP3:+1;AMPD2:+1;FAM155A:+1;IL13RA2:-1,False,0.5486111111111112
SIG_ATNF_7GENE,T_PURSUIT_CR_W6,GSE92415_PURSUIT,95,WNK2:+1;OCRL:-1;ASB7:+1;PCBP3:+1;AMPD2:+1;FAM155A:+1;IL13RA2:+1,False,0.40625
SIG_ATNF_7GENE,T_PURSUIT_CR_W6,GSE92415_PURSUIT,96,WNK2:+1;OCRL:+1;ASB7:-1;PCBP3:-1;AMPD2:-1;FAM155A:-1;IL13RA2:-1,False,0.6215277777777778
SIG_ATNF_7GENE,T_PURSUIT_CR_W6,GSE92415_PURSUIT,97,WNK2:+1;OCRL:+1;ASB7:-1;PCBP3:-1;AMPD2:-1;FAM155A:-1;IL13RA2:+1,False,0.5636574074074074
SIG_ATNF_7GENE,T_PURSUIT_CR_W6,GSE92415_PURSUIT,98,WNK2:+1;OCRL:+1;ASB7:-1;PCBP3:-1;AMPD2:-1;FAM155A:+1;IL13RA2:-1,False,0.5671296296296297
SIG_ATNF_7GENE,T_PURSUIT_CR_W6,GSE92415_PURSUIT,99,WNK2:+1;OCRL:+1;ASB7:-1;PCBP3:-1;AMPD2:-1;FAM155A:+1;IL13RA2:+1,False,0.4340277777777778
SIG_ATNF_7GENE,T_PURSUIT_CR_W6,GSE92415_PURSUIT,100,WNK2:+1;OCRL:+1;ASB7:-1;PCBP3:-1;AMPD2:+1;FAM155A:-1;IL13RA2:-1,False,0.650462962962963
SIG_ATNF_7GENE,T_PURSUIT_CR_W6,GSE92415_PURSUIT,101,WNK2:+1;OCRL:+1;ASB7:-1;PCBP3:-1;AMPD2:+1;FAM155A:-1;IL13RA2:+1,False,0.5752314814814815
SIG_ATNF_7GENE,T_PURSUIT_CR_W6,GSE92415_PURSUIT,102,WNK2:+1;OCRL:+1;ASB7:-1;PCBP3:-1;AMPD2:+1;FAM155A:+1;IL13RA2:-1,False,0.5798611111111112
SIG_ATNF_7GENE,T_PURSUIT_CR_W6,GSE92415_PURSUIT,103,WNK2:+1;OCRL:+1;ASB7:-1;PCBP3:-1;AMPD2:+1;FAM155A:+1;IL13RA2:+1,False,0.4537037037037037
SIG_ATNF_7GENE,T_PURSUIT_CR_W6,GSE92415_PURSUIT,104,WNK2:+1;OCRL:+1;ASB7:-1;PCBP3:+1;AMPD2:-1;FAM155A:-1;IL13RA2:-1,False,0.6516203703703703
SIG_ATNF_7GENE,T_PURSUIT_CR_W6,GSE92415_PURSUIT,105,WNK2:+1;OCRL:+1;ASB7:-1;PCBP3:+1;AMPD2:-1;FAM155A:-1;IL13RA2:+1,False,0.5300925925925926
SIG_ATNF_7GENE,T_PURSUIT_CR_W6,GSE92415_PURSUIT,106,WNK2:+1;OCRL:+1;ASB7:-1;PCBP3:+1;AMPD2:-1;FAM155A:+1;IL13RA2:-1,False,0.5775462962962963
SIG_ATNF_7GENE,T_PURSUIT_CR_W6,GSE92415_PURSUIT,107,WNK2:+1;OCRL:+1;ASB7:-1;PCBP3:+1;AMPD2:-1;FAM155A:+1;IL13RA2:+1,False,0.4432870370370371
SIG_ATNF_7GENE,T_PURSUIT_CR_W6,GSE92415_PURSUIT,108,WNK2:+1;OCRL:+1;ASB7:-1;PCBP3:+1;AMPD2:+1;FAM155A:-1;IL13RA2:-1,False,0.6851851851851851
SIG_ATNF_7GENE,T_PURSUIT_CR_W6,GSE92415_PURSUIT,109,WNK2:+1;OCRL:+1;ASB7:-1;PCBP3:+1;AMPD2:+1;FAM155A:-1;IL13RA2:+1,False,0.537037037037037
SIG_ATNF_7GENE,T_PURSUIT_CR_W6,GSE92415_PURSUIT,110,WNK2:+1;OCRL:+1;ASB7:-1;PCBP3:+1;AMPD2:+1;FAM155A:+1;IL13RA2:-1,False,0.5648148148148148
SIG_ATNF_7GENE,T_PURSUIT_CR_W6,GSE92415_PURSUIT,111,WNK2:+1;OCRL:+1;ASB7:-1;PCBP3:+1;AMPD2:+1;FAM155A:+1;IL13RA2:+1,False,0.45138888888888895
SIG_ATNF_7GENE,T_PURSUIT_CR_W6,GSE92415_PURSUIT,112,WNK2:+1;OCRL:+1;ASB7:+1;PCBP3:-1;AMPD2:-1;FAM155A:-1;IL13RA2:-1,True,0.6041666666666666
SIG_ATNF_7GENE,T_PURSUIT_CR_W6,GSE92415_PURSUIT,113,WNK2:+1;OCRL:+1;ASB7:+1;PCBP3:-1;AMPD2:-1;FAM155A:-1;IL13RA2:+1,False,0.5636574074074073
SIG_ATNF_7GENE,T_PURSUIT_CR_W6,GSE92415_PURSUIT,114,WNK2:+1;OCRL:+1;ASB7:+1;PCBP3:-1;AMPD2:-1;FAM155A:+1;IL13RA2:-1,False,0.5613425925925926
SIG_ATNF_7GENE,T_PURSUIT_CR_W6,GSE92415_PURSUIT,115,WNK2:+1;OCRL:+1;ASB7:+1;PCBP3:-1;AMPD2:-1;FAM155A:+1;IL13RA2:+1,False,0.4756944444444445
SIG_ATNF_7GENE,T_PURSUIT_CR_W6,GSE92415_PURSUIT,116,WNK2:+1;OCRL:+1;ASB7:+1;PCBP3:-1;AMPD2:+1;FAM155A:-1;IL13RA2:-1,False,0.6261574074074074
SIG_ATNF_7GENE,T_PURSUIT_CR_W6,GSE92415_PURSUIT,117,WNK2:+1;OCRL:+1;ASB7:+1;PCBP3:-1;AMPD2:+1;FAM155A:-1;IL13RA2:+1,False,0.5902777777777778
SIG_ATNF_7GENE,T_PURSUIT_CR_W6,GSE92415_PURSUIT,118,WNK2:+1;OCRL:+1;ASB7:+1;PCBP3:-1;AMPD2:+1;FAM155A:+1;IL13RA2:-1,False,0.5937500000000001
SIG_ATNF_7GENE,T_PURSUIT_CR_W6,GSE92415_PURSUIT,119,WNK2:+1;OCRL:+1;ASB7:+1;PCBP3:-1;AMPD2:+1;FAM155A:+1;IL13RA2:+1,False,0.4756944444444445
SIG_ATNF_7GENE,T_PURSUIT_CR_W6,GSE92415_PURSUIT,120,WNK2:+1;OCRL:+1;ASB7:+1;PCBP3:+1;AMPD2:-1;FAM155A:-1;IL13RA2:-1,False,0.6168981481481481
SIG_ATNF_7GENE,T_PURSUIT_CR_W6,GSE92415_PURSUIT,121,WNK2:+1;OCRL:+1;ASB7:+1;PCBP3:+1;AMPD2:-1;FAM155A:-1;IL13RA2:+1,False,0.5439814814814814
SIG_ATNF_7GENE,T_PURSUIT_CR_W6,GSE92415_PURSUIT,122,WNK2:+1;OCRL:+1;ASB7:+1;PCBP3:+1;AMPD2:-1;FAM155A:+1;IL13RA2:-1,False,0.5462962962962963
SIG_ATNF_7GENE,T_PURSUIT_CR_W6,GSE92415_PURSUIT,123,WNK2:+1;OCRL:+1;ASB7:+1;PCBP3:+1;AMPD2:-1;FAM155A:+1;IL13RA2:+1,False,0.42592592592592593
SIG_ATNF_7GENE,T_PURSUIT_CR_W6,GSE92415_PURSUIT,124,WNK2:+1;OCRL:+1;ASB7:+1;PCBP3:+1;AMPD2:+1;FAM155A:-1;IL13RA2:-1,False,0.6886574074074074
SIG_ATNF_7GENE,T_PURSUIT_CR_W6,GSE92415_PURSUIT,125,WNK2:+1;OCRL:+1;ASB7:+1;PCBP3:+1;AMPD2:+1;FAM155A:-1;IL13RA2:+1,False,0.6030092592592593
SIG_ATNF_7GENE,T_PURSUIT_CR_W6,GSE92415_PURSUIT,126,WNK2:+1;OCRL:+1;ASB7:+1;PCBP3:+1;AMPD2:+1;FAM155A:+1;IL13RA2:-1,False,0.6365740740740741
SIG_ATNF_7GENE,T_PURSUIT_CR_W6,GSE92415_PURSUIT,127,WNK2:+1;OCRL:+1;ASB7:+1;PCBP3:+1;AMPD2:+1;FAM155A:+1;IL13RA2:+1,False,0.42476851851851855
SIG_ATNF_7GENE,T_UNIFI_MH_W8,GSE206285_UNIFI,0,WNK2:-1;OCRL:-1;ASB7:-1;PCBP3:-1;AMPD2:-1;FAM155A:-1;IL13RA2:-1,False,0.5846144749290445
SIG_ATNF_7GENE,T_UNIFI_MH_W8,GSE206285_UNIFI,1,WNK2:-1;OCRL:-1;ASB7:-1;PCBP3:-1;AMPD2:-1;FAM155A:-1;IL13RA2:+1,False,0.4463694418164617
SIG_ATNF_7GENE,T_UNIFI_MH_W8,GSE206285_UNIFI,2,WNK2:-1;OCRL:-1;ASB7:-1;PCBP3:-1;AMPD2:-1;FAM155A:+1;IL13RA2:-1,False,0.4218306527909177
SIG_ATNF_7GENE,T_UNIFI_MH_W8,GSE206285_UNIFI,3,WNK2:-1;OCRL:-1;ASB7:-1;PCBP3:-1;AMPD2:-1;FAM155A:+1;IL13RA2:+1,False,0.3006740775780511
SIG_ATNF_7GENE,T_UNIFI_MH_W8,GSE206285_UNIFI,4,WNK2:-1;OCRL:-1;ASB7:-1;PCBP3:-1;AMPD2:+1;FAM155A:-1;IL13RA2:-1,False,0.43176442762535483
SIG_ATNF_7GENE,T_UNIFI_MH_W8,GSE206285_UNIFI,5,WNK2:-1;OCRL:-1;ASB7:-1;PCBP3:-1;AMPD2:+1;FAM155A:-1;IL13RA2:+1,False,0.31864947965941337
SIG_ATNF_7GENE,T_UNIFI_MH_W8,GSE206285_UNIFI,6,WNK2:-1;OCRL:-1;ASB7:-1;PCBP3:-1;AMPD2:+1;FAM155A:+1;IL13RA2:-1,False,0.31078524124881746
SIG_ATNF_7GENE,T_UNIFI_MH_W8,GSE206285_UNIFI,7,WNK2:-1;OCRL:-1;ASB7:-1;PCBP3:-1;AMPD2:+1;FAM155A:+1;IL13RA2:+1,False,0.26708845789971614
SIG_ATNF_7GENE,T_UNIFI_MH_W8,GSE206285_UNIFI,8,WNK2:-1;OCRL:-1;ASB7:-1;PCBP3:+1;AMPD2:-1;FAM155A:-1;IL13RA2:-1,False,0.5183301797540207
SIG_ATNF_7GENE,T_UNIFI_MH_W8,GSE206285_UNIFI,9,WNK2:-1;OCRL:-1;ASB7:-1;PCBP3:+1;AMPD2:-1;FAM155A:-1;IL13RA2:+1,False,0.39605014191106913
SIG_ATNF_7GENE,T_UNIFI_MH_W8,GSE206285_UNIFI,10,WNK2:-1;OCRL:-1;ASB7:-1;PCBP3:+1;AMPD2:-1;FAM155A:+1;IL13RA2:-1,False,0.37440870387890257
SIG_ATNF_7GENE,T_UNIFI_MH_W8,GSE206285_UNIFI,11,WNK2:-1;OCRL:-1;ASB7:-1;PCBP3:+1;AMPD2:-1;FAM155A:+1;IL13RA2:+1,False,0.31770340586565754
SIG_ATNF_7GENE,T_UNIFI_MH_W8,GSE206285_UNIFI,12,WNK2:-1;OCRL:-1;ASB7:-1;PCBP3:+1;AMPD2:+1;FAM155A:-1;IL13RA2:-1,False,0.3899006622516556
SIG_ATNF_7GENE,T_UNIFI_MH_W8,GSE206285_UNIFI,13,WNK2:-1;OCRL:-1;ASB7:-1;PCBP3:+1;AMPD2:+1;FAM155A:-1;IL13RA2:+1,False,0.33431882686849573
SIG_ATNF_7GENE,T_UNIFI_MH_W8,GSE206285_UNIFI,14,WNK2:-1;OCRL:-1;ASB7:-1;PCBP3:+1;AMPD2:+1;FAM155A:+1;IL13RA2:-1,False,0.31764427625354774
SIG_ATNF_7GENE,T_UNIFI_MH_W8,GSE206285_UNIFI,15,WNK2:-1;OCRL:-1;ASB7:-1;PCBP3:+1;AMPD2:+1;FAM155A:+1;IL13RA2:+1,False,0.2906811731315042
SIG_ATNF_7GENE,T_UNIFI_MH_W8,GSE206285_UNIFI,16,WNK2:-1;OCRL:-1;ASB7:+1;PCBP3:-1;AMPD2:-1;FAM155A:-1;IL13RA2:-1,False,0.6100993377483444
SIG_ATNF_7GENE,T_UNIFI_MH_W8,GSE206285_UNIFI,17,WNK2:-1;OCRL:-1;ASB7:+1;PCBP3:-1;AMPD2:-1;FAM155A:-1;IL13RA2:+1,False,0.5029564806054871
SIG_ATNF_7GENE,T_UNIFI_MH_W8,GSE206285_UNIFI,18,WNK2:-1;OCRL:-1;ASB7:+1;PCBP3:-1;AMPD2:-1;FAM155A:+1;IL13RA2:-1,False,0.46960737937559127
SIG_ATNF_7GENE,T_UNIFI_MH_W8,GSE206285_UNIFI,19,WNK2:-1;OCRL:-1;ASB7:+1;PCBP3:-1;AMPD2:-1;FAM155A:+1;IL13RA2:+1,False,0.35341769157994324
SIG_ATNF_7GENE,T_UNIFI_MH_W8,GSE206285_UNIFI,20,WNK2:-1;OCRL:-1;ASB7:+1;PCBP3:-1;AMPD2:+1;FAM155A:-1;IL13RA2:-1,False,0.4748699148533585
SIG_ATNF_7GENE,T_UNIFI_MH_W8,GSE206285_UNIFI,21,WNK2:-1;OCRL:-1;ASB7:+1;PCBP3:-1;AMPD2:+1;FAM155A:-1;IL13RA2:+1,False,0.34602649006622516
SIG_ATNF_7GENE,T_UNIFI_MH_W8,GSE206285_UNIFI,22,WNK2:-1;OCRL:-1;ASB7:+1;PCBP3:-1;AMPD2:+1;FAM155A:+1;IL13RA2:-1,False,0.33219016083254493
SIG_ATNF_7GENE,T_UNIFI_MH_W8,GSE206285_UNIFI,23,WNK2:-1;OCRL:-1;ASB7:+1;PCBP3:-1;AMPD2:+1;FAM155A:+1;IL13RA2:+1,False,0.2790917691579943
SIG_ATNF_7GENE,T_UNIFI_MH_W8,GSE206285_UNIFI,24,WNK2:-1;OCRL:-1;ASB7:+1;PCBP3:+1;AMPD2:-1;FAM155A:-1;IL13RA2:-1,False,0.5636234626300851
SIG_ATNF_7GENE,T_UNIFI_MH_W8,GSE206285_UNIFI,25,WNK2:-1;OCRL:-1;ASB7:+1;PCBP3:+1;AMPD2:-1;FAM155A:-1;IL13RA2:+1,False,0.4075804162724692
SIG_ATNF_7GENE,T_UNIFI_MH_W8,GSE206285_UNIFI,26,WNK2:-1;OCRL:-1;ASB7:+1;PCBP3:+1;AMPD2:-1;FAM155A:+1;IL13RA2:-1,False,0.3904919583727531
SIG_ATNF_7GENE,T_UNIFI_MH_W8,GSE206285_UNIFI,27,WNK2:-1;OCRL:-1;ASB7:+1;PCBP3:+1;AMPD2:-1;FAM155A:+1;IL13RA2:+1,False,0.3221972563859981
SIG_ATNF_7GENE,T_UNIFI_MH_W8,GSE206285_UNIFI,28,WNK2:-1;OCRL:-1;ASB7:+1;PCBP3:+1;AMPD2:+1;FAM155A:-1;IL13RA2:-1,False,0.3852885525070956
SIG_ATNF_7GENE,T_UNIFI_MH_W8,GSE206285_UNIFI,29,WNK2:-1;OCRL:-1;ASB7:+1;PCBP3:+1;AMPD2:+1;FAM155A:-1;IL13RA2:+1,False,0.31669820245979186
SIG_ATNF_7GENE,T_UNIFI_MH_W8,GSE206285_UNIFI,30,WNK2:-1;OCRL:-1;ASB7:+1;PCBP3:+1;AMPD2:+1;FAM155A:+1;IL13RA2:-1,False,0.30623226111636703
SIG_ATNF_7GENE,T_UNIFI_MH_W8,GSE206285_UNIFI,31,WNK2:-1;OCRL:-1;ASB7:+1;PCBP3:+1;AMPD2:+1;FAM155A:+1;IL13RA2:+1,False,0.28068826868495744
SIG_ATNF_7GENE,T_UNIFI_MH_W8,GSE206285_UNIFI,32,WNK2:-1;OCRL:+1;ASB7:-1;PCBP3:-1;AMPD2:-1;FAM155A:-1;IL13RA2:-1,False,0.661601229895932
SIG_ATNF_7GENE,T_UNIFI_MH_W8,GSE206285_UNIFI,33,WNK2:-1;OCRL:+1;ASB7:-1;PCBP3:-1;AMPD2:-1;FAM155A:-1;IL13RA2:+1,False,0.5697729422894986
SIG_ATNF_7GENE,T_UNIFI_MH_W8,GSE206285_UNIFI,34,WNK2:-1;OCRL:+1;ASB7:-1;PCBP3:-1;AMPD2:-1;FAM155A:+1;IL13RA2:-1,False,0.5674077578051088
SIG_ATNF_7GENE,T_UNIFI_MH_W8,GSE206285_UNIFI,35,WNK2:-1;OCRL:+1;ASB7:-1;PCBP3:-1;AMPD2:-1;FAM155A:+1;IL13RA2:+1,False,0.39811967833491013
SIG_ATNF_7GENE,T_UNIFI_MH_W8,GSE206285_UNIFI,36,WNK2:-1;OCRL:+1;ASB7:-1;PCBP3:-1;AMPD2:+1;FAM155A:-1;IL13RA2:-1,False,0.5603713339640493
SIG_ATNF_7GENE,T_UNIFI_MH_W8,GSE206285_UNIFI,37,WNK2:-1;OCRL:+1;ASB7:-1;PCBP3:-1;AMPD2:+1;FAM155A:-1;IL13RA2:+1,False,0.39693708609271516
SIG_ATNF_7GENE,T_UNIFI_MH_W8,GSE206285_UNIFI,38,WNK2:-1;OCRL:+1;ASB7:-1;PCBP3:-1;AMPD2:+1;FAM155A:+1;IL13RA2:-1,False,0.4014900662251656
SIG_ATNF_7GENE,T_UNIFI_MH_W8,GSE206285_UNIFI,39,WNK2:-1;OCRL:+1;ASB7:-1;PCBP3:-1;AMPD2:+1;FAM155A:+1;IL13RA2:+1,False,0.28725165562913907
SIG_ATNF_7GENE,T_UNIFI_MH_W8,GSE206285_UNIFI,40,WNK2:-1;OCRL:+1;ASB7:-1;PCBP3:+1;AMPD2:-1;FAM155A:-1;IL13RA2:-1,False,0.6504848628193001
SIG_ATNF_7GENE,T_UNIFI_MH_W8,GSE206285_UNIFI,41,WNK2:-1;OCRL:+1;ASB7:-1;PCBP3:+1;AMPD2:-1;FAM155A:-1;IL13RA2:+1,False,0.4927270577105014
SIG_ATNF_7GENE,T_UNIFI_MH_W8,GSE206285_UNIFI,42,WNK2:-1;OCRL:+1;ASB7:-1;PCBP3:+1;AMPD2:-1;FAM155A:+1;IL13RA2:-1,False,0.4796002838221381
SIG_ATNF_7GENE,T_UNIFI_MH_W8,GSE206285_UNIFI,43,WNK2:-1;OCRL:+1;ASB7:-1;PCBP3:+1;AMPD2:-1;FAM155A:+1;IL13RA2:+1,False,0.33863528855250713
SIG_ATNF_7GENE,T_UNIFI_MH_W8,GSE206285_UNIFI,44,WNK2:-1;OCRL:+1;ASB7:-1;PCBP3:+1;AMPD2:+1;FAM155A:-1;IL13RA2:-1,False,0.4775898770104068
SIG_ATNF_7GENE,T_UNIFI_MH_W8,GSE206285_UNIFI,45,WNK2:-1;OCRL:+1;ASB7:-1;PCBP3:+1;AMPD2:+1;FAM155A:-1;IL13RA2:+1,False,0.3515255439924314
SIG_ATNF_7GENE,T_UNIFI_MH_W8,GSE206285_UNIFI,46,WNK2:-1;OCRL:+1;ASB7:-1;PCBP3:+1;AMPD2:+1;FAM155A:+1;IL13RA2:-1,False,0.34679517502365187
SIG_ATNF_7GENE,T_UNIFI_MH_W8,GSE206285_UNIFI,47,WNK2:-1;OCRL:+1;ASB7:-1;PCBP3:+1;AMPD2:+1;FAM155A:+1;IL13RA2:+1,False,0.2887298959318827
SIG_ATNF_7GENE,T_UNIFI_MH_W8,GSE206285_UNIFI,48,WNK2:-1;OCRL:+1;ASB7:+1;PCBP3:-1;AMPD2:-1;FAM155A:-1;IL13RA2:-1,False,0.6393093661305581
SIG_ATNF_7GENE,T_UNIFI_MH_W8,GSE206285_UNIFI,49,WNK2:-1;OCRL:+1;ASB7:+1;PCBP3:-1;AMPD2:-1;FAM155A:-1;IL13RA2:+1,False,0.5831362346263008
SIG_ATNF_7GENE,T_UNIFI_MH_W8,GSE206285_UNIFI,50,WNK2:-1;OCRL:+1;ASB7:+1;PCBP3:-1;AMPD2:-1;FAM155A:+1;IL13RA2:-1,False,0.5624408703878904
SIG_ATNF_7GENE,T_UNIFI_MH_W8,GSE206285_UNIFI,51,WNK2:-1;OCRL:+1;ASB7:+1;PCBP3:-1;AMPD2:-1;FAM155A:+1;IL13RA2:+1,False,0.4630439924314097
SIG_ATNF_7GENE,T_UNIFI_MH_W8,GSE206285_UNIFI,52,WNK2:-1;OCRL:+1;ASB7:+1;PCBP3:-1;AMPD2:+1;FAM155A:-1;IL13RA2:-1,False,0.5763363292336803
SIG_ATNF_7GENE,T_UNIFI_MH_W8,GSE206285_UNIFI,53,WNK2:-1;OCRL:+1;ASB7:+1;PCBP3:-1;AMPD2:+1;FAM155A:-1;IL13RA2:+1,False,0.4694891201513718
SIG_ATNF_7GENE,T_UNIFI_MH_W8,GSE206285_UNIFI,54,WNK2:-1;OCRL:+1;ASB7:+1;PCBP3:-1;AMPD2:+1;FAM155A:+1;IL13RA2:-1,False,0.45612582781456956
SIG_ATNF_7GENE,T_UNIFI_MH_W8,GSE206285_UNIFI,55,WNK2:-1;OCRL:+1;ASB7:+1;PCBP3:-1;AMPD2:+1;FAM155A:+1;IL13RA2:+1,False,0.34886471144749287
SIG_ATNF_7GENE,T_UNIFI_MH_W8,GSE206285_UNIFI,56,WNK2:-1;OCRL:+1;ASB7:+1;PCBP3:+1;AMPD2:-1;FAM155A:-1;IL13RA2:-1,False,0.6413197729422896
SIG_ATNF_7GENE,T_UNIFI_MH_W8,GSE206285_UNIFI,57,WNK2:-1;OCRL:+1;ASB7:+1;PCBP3:+1;AMPD2:-1;FAM155A:-1;IL13RA2:+1,False,0.5322256385998108
SIG_ATNF_7GENE,T_UNIFI_MH_W8,GSE206285_UNIFI,58,WNK2:-1;OCRL:+1;ASB7:+1;PCBP3:+1;AMPD2:-1;FAM155A:+1;IL13RA2:-1,False,0.5117667928098392
SIG_ATNF_7GENE,T_UNIFI_MH_W8,GSE206285_UNIFI,59,WNK2:-1;OCRL:+1;ASB7:+1;PCBP3:+1;AMPD2:-1;FAM155A:+1;IL13RA2:+1,False,0.3995979186376537
SIG_ATNF_7GENE,T_UNIFI_MH_W8,GSE206285_UNIFI,60,WNK2:-1;OCRL:+1;ASB7:+1;PCBP3:+1;AMPD2:+1;FAM155A:-1;IL13RA2:-1,False,0.5151371807000946
SIG_ATNF_7GENE,T_UNIFI_MH_W8,GSE206285_UNIFI,61,WNK2:-1;OCRL:+1;ASB7:+1;PCBP3:+1;AMPD2:+1;FAM155A:-1;IL13RA2:+1,False,0.3909058656575213
SIG_ATNF_7GENE,T_UNIFI_MH_W8,GSE206285_UNIFI,62,WNK2:-1;OCRL:+1;ASB7:+1;PCBP3:+1;AMPD2:+1;FAM155A:+1;IL13RA2:-1,False,0.3802625354777672
SIG_ATNF_7GENE,T_UNIFI_MH_W8,GSE206285_UNIFI,63,WNK2:-1;OCRL:+1;ASB7:+1;PCBP3:+1;AMPD2:+1;FAM155A:+1;IL13RA2:+1,False,0.3151017029328288
SIG_ATNF_7GENE,T_UNIFI_MH_W8,GSE206285_UNIFI,64,WNK2:+1;OCRL:-1;ASB7:-1;PCBP3:-1;AMPD2:-1;FAM155A:-1;IL13RA2:-1,False,0.6848982970671712
SIG_ATNF_7GENE,T_UNIFI_MH_W8,GSE206285_UNIFI,65,WNK2:+1;OCRL:-1;ASB7:-1;PCBP3:-1;AMPD2:-1;FAM155A:-1;IL13RA2:+1,False,0.6197374645222328
SIG_ATNF_7GENE,T_UNIFI_MH_W8,GSE206285_UNIFI,66,WNK2:+1;OCRL:-1;ASB7:-1;PCBP3:-1;AMPD2:-1;FAM155A:+1;IL13RA2:-1,False,0.6090941343424787
SIG_ATNF_7GENE,T_UNIFI_MH_W8,GSE206285_UNIFI,67,WNK2:+1;OCRL:-1;ASB7:-1;PCBP3:-1;AMPD2:-1;FAM155A:+1;IL13RA2:+1,False,0.48486281929990543
SIG_ATNF_7GENE,T_UNIFI_MH_W8,GSE206285_UNIFI,68,WNK2:+1;OCRL:-1;ASB7:-1;PCBP3:-1;AMPD2:+1;FAM155A:-1;IL13RA2:-1,False,0.6004020813623462
SIG_ATNF_7GENE,T_UNIFI_MH_W8,GSE206285_UNIFI,69,WNK2:+1;OCRL:-1;ASB7:-1;PCBP3:-1;AMPD2:+1;FAM155A:-1;IL13RA2:+1,False,0.48823320719016083
SIG_ATNF_7GENE,T_UNIFI_MH_W8,GSE206285_UNIFI,70,WNK2:+1;OCRL:-1;ASB7:-1;PCBP3:-1;AMPD2:+1;FAM155A:+1;IL13RA2:-1,False,0.46777436140018913
SIG_ATNF_7GENE,T_UNIFI_MH_W8,GSE206285_UNIFI,71,WNK2:+1;OCRL:-1;ASB7:-1;PCBP3:-1;AMPD2:+1;FAM155A:+1;IL13RA2:+1,False,0.3586802270577105
SIG_ATNF_7GENE,T_UNIFI_MH_W8,GSE206285_UNIFI,72,WNK2:+1;OCRL:-1;ASB7:-1;PCBP3:+1;AMPD2:-1;FAM155A:-1;IL13RA2:-1,False,0.6511352885525071
SIG_ATNF_7GENE,T_UNIFI_MH_W8,GSE206285_UNIFI,73,WNK2:+1;OCRL:-1;ASB7:-1;PCBP3:+1;AMPD2:-1;FAM155A:-1;IL13RA2:+1,False,0.5438741721854305
SIG_ATNF_7GENE,T_UNIFI_MH_W8,GSE206285_UNIFI,74,WNK2:+1;OCRL:-1;ASB7:-1;PCBP3:+1;AMPD2:-1;FAM155A:+1;IL13RA2:-1,False,0.5305108798486282
SIG_ATNF_7GENE,T_UNIFI_MH_W8,GSE206285_UNIFI,75,WNK2:+1;OCRL:-1;ASB7:-1;PCBP3:+1;AMPD2:-1;FAM155A:+1;IL13RA2:+1,False,0.42366367076631983
SIG_ATNF_7GENE,T_UNIFI_MH_W8,GSE206285_UNIFI,76,WNK2:+1;OCRL:-1;ASB7:-1;PCBP3:+1;AMPD2:+1;FAM155A:-1;IL13RA2:-1,False,0.5369560075685903
SIG_ATNF_7GENE,T_UNIFI_MH_W8,GSE206285_UNIFI,77,WNK2:+1;OCRL:-1;ASB7:-1;PCBP3:+1;AMPD2:+1;FAM155A:-1;IL13RA2:+1,False,0.4375591296121098
SIG_ATNF_7GENE,T_UNIFI_MH_W8,GSE206285_UNIFI,78,WNK2:+1;OCRL:-1;ASB7:-1;PCBP3:+1;AMPD2:+1;FAM155A:+1;IL13RA2:-1,False,0.4168637653736991
SIG_ATNF_7GENE,T_UNIFI_MH_W8,GSE206285_UNIFI,79,WNK2:+1;OCRL:-1;ASB7:-1;PCBP3:+1;AMPD2:+1;FAM155A:+1;IL13RA2:+1,False,0.3606906338694419
SIG_ATNF_7GENE,T_UNIFI_MH_W8,GSE206285_UNIFI,80,WNK2:+1;OCRL:-1;ASB7:+1;PCBP3:-1;AMPD2:-1;FAM155A:-1;IL13RA2:-1,False,0.7112701040681173
SIG_ATNF_7GENE,T_UNIFI_MH_W8,GSE206285_UNIFI,81,WNK2:+1;OCRL:-1;ASB7:+1;PCBP3:-1;AMPD2:-1;FAM155A:-1;IL13RA2:+1,False,0.6532048249763482
SIG_ATNF_7GENE,T_UNIFI_MH_W8,GSE206285_UNIFI,82,WNK2:+1;OCRL:-1;ASB7:+1;PCBP3:-1;AMPD2:-1;FAM155A:+1;IL13RA2:-1,False,0.6484744560075686
SIG_ATNF_7GENE,T_UNIFI_MH_W8,GSE206285_UNIFI,83,WNK2:+1;OCRL:-1;ASB7:+1;PCBP3:-1;AMPD2:-1;FAM155A:+1;IL13RA2:+1,False,0.5224101229895931
SIG_ATNF_7GENE,T_UNIFI_MH_W8,GSE206285_UNIFI,84,WNK2:+1;OCRL:-1;ASB7:+1;PCBP3:-1;AMPD2:+1;FAM155A:-1;IL13RA2:-1,False,0.661364711447493
SIG_ATNF_7GENE,T_UNIFI_MH_W8,GSE206285_UNIFI,85,WNK2:+1;OCRL:-1;ASB7:+1;PCBP3:-1;AMPD2:+1;FAM155A:-1;IL13RA2:+1,False,0.520399716177862
SIG_ATNF_7GENE,T_UNIFI_MH_W8,GSE206285_UNIFI,86,WNK2:+1;OCRL:-1;ASB7:+1;PCBP3:-1;AMPD2:+1;FAM155A:+1;IL13RA2:-1,False,0.5072729422894986
SIG_ATNF_7GENE,T_UNIFI_MH_W8,GSE206285_UNIFI,87,WNK2:+1;OCRL:-1;ASB7:+1;PCBP3:-1;AMPD2:+1;FAM155A:+1;IL13RA2:+1,False,0.34951513718070015
SIG_ATNF_7GENE,T_UNIFI_MH_W8,GSE206285_UNIFI,88,WNK2:+1;OCRL:-1;ASB7:+1;PCBP3:+1;AMPD2:-1;FAM155A:-1;IL13RA2:-1,False,0.7127483443708609
SIG_ATNF_7GENE,T_UNIFI_MH_W8,GSE206285_UNIFI,89,WNK2:+1;OCRL:-1;ASB7:+1;PCBP3:+1;AMPD2:-1;FAM155A:-1;IL13RA2:+1,False,0.5985099337748345
SIG_ATNF_7GENE,T_UNIFI_MH_W8,GSE206285_UNIFI,90,WNK2:+1;OCRL:-1;ASB7:+1;PCBP3:+1;AMPD2:-1;FAM155A:+1;IL13RA2:-1,False,0.6030629139072847
SIG_ATNF_7GENE,T_UNIFI_MH_W8,GSE206285_UNIFI,91,WNK2:+1;OCRL:-1;ASB7:+1;PCBP3:+1;AMPD2:-1;FAM155A:+1;IL13RA2:+1,False,0.43962866603595085
SIG_ATNF_7GENE,T_UNIFI_MH_W8,GSE206285_UNIFI,92,WNK2:+1;OCRL:-1;ASB7:+1;PCBP3:+1;AMPD2:+1;FAM155A:-1;IL13RA2:-1,False,0.6018803216650899
SIG_ATNF_7GENE,T_UNIFI_MH_W8,GSE206285_UNIFI,93,WNK2:+1;OCRL:-1;ASB7:+1;PCBP3:+1;AMPD2:+1;FAM155A:-1;IL13RA2:+1,False,0.43259224219489123
SIG_ATNF_7GENE,T_UNIFI_MH_W8,GSE206285_UNIFI,94,WNK2:+1;OCRL:-1;ASB7:+1;PCBP3:+1;AMPD2:+1;FAM155A:+1;IL13RA2:-1,False,0.43022705771050146
SIG_ATNF_7GENE,T_UNIFI_MH_W8,GSE206285_UNIFI,95,WNK2:+1;OCRL:-1;ASB7:+1;PCBP3:+1;AMPD2:+1;FAM155A:+1;IL13RA2:+1,False,0.3383987701040681
SIG_ATNF_7GENE,T_UNIFI_MH_W8,GSE206285_UNIFI,96,WNK2:+1;OCRL:+1;ASB7:-1;PCBP3:-1;AMPD2:-1;FAM155A:-1;IL13RA2:-1,False,0.7193117313150426
SIG_ATNF_7GENE,T_UNIFI_MH_W8,GSE206285_UNIFI,97,WNK2:+1;OCRL:+1;ASB7:-1;PCBP3:-1;AMPD2:-1;FAM155A:-1;IL13RA2:+1,False,0.693767738883633
SIG_ATNF_7GENE,T_UNIFI_MH_W8,GSE206285_UNIFI,98,WNK2:+1;OCRL:+1;ASB7:-1;PCBP3:-1;AMPD2:-1;FAM155A:+1;IL13RA2:-1,False,0.683301797540208
SIG_ATNF_7GENE,T_UNIFI_MH_W8,GSE206285_UNIFI,99,WNK2:+1;OCRL:+1;ASB7:-1;PCBP3:-1;AMPD2:-1;FAM155A:+1;IL13RA2:+1,False,0.6147114474929045
SIG_ATNF_7GENE,T_UNIFI_MH_W8,GSE206285_UNIFI,100,WNK2:+1;OCRL:+1;ASB7:-1;PCBP3:-1;AMPD2:+1;FAM155A:-1;IL13RA2:-1,False,0.677802743614002
SIG_ATNF_7GENE,T_UNIFI_MH_W8,GSE206285_UNIFI,101,WNK2:+1;OCRL:+1;ASB7:-1;PCBP3:-1;AMPD2:+1;FAM155A:-1;IL13RA2:+1,False,0.6095080416272469
SIG_ATNF_7GENE,T_UNIFI_MH_W8,GSE206285_UNIFI,102,WNK2:+1;OCRL:+1;ASB7:-1;PCBP3:-1;AMPD2:+1;FAM155A:+1;IL13RA2:-1,False,0.5924195837275307
SIG_ATNF_7GENE,T_UNIFI_MH_W8,GSE206285_UNIFI,103,WNK2:+1;OCRL:+1;ASB7:-1;PCBP3:-1;AMPD2:+1;FAM155A:+1;IL13RA2:+1,False,0.43637653736991483
SIG_ATNF_7GENE,T_UNIFI_MH_W8,GSE206285_UNIFI,104,WNK2:+1;OCRL:+1;ASB7:-1;PCBP3:+1;AMPD2:-1;FAM155A:-1;IL13RA2:-1,False,0.7209082308420056
SIG_ATNF_7GENE,T_UNIFI_MH_W8,GSE206285_UNIFI,105,WNK2:+1;OCRL:+1;ASB7:-1;PCBP3:+1;AMPD2:-1;FAM155A:-1;IL13RA2:+1,False,0.6678098391674551
SIG_ATNF_7GENE,T_UNIFI_MH_W8,GSE206285_UNIFI,106,WNK2:+1;OCRL:+1;ASB7:-1;PCBP3:+1;AMPD2:-1;FAM155A:+1;IL13RA2:-1,False,0.6539735099337749
SIG_ATNF_7GENE,T_UNIFI_MH_W8,GSE206285_UNIFI,107,WNK2:+1;OCRL:+1;ASB7:-1;PCBP3:+1;AMPD2:-1;FAM155A:+1;IL13RA2:+1,False,0.5251300851466414
SIG_ATNF_7GENE,T_UNIFI_MH_W8,GSE206285_UNIFI,108,WNK2:+1;OCRL:+1;ASB7:-1;PCBP3:+1;AMPD2:+1;FAM155A:-1;IL13RA2:-1,False,0.6465823084200568
SIG_ATNF_7GENE,T_UNIFI_MH_W8,GSE206285_UNIFI,109,WNK2:+1;OCRL:+1;ASB7:-1;PCBP3:+1;AMPD2:+1;FAM155A:-1;IL13RA2:+1,False,0.5303926206244087
SIG_ATNF_7GENE,T_UNIFI_MH_W8,GSE206285_UNIFI,110,WNK2:+1;OCRL:+1;ASB7:-1;PCBP3:+1;AMPD2:+1;FAM155A:+1;IL13RA2:-1,False,0.49704351939451275
SIG_ATNF_7GENE,T_UNIFI_MH_W8,GSE206285_UNIFI,111,WNK2:+1;OCRL:+1;ASB7:-1;PCBP3:+1;AMPD2:+1;FAM155A:+1;IL13RA2:+1,False,0.38990066225165565
SIG_ATNF_7GENE,T_UNIFI_MH_W8,GSE206285_UNIFI,112,WNK2:+1;OCRL:+1;ASB7:+1;PCBP3:-1;AMPD2:-1;FAM155A:-1;IL13RA2:-1,True,0.7093188268684957
SIG_ATNF_7GENE,T_UNIFI_MH_W8,GSE206285_UNIFI,113,WNK2:+1;OCRL:+1;ASB7:+1;PCBP3:-1;AMPD2:-1;FAM155A:-1;IL13RA2:+1,False,0.6823557237464521
SIG_ATNF_7GENE,T_UNIFI_MH_W8,GSE206285_UNIFI,114,WNK2:+1;OCRL:+1;ASB7:+1;PCBP3:-1;AMPD2:-1;FAM155A:+1;IL13RA2:-1,False,0.6656811731315042
SIG_ATNF_7GENE,T_UNIFI_MH_W8,GSE206285_UNIFI,115,WNK2:+1;OCRL:+1;ASB7:+1;PCBP3:-1;AMPD2:-1;FAM155A:+1;IL13RA2:+1,False,0.6100993377483444
SIG_ATNF_7GENE,T_UNIFI_MH_W8,GSE206285_UNIFI,116,WNK2:+1;OCRL:+1;ASB7:+1;PCBP3:-1;AMPD2:+1;FAM155A:-1;IL13RA2:-1,False,0.6822965941343425
SIG_ATNF_7GENE,T_UNIFI_MH_W8,GSE206285_UNIFI,117,WNK2:+1;OCRL:+1;ASB7:+1;PCBP3:-1;AMPD2:+1;FAM155A:-1;IL13RA2:+1,False,0.6255912961210974
SIG_ATNF_7GENE,T_UNIFI_MH_W8,GSE206285_UNIFI,118,WNK2:+1;OCRL:+1;ASB7:+1;PCBP3:-1;AMPD2:+1;FAM155A:+1;IL13RA2:-1,False,0.6039498580889309
SIG_ATNF_7GENE,T_UNIFI_MH_W8,GSE206285_UNIFI,119,WNK2:+1;OCRL:+1;ASB7:+1;PCBP3:-1;AMPD2:+1;FAM155A:+1;IL13RA2:+1,False,0.4816698202459792
SIG_ATNF_7GENE,T_UNIFI_MH_W8,GSE206285_UNIFI,120,WNK2:+1;OCRL:+1;ASB7:+1;PCBP3:+1;AMPD2:-1;FAM155A:-1;IL13RA2:-1,False,0.7329115421002839
SIG_ATNF_7GENE,T_UNIFI_MH_W8,GSE206285_UNIFI,121,WNK2:+1;OCRL:+1;ASB7:+1;PCBP3:+1;AMPD2:-1;FAM155A:-1;IL13RA2:+1,False,0.6892147587511827
SIG_ATNF_7GENE,T_UNIFI_MH_W8,GSE206285_UNIFI,122,WNK2:+1;OCRL:+1;ASB7:+1;PCBP3:+1;AMPD2:-1;FAM155A:+1;IL13RA2:-1,False,0.6813505203405866
SIG_ATNF_7GENE,T_UNIFI_MH_W8,GSE206285_UNIFI,123,WNK2:+1;OCRL:+1;ASB7:+1;PCBP3:+1;AMPD2:-1;FAM155A:+1;IL13RA2:+1,False,0.5682355723746452
SIG_ATNF_7GENE,T_UNIFI_MH_W8,GSE206285_UNIFI,124,WNK2:+1;OCRL:+1;ASB7:+1;PCBP3:+1;AMPD2:+1;FAM155A:-1;IL13RA2:-1,False,0.6993259224219488
SIG_ATNF_7GENE,T_UNIFI_MH_W8,GSE206285_UNIFI,125,WNK2:+1;OCRL:+1;ASB7:+1;PCBP3:+1;AMPD2:+1;FAM155A:-1;IL13RA2:+1,False,0.5781693472090823
SIG_ATNF_7GENE,T_UNIFI_MH_W8,GSE206285_UNIFI,126,WNK2:+1;OCRL:+1;ASB7:+1;PCBP3:+1;AMPD2:+1;FAM155A:+1;IL13RA2:-1,False,0.5536305581835383
SIG_ATNF_7GENE,T_UNIFI_MH_W8,GSE206285_UNIFI,127,WNK2:+1;OCRL:+1;ASB7:+1;PCBP3:+1;AMPD2:+1;FAM155A:+1;IL13RA2:+1,False,0.41538552507095555
SIG_ATNF_7GENE,T_UNIFI_REM_W8,GSE206285_UNIFI,0,WNK2:-1;OCRL:-1;ASB7:-1;PCBP3:-1;AMPD2:-1;FAM155A:-1;IL13RA2:-1,False,0.5923550372529963
SIG_ATNF_7GENE,T_UNIFI_REM_W8,GSE206285_UNIFI,1,WNK2:-1;OCRL:-1;ASB7:-1;PCBP3:-1;AMPD2:-1;FAM155A:-1;IL13RA2:+1,False,0.4986718496922578
SIG_ATNF_7GENE,T_UNIFI_REM_W8,GSE206285_UNIFI,2,WNK2:-1;OCRL:-1;ASB7:-1;PCBP3:-1;AMPD2:-1;FAM155A:+1;IL13RA2:-1,False,0.4229996760609005
SIG_ATNF_7GENE,T_UNIFI_REM_W8,GSE206285_UNIFI,3,WNK2:-1;OCRL:-1;ASB7:-1;PCBP3:-1;AMPD2:-1;FAM155A:+1;IL13RA2:+1,False,0.34337544541626175
SIG_ATNF_7GENE,T_UNIFI_REM_W8,GSE206285_UNIFI,4,WNK2:-1;OCRL:-1;ASB7:-1;PCBP3:-1;AMPD2:+1;FAM155A:-1;IL13RA2:-1,False,0.43388402980239715
SIG_ATNF_7GENE,T_UNIFI_REM_W8,GSE206285_UNIFI,5,WNK2:-1;OCRL:-1;ASB7:-1;PCBP3:-1;AMPD2:+1;FAM155A:-1;IL13RA2:+1,False,0.3654033041788144
SIG_ATNF_7GENE,T_UNIFI_REM_W8,GSE206285_UNIFI,6,WNK2:-1;OCRL:-1;ASB7:-1;PCBP3:-1;AMPD2:+1;FAM155A:+1;IL13RA2:-1,False,0.3162941367023
SIG_ATNF_7GENE,T_UNIFI_REM_W8,GSE206285_UNIFI,7,WNK2:-1;OCRL:-1;ASB7:-1;PCBP3:-1;AMPD2:+1;FAM155A:+1;IL13RA2:+1,False,0.30229996760609
SIG_ATNF_7GENE,T_UNIFI_REM_W8,GSE206285_UNIFI,8,WNK2:-1;OCRL:-1;ASB7:-1;PCBP3:+1;AMPD2:-1;FAM155A:-1;IL13RA2:-1,False,0.48953676708778743
SIG_ATNF_7GENE,T_UNIFI_REM_W8,GSE206285_UNIFI,9,WNK2:-1;OCRL:-1;ASB7:-1;PCBP3:+1;AMPD2:-1;FAM155A:-1;IL13RA2:+1,False,0.4042112082928409
SIG_ATNF_7GENE,T_UNIFI_REM_W8,GSE206285_UNIFI,10,WNK2:-1;OCRL:-1;ASB7:-1;PCBP3:+1;AMPD2:-1;FAM155A:+1;IL13RA2:-1,False,0.35121477162293496
SIG_ATNF_7GENE,T_UNIFI_REM_W8,GSE206285_UNIFI,11,WNK2:-1;OCRL:-1;ASB7:-1;PCBP3:+1;AMPD2:-1;FAM155A:+1;IL13RA2:+1,False,0.3263362487852284
SIG_ATNF_7GENE,T_UNIFI_REM_W8,GSE206285_UNIFI,12,WNK2:-1;OCRL:-1;ASB7:-1;PCBP3:+1;AMPD2:+1;FAM155A:-1;IL13RA2:-1,False,0.3693553611920959
SIG_ATNF_7GENE,T_UNIFI_REM_W8,GSE206285_UNIFI,13,WNK2:-1;OCRL:-1;ASB7:-1;PCBP3:+1;AMPD2:+1;FAM155A:-1;IL13RA2:+1,False,0.3403304178814383
SIG_ATNF_7GENE,T_UNIFI_REM_W8,GSE206285_UNIFI,14,WNK2:-1;OCRL:-1;ASB7:-1;PCBP3:+1;AMPD2:+1;FAM155A:+1;IL13RA2:-1,False,0.30391966310333657
SIG_ATNF_7GENE,T_UNIFI_REM_W8,GSE206285_UNIFI,15,WNK2:-1;OCRL:-1;ASB7:-1;PCBP3:+1;AMPD2:+1;FAM155A:+1;IL13RA2:+1,False,0.29970845481049563
SIG_ATNF_7GENE,T_UNIFI_REM_W8,GSE206285_UNIFI,16,WNK2:-1;OCRL:-1;ASB7:+1;PCBP3:-1;AMPD2:-1;FAM155A:-1;IL13RA2:-1,False,0.6110139293812763
SIG_ATNF_7GENE,T_UNIFI_REM_W8,GSE206285_UNIFI,17,WNK2:-1;OCRL:-1;ASB7:+1;PCBP3:-1;AMPD2:-1;FAM155A:-1;IL13RA2:+1,False,0.5356656948493683
SIG_ATNF_7GENE,T_UNIFI_REM_W8,GSE206285_UNIFI,18,WNK2:-1;OCRL:-1;ASB7:+1;PCBP3:-1;AMPD2:-1;FAM155A:+1;IL13RA2:-1,False,0.47722708130871394
SIG_ATNF_7GENE,T_UNIFI_REM_W8,GSE206285_UNIFI,19,WNK2:-1;OCRL:-1;ASB7:+1;PCBP3:-1;AMPD2:-1;FAM155A:+1;IL13RA2:+1,False,0.38710722384191776
SIG_ATNF_7GENE,T_UNIFI_REM_W8,GSE206285_UNIFI,20,WNK2:-1;OCRL:-1;ASB7:+1;PCBP3:-1;AMPD2:+1;FAM155A:-1;IL13RA2:-1,False,0.4792355037252996
SIG_ATNF_7GENE,T_UNIFI_REM_W8,GSE206285_UNIFI,21,WNK2:-1;OCRL:-1;ASB7:+1;PCBP3:-1;AMPD2:+1;FAM155A:-1;IL13RA2:+1,False,0.39112406867508903
SIG_ATNF_7GENE,T_UNIFI_REM_W8,GSE206285_UNIFI,22,WNK2:-1;OCRL:-1;ASB7:+1;PCBP3:-1;AMPD2:+1;FAM155A:+1;IL13RA2:-1,False,0.3435698088759313
SIG_ATNF_7GENE,T_UNIFI_REM_W8,GSE206285_UNIFI,23,WNK2:-1;OCRL:-1;ASB7:+1;PCBP3:-1;AMPD2:+1;FAM155A:+1;IL13RA2:+1,False,0.3142857142857143
SIG_ATNF_7GENE,T_UNIFI_REM_W8,GSE206285_UNIFI,24,WNK2:-1;OCRL:-1;ASB7:+1;PCBP3:+1;AMPD2:-1;FAM155A:-1;IL13RA2:-1,False,0.5372853903466148
SIG_ATNF_7GENE,T_UNIFI_REM_W8,GSE206285_UNIFI,25,WNK2:-1;OCRL:-1;ASB7:+1;PCBP3:+1;AMPD2:-1;FAM155A:-1;IL13RA2:+1,False,0.42047295108519606
SIG_ATNF_7GENE,T_UNIFI_REM_W8,GSE206285_UNIFI,26,WNK2:-1;OCRL:-1;ASB7:+1;PCBP3:+1;AMPD2:-1;FAM155A:+1;IL13RA2:-1,False,0.3736313573048267
SIG_ATNF_7GENE,T_UNIFI_REM_W8,GSE206285_UNIFI,27,WNK2:-1;OCRL:-1;ASB7:+1;PCBP3:+1;AMPD2:-1;FAM155A:+1;IL13RA2:+1,False,0.3368966634272757
SIG_ATNF_7GENE,T_UNIFI_REM_W8,GSE206285_UNIFI,28,WNK2:-1;OCRL:-1;ASB7:+1;PCBP3:+1;AMPD2:+1;FAM155A:-1;IL13RA2:-1,False,0.361386459345643
SIG_ATNF_7GENE,T_UNIFI_REM_W8,GSE206285_UNIFI,29,WNK2:-1;OCRL:-1;ASB7:+1;PCBP3:+1;AMPD2:+1;FAM155A:-1;IL13RA2:+1,False,0.33132491091674765
SIG_ATNF_7GENE,T_UNIFI_REM_W8,GSE206285_UNIFI,30,WNK2:-1;OCRL:-1;ASB7:+1;PCBP3:+1;AMPD2:+1;FAM155A:+1;IL13RA2:-1,False,0.2909620991253644
SIG_ATNF_7GENE,T_UNIFI_REM_W8,GSE206285_UNIFI,31,WNK2:-1;OCRL:-1;ASB7:+1;PCBP3:+1;AMPD2:+1;FAM155A:+1;IL13RA2:+1,False,0.2927761580822805
SIG_ATNF_7GENE,T_UNIFI_REM_W8,GSE206285_UNIFI,32,WNK2:-1;OCRL:+1;ASB7:-1;PCBP3:-1;AMPD2:-1;FAM155A:-1;IL13RA2:-1,False,0.66504697116942
SIG_ATNF_7GENE,T_UNIFI_REM_W8,GSE206285_UNIFI,33,WNK2:-1;OCRL:+1;ASB7:-1;PCBP3:-1;AMPD2:-1;FAM155A:-1;IL13RA2:+1,False,0.6119857466796242
SIG_ATNF_7GENE,T_UNIFI_REM_W8,GSE206285_UNIFI,34,WNK2:-1;OCRL:+1;ASB7:-1;PCBP3:-1;AMPD2:-1;FAM155A:+1;IL13RA2:-1,False,0.5654680919987043
SIG_ATNF_7GENE,T_UNIFI_REM_W8,GSE206285_UNIFI,35,WNK2:-1;OCRL:+1;ASB7:-1;PCBP3:-1;AMPD2:-1;FAM155A:+1;IL13RA2:+1,False,0.4361516034985422
SIG_ATNF_7GENE,T_UNIFI_REM_W8,GSE206285_UNIFI,36,WNK2:-1;OCRL:+1;ASB7:-1;PCBP3:-1;AMPD2:+1;FAM155A:-1;IL13RA2:-1,False,0.5602850664075153
SIG_ATNF_7GENE,T_UNIFI_REM_W8,GSE206285_UNIFI,37,WNK2:-1;OCRL:+1;ASB7:-1;PCBP3:-1;AMPD2:+1;FAM155A:-1;IL13RA2:+1,False,0.43388402980239715
SIG_ATNF_7GENE,T_UNIFI_REM_W8,GSE206285_UNIFI,38,WNK2:-1;OCRL:+1;ASB7:-1;PCBP3:-1;AMPD2:+1;FAM155A:+1;IL13RA2:-1,False,0.3996760609005507
SIG_ATNF_7GENE,T_UNIFI_REM_W8,GSE206285_UNIFI,39,WNK2:-1;OCRL:+1;ASB7:-1;PCBP3:-1;AMPD2:+1;FAM155A:+1;IL13RA2:+1,False,0.3219306770327178
SIG_ATNF_7GENE,T_UNIFI_REM_W8,GSE206285_UNIFI,40,WNK2:-1;OCRL:+1;ASB7:-1;PCBP3:+1;AMPD2:-1;FAM155A:-1;IL13RA2:-1,False,0.6186588921282797
SIG_ATNF_7GENE,T_UNIFI_REM_W8,GSE206285_UNIFI,41,WNK2:-1;OCRL:+1;ASB7:-1;PCBP3:+1;AMPD2:-1;FAM155A:-1;IL13RA2:+1,False,0.51162941367023
SIG_ATNF_7GENE,T_UNIFI_REM_W8,GSE206285_UNIFI,42,WNK2:-1;OCRL:+1;ASB7:-1;PCBP3:+1;AMPD2:-1;FAM155A:+1;IL13RA2:-1,False,0.44314868804664725
SIG_ATNF_7GENE,T_UNIFI_REM_W8,GSE206285_UNIFI,43,WNK2:-1;OCRL:+1;ASB7:-1;PCBP3:+1;AMPD2:-1;FAM155A:+1;IL13RA2:+1,False,0.3524457402008422
SIG_ATNF_7GENE,T_UNIFI_REM_W8,GSE206285_UNIFI,44,WNK2:-1;OCRL:+1;ASB7:-1;PCBP3:+1;AMPD2:+1;FAM155A:-1;IL13RA2:-1,False,0.4471655328798186
SIG_ATNF_7GENE,T_UNIFI_REM_W8,GSE206285_UNIFI,45,WNK2:-1;OCRL:+1;ASB7:-1;PCBP3:+1;AMPD2:+1;FAM155A:-1;IL13RA2:+1,False,0.3580822805312601
SIG_ATNF_7GENE,T_UNIFI_REM_W8,GSE206285_UNIFI,46,WNK2:-1;OCRL:+1;ASB7:-1;PCBP3:+1;AMPD2:+1;FAM155A:+1;IL13RA2:-1,False,0.32218982831227727
SIG_ATNF_7GENE,T_UNIFI_REM_W8,GSE206285_UNIFI,47,WNK2:-1;OCRL:+1;ASB7:-1;PCBP3:+1;AMPD2:+1;FAM155A:+1;IL13RA2:+1,False,0.30068027210884357
SIG_ATNF_7GENE,T_UNIFI_REM_W8,GSE206285_UNIFI,48,WNK2:-1;OCRL:+1;ASB7:+1;PCBP3:-1;AMPD2:-1;FAM155A:-1;IL13RA2:-1,False,0.6393262066731454
SIG_ATNF_7GENE,T_UNIFI_REM_W8,GSE206285_UNIFI,49,WNK2:-1;OCRL:+1;ASB7:+1;PCBP3:-1;AMPD2:-1;FAM155A:-1;IL13RA2:+1,False,0.606997084548105
SIG_ATNF_7GENE,T_UNIFI_REM_W8,GSE206285_UNIFI,50,WNK2:-1;OCRL:+1;ASB7:+1;PCBP3:-1;AMPD2:-1;FAM155A:+1;IL13RA2:-1,False,0.5626822157434402
SIG_ATNF_7GENE,T_UNIFI_REM_W8,GSE206285_UNIFI,51,WNK2:-1;OCRL:+1;ASB7:+1;PCBP3:-1;AMPD2:-1;FAM155A:+1;IL13RA2:+1,False,0.4921282798833819
SIG_ATNF_7GENE,T_UNIFI_REM_W8,GSE206285_UNIFI,52,WNK2:-1;OCRL:+1;ASB7:+1;PCBP3:-1;AMPD2:+1;FAM155A:-1;IL13RA2:-1,False,0.5758989310009718
SIG_ATNF_7GENE,T_UNIFI_REM_W8,GSE206285_UNIFI,53,WNK2:-1;OCRL:+1;ASB7:+1;PCBP3:-1;AMPD2:+1;FAM155A:-1;IL13RA2:+1,False,0.5024295432458699
SIG_ATNF_7GENE,T_UNIFI_REM_W8,GSE206285_UNIFI,54,WNK2:-1;OCRL:+1;ASB7:+1;PCBP3:-1;AMPD2:+1;FAM155A:+1;IL13RA2:-1,False,0.46420472951085195
SIG_ATNF_7GENE,T_UNIFI_REM_W8,GSE206285_UNIFI,55,WNK2:-1;OCRL:+1;ASB7:+1;PCBP3:-1;AMPD2:+1;FAM155A:+1;IL13RA2:+1,False,0.38438613540654354
SIG_ATNF_7GENE,T_UNIFI_REM_W8,GSE206285_UNIFI,56,WNK2:-1;OCRL:+1;ASB7:+1;PCBP3:+1;AMPD2:-1;FAM155A:-1;IL13RA2:-1,False,0.6150307742144477
SIG_ATNF_7GENE,T_UNIFI_REM_W8,GSE206285_UNIFI,57,WNK2:-1;OCRL:+1;ASB7:+1;PCBP3:+1;AMPD2:-1;FAM155A:-1;IL13RA2:+1,False,0.5450599287333981
SIG_ATNF_7GENE,T_UNIFI_REM_W8,GSE206285_UNIFI,58,WNK2:-1;OCRL:+1;ASB7:+1;PCBP3:+1;AMPD2:-1;FAM155A:+1;IL13RA2:-1,False,0.4851959831551668
SIG_ATNF_7GENE,T_UNIFI_REM_W8,GSE206285_UNIFI,59,WNK2:-1;OCRL:+1;ASB7:+1;PCBP3:+1;AMPD2:-1;FAM155A:+1;IL13RA2:+1,False,0.4165208940719144
SIG_ATNF_7GENE,T_UNIFI_REM_W8,GSE206285_UNIFI,60,WNK2:-1;OCRL:+1;ASB7:+1;PCBP3:+1;AMPD2:+1;FAM155A:-1;IL13RA2:-1,False,0.4836410754778102
SIG_ATNF_7GENE,T_UNIFI_REM_W8,GSE206285_UNIFI,61,WNK2:-1;OCRL:+1;ASB7:+1;PCBP3:+1;AMPD2:+1;FAM155A:-1;IL13RA2:+1,False,0.40913508260447035
SIG_ATNF_7GENE,T_UNIFI_REM_W8,GSE206285_UNIFI,62,WNK2:-1;OCRL:+1;ASB7:+1;PCBP3:+1;AMPD2:+1;FAM155A:+1;IL13RA2:-1,False,0.3554907677356657
SIG_ATNF_7GENE,T_UNIFI_REM_W8,GSE206285_UNIFI,63,WNK2:-1;OCRL:+1;ASB7:+1;PCBP3:+1;AMPD2:+1;FAM155A:+1;IL13RA2:+1,False,0.3290573372206025
SIG_ATNF_7GENE,T_UNIFI_REM_W8,GSE206285_UNIFI,64,WNK2:+1;OCRL:-1;ASB7:-1;PCBP3:-1;AMPD2:-1;FAM155A:-1;IL13RA2:-1,False,0.6709426627793974
SIG_ATNF_7GENE,T_UNIFI_REM_W8,GSE206285_UNIFI,65,WNK2:+1;OCRL:-1;ASB7:-1;PCBP3:-1;AMPD2:-1;FAM155A:-1;IL13RA2:+1,False,0.6445092322643343
SIG_ATNF_7GENE,T_UNIFI_REM_W8,GSE206285_UNIFI,66,WNK2:+1;OCRL:-1;ASB7:-1;PCBP3:-1;AMPD2:-1;FAM155A:+1;IL13RA2:-1,False,0.5908649173955296
SIG_ATNF_7GENE,T_UNIFI_REM_W8,GSE206285_UNIFI,67,WNK2:+1;OCRL:-1;ASB7:-1;PCBP3:-1;AMPD2:-1;FAM155A:+1;IL13RA2:+1,False,0.5163589245221898
SIG_ATNF_7GENE,T_UNIFI_REM_W8,GSE206285_UNIFI,68,WNK2:+1;OCRL:-1;ASB7:-1;PCBP3:-1;AMPD2:+1;FAM155A:-1;IL13RA2:-1,False,0.5834791059280855
SIG_ATNF_7GENE,T_UNIFI_REM_W8,GSE206285_UNIFI,69,WNK2:+1;OCRL:-1;ASB7:-1;PCBP3:-1;AMPD2:+1;FAM155A:-1;IL13RA2:+1,False,0.5148040168448331
SIG_ATNF_7GENE,T_UNIFI_REM_W8,GSE206285_UNIFI,70,WNK2:+1;OCRL:-1;ASB7:-1;PCBP3:-1;AMPD2:+1;FAM155A:+1;IL13RA2:-1,False,0.4549400712666019
SIG_ATNF_7GENE,T_UNIFI_REM_W8,GSE206285_UNIFI,71,WNK2:+1;OCRL:-1;ASB7:-1;PCBP3:-1;AMPD2:+1;FAM155A:+1;IL13RA2:+1,False,0.3849692257855523
SIG_ATNF_7GENE,T_UNIFI_REM_W8,GSE206285_UNIFI,72,WNK2:+1;OCRL:-1;ASB7:-1;PCBP3:+1;AMPD2:-1;FAM155A:-1;IL13RA2:-1,False,0.6156138645934565
SIG_ATNF_7GENE,T_UNIFI_REM_W8,GSE206285_UNIFI,73,WNK2:+1;OCRL:-1;ASB7:-1;PCBP3:+1;AMPD2:-1;FAM155A:-1;IL13RA2:+1,False,0.5357952704891481
SIG_ATNF_7GENE,T_UNIFI_REM_W8,GSE206285_UNIFI,74,WNK2:+1;OCRL:-1;ASB7:-1;PCBP3:+1;AMPD2:-1;FAM155A:+1;IL13RA2:-1,False,0.4975704567541302
SIG_ATNF_7GENE,T_UNIFI_REM_W8,GSE206285_UNIFI,75,WNK2:+1;OCRL:-1;ASB7:-1;PCBP3:+1;AMPD2:-1;FAM155A:+1;IL13RA2:+1,False,0.42410106899902816
SIG_ATNF_7GENE,T_UNIFI_REM_W8,GSE206285_UNIFI,76,WNK2:+1;OCRL:-1;ASB7:-1;PCBP3:+1;AMPD2:+1;FAM155A:-1;IL13RA2:-1,False,0.5078717201166181
SIG_ATNF_7GENE,T_UNIFI_REM_W8,GSE206285_UNIFI,77,WNK2:+1;OCRL:-1;ASB7:-1;PCBP3:+1;AMPD2:+1;FAM155A:-1;IL13RA2:+1,False,0.43731778425655976
SIG_ATNF_7GENE,T_UNIFI_REM_W8,GSE206285_UNIFI,78,WNK2:+1;OCRL:-1;ASB7:-1;PCBP3:+1;AMPD2:+1;FAM155A:+1;IL13RA2:-1,False,0.39300291545189503
SIG_ATNF_7GENE,T_UNIFI_REM_W8,GSE206285_UNIFI,79,WNK2:+1;OCRL:-1;ASB7:-1;PCBP3:+1;AMPD2:+1;FAM155A:+1;IL13RA2:+1,False,0.36067379332685456
SIG_ATNF_7GENE,T_UNIFI_REM_W8,GSE206285_UNIFI,80,WNK2:+1;OCRL:-1;ASB7:+1;PCBP3:-1;AMPD2:-1;FAM155A:-1;IL13RA2:-1,False,0.6993197278911565
SIG_ATNF_7GENE,T_UNIFI_REM_W8,GSE206285_UNIFI,81,WNK2:+1;OCRL:-1;ASB7:+1;PCBP3:-1;AMPD2:-1;FAM155A:-1;IL13RA2:+1,False,0.6778101716877227
SIG_ATNF_7GENE,T_UNIFI_REM_W8,GSE206285_UNIFI,82,WNK2:+1;OCRL:-1;ASB7:+1;PCBP3:-1;AMPD2:-1;FAM155A:+1;IL13RA2:-1,False,0.6419177194687399
SIG_ATNF_7GENE,T_UNIFI_REM_W8,GSE206285_UNIFI,83,WNK2:+1;OCRL:-1;ASB7:+1;PCBP3:-1;AMPD2:-1;FAM155A:+1;IL13RA2:+1,False,0.5528344671201814
SIG_ATNF_7GENE,T_UNIFI_REM_W8,GSE206285_UNIFI,84,WNK2:+1;OCRL:-1;ASB7:+1;PCBP3:-1;AMPD2:+1;FAM155A:-1;IL13RA2:-1,False,0.6475542597991577
SIG_ATNF_7GENE,T_UNIFI_REM_W8,GSE206285_UNIFI,85,WNK2:+1;OCRL:-1;ASB7:+1;PCBP3:-1;AMPD2:+1;FAM155A:-1;IL13RA2:+1,False,0.5568513119533528
SIG_ATNF_7GENE,T_UNIFI_REM_W8,GSE206285_UNIFI,86,WNK2:+1;OCRL:-1;ASB7:+1;PCBP3:-1;AMPD2:+1;FAM155A:+1;IL13RA2:-1,False,0.48837058632977
SIG_ATNF_7GENE,T_UNIFI_REM_W8,GSE206285_UNIFI,87,WNK2:+1;OCRL:-1;ASB7:+1;PCBP3:-1;AMPD2:+1;FAM155A:+1;IL13RA2:+1,False,0.38134110787172015
SIG_ATNF_7GENE,T_UNIFI_REM_W8,GSE206285_UNIFI,88,WNK2:+1;OCRL:-1;ASB7:+1;PCBP3:+1;AMPD2:-1;FAM155A:-1;IL13RA2:-1,False,0.6780693229672821
SIG_ATNF_7GENE,T_UNIFI_REM_W8,GSE206285_UNIFI,89,WNK2:+1;OCRL:-1;ASB7:+1;PCBP3:+1;AMPD2:-1;FAM155A:-1;IL13RA2:+1,False,0.6003239390994493
SIG_ATNF_7GENE,T_UNIFI_REM_W8,GSE206285_UNIFI,90,WNK2:+1;OCRL:-1;ASB7:+1;PCBP3:+1;AMPD2:-1;FAM155A:+1;IL13RA2:-1,False,0.566115970197603
SIG_ATNF_7GENE,T_UNIFI_REM_W8,GSE206285_UNIFI,91,WNK2:+1;OCRL:-1;ASB7:+1;PCBP3:+1;AMPD2:-1;FAM155A:+1;IL13RA2:+1,False,0.4397149335924846
SIG_ATNF_7GENE,T_UNIFI_REM_W8,GSE206285_UNIFI,92,WNK2:+1;OCRL:-1;ASB7:+1;PCBP3:+1;AMPD2:+1;FAM155A:-1;IL13RA2:-1,False,0.5638483965014577
SIG_ATNF_7GENE,T_UNIFI_REM_W8,GSE206285_UNIFI,93,WNK2:+1;OCRL:-1;ASB7:+1;PCBP3:+1;AMPD2:+1;FAM155A:-1;IL13RA2:+1,False,0.43453190800129576
SIG_ATNF_7GENE,T_UNIFI_REM_W8,GSE206285_UNIFI,94,WNK2:+1;OCRL:-1;ASB7:+1;PCBP3:+1;AMPD2:+1;FAM155A:+1;IL13RA2:-1,False,0.38801425332037576
SIG_ATNF_7GENE,T_UNIFI_REM_W8,GSE206285_UNIFI,95,WNK2:+1;OCRL:-1;ASB7:+1;PCBP3:+1;AMPD2:+1;FAM155A:+1;IL13RA2:+1,False,0.33495302883057987
SIG_ATNF_7GENE,T_UNIFI_REM_W8,GSE206285_UNIFI,96,WNK2:+1;OCRL:+1;ASB7:-1;PCBP3:-1;AMPD2:-1;FAM155A:-1;IL13RA2:-1,False,0.7072238419177195
SIG_ATNF_7GENE,T_UNIFI_REM_W8,GSE206285_UNIFI,97,WNK2:+1;OCRL:+1;ASB7:-1;PCBP3:-1;AMPD2:-1;FAM155A:-1;IL13RA2:+1,False,0.7090379008746356
SIG_ATNF_7GENE,T_UNIFI_REM_W8,GSE206285_UNIFI,98,WNK2:+1;OCRL:+1;ASB7:-1;PCBP3:-1;AMPD2:-1;FAM155A:+1;IL13RA2:-1,False,0.6686750890832522
SIG_ATNF_7GENE,T_UNIFI_REM_W8,GSE206285_UNIFI,99,WNK2:+1;OCRL:+1;ASB7:-1;PCBP3:-1;AMPD2:-1;FAM155A:+1;IL13RA2:+1,False,0.638613540654357
SIG_ATNF_7GENE,T_UNIFI_REM_W8,GSE206285_UNIFI,100,WNK2:+1;OCRL:+1;ASB7:-1;PCBP3:-1;AMPD2:+1;FAM155A:-1;IL13RA2:-1,False,0.6631033365727244
SIG_ATNF_7GENE,T_UNIFI_REM_W8,GSE206285_UNIFI,101,WNK2:+1;OCRL:+1;ASB7:-1;PCBP3:-1;AMPD2:+1;FAM155A:-1;IL13RA2:+1,False,0.6263686426951733
SIG_ATNF_7GENE,T_UNIFI_REM_W8,GSE206285_UNIFI,102,WNK2:+1;OCRL:+1;ASB7:-1;PCBP3:-1;AMPD2:+1;FAM155A:+1;IL13RA2:-1,False,0.579527048914804
SIG_ATNF_7GENE,T_UNIFI_REM_W8,GSE206285_UNIFI,103,WNK2:+1;OCRL:+1;ASB7:-1;PCBP3:-1;AMPD2:+1;FAM155A:+1;IL13RA2:+1,False,0.4627146096533852
SIG_ATNF_7GENE,T_UNIFI_REM_W8,GSE206285_UNIFI,104,WNK2:+1;OCRL:+1;ASB7:-1;PCBP3:+1;AMPD2:-1;FAM155A:-1;IL13RA2:-1,False,0.6857142857142857
SIG_ATNF_7GENE,T_UNIFI_REM_W8,GSE206285_UNIFI,105,WNK2:+1;OCRL:+1;ASB7:-1;PCBP3:+1;AMPD2:-1;FAM155A:-1;IL13RA2:+1,False,0.6564301911240686
SIG_ATNF_7GENE,T_UNIFI_REM_W8,GSE206285_UNIFI,106,WNK2:+1;OCRL:+1;ASB7:-1;PCBP3:+1;AMPD2:-1;FAM155A:+1;IL13RA2:-1,False,0.6088759313249108
SIG_ATNF_7GENE,T_UNIFI_REM_W8,GSE206285_UNIFI,107,WNK2:+1;OCRL:+1;ASB7:-1;PCBP3:+1;AMPD2:-1;FAM155A:+1;IL13RA2:+1,False,0.5207644962747003
SIG_ATNF_7GENE,T_UNIFI_REM_W8,GSE206285_UNIFI,108,WNK2:+1;OCRL:+1;ASB7:-1;PCBP3:+1;AMPD2:+1;FAM155A:-1;IL13RA2:-1,False,0.6128927761580824
SIG_ATNF_7GENE,T_UNIFI_REM_W8,GSE206285_UNIFI,109,WNK2:+1;OCRL:+1;ASB7:-1;PCBP3:+1;AMPD2:+1;FAM155A:-1;IL13RA2:+1,False,0.5227729186912861
SIG_ATNF_7GENE,T_UNIFI_REM_W8,GSE206285_UNIFI,110,WNK2:+1;OCRL:+1;ASB7:-1;PCBP3:+1;AMPD2:+1;FAM155A:+1;IL13RA2:-1,False,0.4643343051506317
SIG_ATNF_7GENE,T_UNIFI_REM_W8,GSE206285_UNIFI,111,WNK2:+1;OCRL:+1;ASB7:-1;PCBP3:+1;AMPD2:+1;FAM155A:+1;IL13RA2:+1,False,0.3889860706187237
SIG_ATNF_7GENE,T_UNIFI_REM_W8,GSE206285_UNIFI,112,WNK2:+1;OCRL:+1;ASB7:+1;PCBP3:-1;AMPD2:-1;FAM155A:-1;IL13RA2:-1,True,0.7002915451895043
SIG_ATNF_7GENE,T_UNIFI_REM_W8,GSE206285_UNIFI,113,WNK2:+1;OCRL:+1;ASB7:+1;PCBP3:-1;AMPD2:-1;FAM155A:-1;IL13RA2:+1,False,0.6960803368966635
SIG_ATNF_7GENE,T_UNIFI_REM_W8,GSE206285_UNIFI,114,WNK2:+1;OCRL:+1;ASB7:+1;PCBP3:-1;AMPD2:-1;FAM155A:+1;IL13RA2:-1,False,0.6596695821185617
SIG_ATNF_7GENE,T_UNIFI_REM_W8,GSE206285_UNIFI,115,WNK2:+1;OCRL:+1;ASB7:+1;PCBP3:-1;AMPD2:-1;FAM155A:+1;IL13RA2:+1,False,0.6306446388079041
SIG_ATNF_7GENE,T_UNIFI_REM_W8,GSE206285_UNIFI,116,WNK2:+1;OCRL:+1;ASB7:+1;PCBP3:-1;AMPD2:+1;FAM155A:-1;IL13RA2:-1,False,0.6736637512147716
SIG_ATNF_7GENE,T_UNIFI_REM_W8,GSE206285_UNIFI,117,WNK2:+1;OCRL:+1;ASB7:+1;PCBP3:-1;AMPD2:+1;FAM155A:-1;IL13RA2:+1,False,0.6487852283770652
SIG_ATNF_7GENE,T_UNIFI_REM_W8,GSE206285_UNIFI,118,WNK2:+1;OCRL:+1;ASB7:+1;PCBP3:-1;AMPD2:+1;FAM155A:+1;IL13RA2:-1,False,0.595788791707159
SIG_ATNF_7GENE,T_UNIFI_REM_W8,GSE206285_UNIFI,119,WNK2:+1;OCRL:+1;ASB7:+1;PCBP3:-1;AMPD2:+1;FAM155A:+1;IL13RA2:+1,False,0.5104632329122125
SIG_ATNF_7GENE,T_UNIFI_REM_W8,GSE206285_UNIFI,120,WNK2:+1;OCRL:+1;ASB7:+1;PCBP3:+1;AMPD2:-1;FAM155A:-1;IL13RA2:-1,False,0.6977000323939099
SIG_ATNF_7GENE,T_UNIFI_REM_W8,GSE206285_UNIFI,121,WNK2:+1;OCRL:+1;ASB7:+1;PCBP3:+1;AMPD2:-1;FAM155A:-1;IL13RA2:+1,False,0.6837058632977
SIG_ATNF_7GENE,T_UNIFI_REM_W8,GSE206285_UNIFI,122,WNK2:+1;OCRL:+1;ASB7:+1;PCBP3:+1;AMPD2:-1;FAM155A:+1;IL13RA2:-1,False,0.6345966958211857
SIG_ATNF_7GENE,T_UNIFI_REM_W8,GSE206285_UNIFI,123,WNK2:+1;OCRL:+1;ASB7:+1;PCBP3:+1;AMPD2:-1;FAM155A:+1;IL13RA2:+1,False,0.5661159701976028
SIG_ATNF_7GENE,T_UNIFI_REM_W8,GSE206285_UNIFI,124,WNK2:+1;OCRL:+1;ASB7:+1;PCBP3:+1;AMPD2:+1;FAM155A:-1;IL13RA2:-1,False,0.6566245545837383
SIG_ATNF_7GENE,T_UNIFI_REM_W8,GSE206285_UNIFI,125,WNK2:+1;OCRL:+1;ASB7:+1;PCBP3:+1;AMPD2:+1;FAM155A:-1;IL13RA2:+1,False,0.5770003239390994
SIG_ATNF_7GENE,T_UNIFI_REM_W8,GSE206285_UNIFI,126,WNK2:+1;OCRL:+1;ASB7:+1;PCBP3:+1;AMPD2:+1;FAM155A:+1;IL13RA2:-1,False,0.5013281503077421
SIG_ATNF_7GENE,T_UNIFI_REM_W8,GSE206285_UNIFI,127,WNK2:+1;OCRL:+1;ASB7:+1;PCBP3:+1;AMPD2:+1;FAM155A:+1;IL13RA2:+1,False,0.40764496274700357
SIG_ATNF_7GENE,T_UNITI2_CR_W8,GSE112366_UNITI2_ILEUM,0,WNK2:-1;OCRL:-1;ASB7:-1;PCBP3:-1;AMPD2:-1;FAM155A:-1;IL13RA2:-1,False,0.4539473684210527
SIG_ATNF_7GENE,T_UNITI2_CR_W8,GSE112366_UNITI2_ILEUM,1,WNK2:-1;OCRL:-1;ASB7:-1;PCBP3:-1;AMPD2:-1;FAM155A:-1;IL13RA2:+1,False,0.39802631578947373
SIG_ATNF_7GENE,T_UNITI2_CR_W8,GSE112366_UNITI2_ILEUM,2,WNK2:-1;OCRL:-1;ASB7:-1;PCBP3:-1;AMPD2:-1;FAM155A:+1;IL13RA2:-1,False,0.5257675438596491
SIG_ATNF_7GENE,T_UNITI2_CR_W8,GSE112366_UNITI2_ILEUM,3,WNK2:-1;OCRL:-1;ASB7:-1;PCBP3:-1;AMPD2:-1;FAM155A:+1;IL13RA2:+1,False,0.4665570175438597
SIG_ATNF_7GENE,T_UNITI2_CR_W8,GSE112366_UNITI2_ILEUM,4,WNK2:-1;OCRL:-1;ASB7:-1;PCBP3:-1;AMPD2:+1;FAM155A:-1;IL13RA2:-1,False,0.40186403508771934
SIG_ATNF_7GENE,T_UNITI2_CR_W8,GSE112366_UNITI2_ILEUM,5,WNK2:-1;OCRL:-1;ASB7:-1;PCBP3:-1;AMPD2:+1;FAM155A:-1;IL13RA2:+1,False,0.3799342105263158
SIG_ATNF_7GENE,T_UNITI2_CR_W8,GSE112366_UNITI2_ILEUM,6,WNK2:-1;OCRL:-1;ASB7:-1;PCBP3:-1;AMPD2:+1;FAM155A:+1;IL13RA2:-1,False,0.48519736842105265
SIG_ATNF_7GENE,T_UNITI2_CR_W8,GSE112366_UNITI2_ILEUM,7,WNK2:-1;OCRL:-1;ASB7:-1;PCBP3:-1;AMPD2:+1;FAM155A:+1;IL13RA2:+1,False,0.45010964912280704
SIG_ATNF_7GENE,T_UNITI2_CR_W8,GSE112366_UNITI2_ILEUM,8,WNK2:-1;OCRL:-1;ASB7:-1;PCBP3:+1;AMPD2:-1;FAM155A:-1;IL13RA2:-1,False,0.47313596491228066
SIG_ATNF_7GENE,T_UNITI2_CR_W8,GSE112366_UNITI2_ILEUM,9,WNK2:-1;OCRL:-1;ASB7:-1;PCBP3:+1;AMPD2:-1;FAM155A:-1;IL13RA2:+1,False,0.41831140350877194
SIG_ATNF_7GENE,T_UNITI2_CR_W8,GSE112366_UNITI2_ILEUM,10,WNK2:-1;OCRL:-1;ASB7:-1;PCBP3:+1;AMPD2:-1;FAM155A:+1;IL13RA2:-1,False,0.5213815789473684
SIG_ATNF_7GENE,T_UNITI2_CR_W8,GSE112366_UNITI2_ILEUM,11,WNK2:-1;OCRL:-1;ASB7:-1;PCBP3:+1;AMPD2:-1;FAM155A:+1;IL13RA2:+1,False,0.4736842105263158
SIG_ATNF_7GENE,T_UNITI2_CR_W8,GSE112366_UNITI2_ILEUM,12,WNK2:-1;OCRL:-1;ASB7:-1;PCBP3:+1;AMPD2:+1;FAM155A:-1;IL13RA2:-1,False,0.4594298245614036
SIG_ATNF_7GENE,T_UNITI2_CR_W8,GSE112366_UNITI2_ILEUM,13,WNK2:-1;OCRL:-1;ASB7:-1;PCBP3:+1;AMPD2:+1;FAM155A:-1;IL13RA2:+1,False,0.4221491228070175
SIG_ATNF_7GENE,T_UNITI2_CR_W8,GSE112366_UNITI2_ILEUM,14,WNK2:-1;OCRL:-1;ASB7:-1;PCBP3:+1;AMPD2:+1;FAM155A:+1;IL13RA2:-1,False,0.5191885964912282
SIG_ATNF_7GENE,T_UNITI2_CR_W8,GSE112366_UNITI2_ILEUM,15,WNK2:-1;OCRL:-1;ASB7:-1;PCBP3:+1;AMPD2:+1;FAM155A:+1;IL13RA2:+1,False,0.4703947368421053
SIG_ATNF_7GENE,T_UNITI2_CR_W8,GSE112366_UNITI2_ILEUM,16,WNK2:-1;OCRL:-1;ASB7:+1;PCBP3:-1;AMPD2:-1;FAM155A:-1;IL13RA2:-1,False,0.46929824561403505
SIG_ATNF_7GENE,T_UNITI2_CR_W8,GSE112366_UNITI2_ILEUM,17,WNK2:-1;OCRL:-1;ASB7:+1;PCBP3:-1;AMPD2:-1;FAM155A:-1;IL13RA2:+1,False,0.4232456140350877
SIG_ATNF_7GENE,T_UNITI2_CR_W8,GSE112366_UNITI2_ILEUM,18,WNK2:-1;OCRL:-1;ASB7:+1;PCBP3:-1;AMPD2:-1;FAM155A:+1;IL13RA2:-1,False,0.537828947368421
SIG_ATNF_7GENE,T_UNITI2_CR_W8,GSE112366_UNITI2_ILEUM,19,WNK2:-1;OCRL:-1;ASB7:+1;PCBP3:-1;AMPD2:-1;FAM155A:+1;IL13RA2:+1,False,0.4660087719298246
SIG_ATNF_7GENE,T_UNITI2_CR_W8,GSE112366_UNITI2_ILEUM,20,WNK2:-1;OCRL:-1;ASB7:+1;PCBP3:-1;AMPD2:+1;FAM155A:-1;IL13RA2:-1,False,0.41940789473684215
SIG_ATNF_7GENE,T_UNITI2_CR_W8,GSE112366_UNITI2_ILEUM,21,WNK2:-1;OCRL:-1;ASB7:+1;PCBP3:-1;AMPD2:+1;FAM155A:-1;IL13RA2:+1,False,0.37390350877192985
SIG_ATNF_7GENE,T_UNITI2_CR_W8,GSE112366_UNITI2_ILEUM,22,WNK2:-1;OCRL:-1;ASB7:+1;PCBP3:-1;AMPD2:+1;FAM155A:+1;IL13RA2:-1,False,0.49396929824561403
SIG_ATNF_7GENE,T_UNITI2_CR_W8,GSE112366_UNITI2_ILEUM,23,WNK2:-1;OCRL:-1;ASB7:+1;PCBP3:-1;AMPD2:+1;FAM155A:+1;IL13RA2:+1,False,0.444078947368421
SIG_ATNF_7GENE,T_UNITI2_CR_W8,GSE112366_UNITI2_ILEUM,24,WNK2:-1;OCRL:-1;ASB7:+1;PCBP3:+1;AMPD2:-1;FAM155A:-1;IL13RA2:-1,False,0.4692982456140351
SIG_ATNF_7GENE,T_UNITI2_CR_W8,GSE112366_UNITI2_ILEUM,25,WNK2:-1;OCRL:-1;ASB7:+1;PCBP3:+1;AMPD2:-1;FAM155A:-1;IL13RA2:+1,False,0.42598684210526316
SIG_ATNF_7GENE,T_UNITI2_CR_W8,GSE112366_UNITI2_ILEUM,26,WNK2:-1;OCRL:-1;ASB7:+1;PCBP3:+1;AMPD2:-1;FAM155A:+1;IL13RA2:-1,False,0.5350877192982456
SIG_ATNF_7GENE,T_UNITI2_CR_W8,GSE112366_UNITI2_ILEUM,27,WNK2:-1;OCRL:-1;ASB7:+1;PCBP3:+1;AMPD2:-1;FAM155A:+1;IL13RA2:+1,False,0.4846491228070175
SIG_ATNF_7GENE,T_UNITI2_CR_W8,GSE112366_UNITI2_ILEUM,28,WNK2:-1;OCRL:-1;ASB7:+1;PCBP3:+1;AMPD2:+1;FAM155A:-1;IL13RA2:-1,False,0.45120614035087725
SIG_ATNF_7GENE,T_UNITI2_CR_W8,GSE112366_UNITI2_ILEUM,29,WNK2:-1;OCRL:-1;ASB7:+1;PCBP3:+1;AMPD2:+1;FAM155A:-1;IL13RA2:+1,False,0.4029605263157895
SIG_ATNF_7GENE,T_UNITI2_CR_W8,GSE112366_UNITI2_ILEUM,30,WNK2:-1;OCRL:-1;ASB7:+1;PCBP3:+1;AMPD2:+1;FAM155A:+1;IL13RA2:-1,False,0.5235745614035088
SIG_ATNF_7GENE,T_UNITI2_CR_W8,GSE112366_UNITI2_ILEUM,31,WNK2:-1;OCRL:-1;ASB7:+1;PCBP3:+1;AMPD2:+1;FAM155A:+1;IL13RA2:+1,False,0.462171052631579
SIG_ATNF_7GENE,T_UNITI2_CR_W8,GSE112366_UNITI2_ILEUM,32,WNK2:-1;OCRL:+1;ASB7:-1;PCBP3:-1;AMPD2:-1;FAM155A:-1;IL13RA2:-1,False,0.5016447368421053
SIG_ATNF_7GENE,T_UNITI2_CR_W8,GSE112366_UNITI2_ILEUM,33,WNK2:-1;OCRL:+1;ASB7:-1;PCBP3:-1;AMPD2:-1;FAM155A:-1;IL13RA2:+1,False,0.4364035087719298
SIG_ATNF_7GENE,T_UNITI2_CR_W8,GSE112366_UNITI2_ILEUM,34,WNK2:-1;OCRL:+1;ASB7:-1;PCBP3:-1;AMPD2:-1;FAM155A:+1;IL13RA2:-1,False,0.5893640350877193
SIG_ATNF_7GENE,T_UNITI2_CR_W8,GSE112366_UNITI2_ILEUM,35,WNK2:-1;OCRL:+1;ASB7:-1;PCBP3:-1;AMPD2:-1;FAM155A:+1;IL13RA2:+1,False,0.5219298245614035
SIG_ATNF_7GENE,T_UNITI2_CR_W8,GSE112366_UNITI2_ILEUM,36,WNK2:-1;OCRL:+1;ASB7:-1;PCBP3:-1;AMPD2:+1;FAM155A:-1;IL13RA2:-1,False,0.4446271929824561
SIG_ATNF_7GENE,T_UNITI2_CR_W8,GSE112366_UNITI2_ILEUM,37,WNK2:-1;OCRL:+1;ASB7:-1;PCBP3:-1;AMPD2:+1;FAM155A:-1;IL13RA2:+1,False,0.3991228070175439
SIG_ATNF_7GENE,T_UNITI2_CR_W8,GSE112366_UNITI2_ILEUM,38,WNK2:-1;OCRL:+1;ASB7:-1;PCBP3:-1;AMPD2:+1;FAM155A:+1;IL13RA2:-1,False,0.543859649122807
SIG_ATNF_7GENE,T_UNITI2_CR_W8,GSE112366_UNITI2_ILEUM,39,WNK2:-1;OCRL:+1;ASB7:-1;PCBP3:-1;AMPD2:+1;FAM155A:+1;IL13RA2:+1,False,0.48958333333333337
SIG_ATNF_7GENE,T_UNITI2_CR_W8,GSE112366_UNITI2_ILEUM,40,WNK2:-1;OCRL:+1;ASB7:-1;PCBP3:+1;AMPD2:-1;FAM155A:-1;IL13RA2:-1,False,0.5169956140350878
SIG_ATNF_7GENE,T_UNITI2_CR_W8,GSE112366_UNITI2_ILEUM,41,WNK2:-1;OCRL:+1;ASB7:-1;PCBP3:+1;AMPD2:-1;FAM155A:-1;IL13RA2:+1,False,0.4418859649122807
SIG_ATNF_7GENE,T_UNITI2_CR_W8,GSE112366_UNITI2_ILEUM,42,WNK2:-1;OCRL:+1;ASB7:-1;PCBP3:+1;AMPD2:-1;FAM155A:+1;IL13RA2:-1,False,0.5948464912280701
SIG_ATNF_7GENE,T_UNITI2_CR_W8,GSE112366_UNITI2_ILEUM,43,WNK2:-1;OCRL:+1;ASB7:-1;PCBP3:+1;AMPD2:-1;FAM155A:+1;IL13RA2:+1,False,0.5043859649122807
SIG_ATNF_7GENE,T_UNITI2_CR_W8,GSE112366_UNITI2_ILEUM,44,WNK2:-1;OCRL:+1;ASB7:-1;PCBP3:+1;AMPD2:+1;FAM155A:-1;IL13RA2:-1,False,0.5021929824561403
SIG_ATNF_7GENE,T_UNITI2_CR_W8,GSE112366_UNITI2_ILEUM,45,WNK2:-1;OCRL:+1;ASB7:-1;PCBP3:+1;AMPD2:+1;FAM155A:-1;IL13RA2:+1,False,0.42598684210526316
SIG_ATNF_7GENE,T_UNITI2_CR_W8,GSE112366_UNITI2_ILEUM,46,WNK2:-1;OCRL:+1;ASB7:-1;PCBP3:+1;AMPD2:+1;FAM155A:+1;IL13RA2:-1,False,0.5367324561403509
SIG_ATNF_7GENE,T_UNITI2_CR_W8,GSE112366_UNITI2_ILEUM,47,WNK2:-1;OCRL:+1;ASB7:-1;PCBP3:+1;AMPD2:+1;FAM155A:+1;IL13RA2:+1,False,0.4917763157894737
SIG_ATNF_7GENE,T_UNITI2_CR_W8,GSE112366_UNITI2_ILEUM,48,WNK2:-1;OCRL:+1;ASB7:+1;PCBP3:-1;AMPD2:-1;FAM155A:-1;IL13RA2:-1,False,0.49451754385964913
SIG_ATNF_7GENE,T_UNITI2_CR_W8,GSE112366_UNITI2_ILEUM,49,WNK2:-1;OCRL:+1;ASB7:+1;PCBP3:-1;AMPD2:-1;FAM155A:-1;IL13RA2:+1,False,0.4375
SIG_ATNF_7GENE,T_UNITI2_CR_W8,GSE112366_UNITI2_ILEUM,50,WNK2:-1;OCRL:+1;ASB7:+1;PCBP3:-1;AMPD2:-1;FAM155A:+1;IL13RA2:-1,False,0.5504385964912282
SIG_ATNF_7GENE,T_UNITI2_CR_W8,GSE112366_UNITI2_ILEUM,51,WNK2:-1;OCRL:+1;ASB7:+1;PCBP3:-1;AMPD2:-1;FAM155A:+1;IL13RA2:+1,False,0.4967105263157895
SIG_ATNF_7GENE,T_UNITI2_CR_W8,GSE112366_UNITI2_ILEUM,52,WNK2:-1;OCRL:+1;ASB7:+1;PCBP3:-1;AMPD2:+1;FAM155A:-1;IL13RA2:-1,False,0.45997807017543857
SIG_ATNF_7GENE,T_UNITI2_CR_W8,GSE112366_UNITI2_ILEUM,53,WNK2:-1;OCRL:+1;ASB7:+1;PCBP3:-1;AMPD2:+1;FAM155A:-1;IL13RA2:+1,False,0.41173245614035087
SIG_ATNF_7GENE,T_UNITI2_CR_W8,GSE112366_UNITI2_ILEUM,54,WNK2:-1;OCRL:+1;ASB7:+1;PCBP3:-1;AMPD2:+1;FAM155A:+1;IL13RA2:-1,False,0.5586622807017544
SIG_ATNF_7GENE,T_UNITI2_CR_W8,GSE112366_UNITI2_ILEUM,55,WNK2:-1;OCRL:+1;ASB7:+1;PCBP3:-1;AMPD2:+1;FAM155A:+1;IL13RA2:+1,False,0.48245614035087714
SIG_ATNF_7GENE,T_UNITI2_CR_W8,GSE112366_UNITI2_ILEUM,56,WNK2:-1;OCRL:+1;ASB7:+1;PCBP3:+1;AMPD2:-1;FAM155A:-1;IL13RA2:-1,False,0.5180921052631579
SIG_ATNF_7GENE,T_UNITI2_CR_W8,GSE112366_UNITI2_ILEUM,57,WNK2:-1;OCRL:+1;ASB7:+1;PCBP3:+1;AMPD2:-1;FAM155A:-1;IL13RA2:+1,False,0.469298245614035
SIG_ATNF_7GENE,T_UNITI2_CR_W8,GSE112366_UNITI2_ILEUM,58,WNK2:-1;OCRL:+1;ASB7:+1;PCBP3:+1;AMPD2:-1;FAM155A:+1;IL13RA2:-1,False,0.5910087719298246
SIG_ATNF_7GENE,T_UNITI2_CR_W8,GSE112366_UNITI2_ILEUM,59,WNK2:-1;OCRL:+1;ASB7:+1;PCBP3:+1;AMPD2:-1;FAM155A:+1;IL13RA2:+1,False,0.5175438596491229
SIG_ATNF_7GENE,T_UNITI2_CR_W8,GSE112366_UNITI2_ILEUM,60,WNK2:-1;OCRL:+1;ASB7:+1;PCBP3:+1;AMPD2:+1;FAM155A:-1;IL13RA2:-1,False,0.5027412280701754
SIG_ATNF_7GENE,T_UNITI2_CR_W8,GSE112366_UNITI2_ILEUM,61,WNK2:-1;OCRL:+1;ASB7:+1;PCBP3:+1;AMPD2:+1;FAM155A:-1;IL13RA2:+1,False,0.41940789473684215
SIG_ATNF_7GENE,T_UNITI2_CR_W8,GSE112366_UNITI2_ILEUM,62,WNK2:-1;OCRL:+1;ASB7:+1;PCBP3:+1;AMPD2:+1;FAM155A:+1;IL13RA2:-1,False,0.5592105263157896
SIG_ATNF_7GENE,T_UNITI2_CR_W8,GSE112366_UNITI2_ILEUM,63,WNK2:-1;OCRL:+1;ASB7:+1;PCBP3:+1;AMPD2:+1;FAM155A:+1;IL13RA2:+1,False,0.48081140350877194
SIG_ATNF_7GENE,T_UNITI2_CR_W8,GSE112366_UNITI2_ILEUM,64,WNK2:+1;OCRL:-1;ASB7:-1;PCBP3:-1;AMPD2:-1;FAM155A:-1;IL13RA2:-1,False,0.5191885964912281
SIG_ATNF_7GENE,T_UNITI2_CR_W8,GSE112366_UNITI2_ILEUM,65,WNK2:+1;OCRL:-1;ASB7:-1;PCBP3:-1;AMPD2:-1;FAM155A:-1;IL13RA2:+1,False,0.44078947368421056
SIG_ATNF_7GENE,T_UNITI2_CR_W8,GSE112366_UNITI2_ILEUM,66,WNK2:+1;OCRL:-1;ASB7:-1;PCBP3:-1;AMPD2:-1;FAM155A:+1;IL13RA2:-1,False,0.580592105263158
SIG_ATNF_7GENE,T_UNITI2_CR_W8,GSE112366_UNITI2_ILEUM,67,WNK2:+1;OCRL:-1;ASB7:-1;PCBP3:-1;AMPD2:-1;FAM155A:+1;IL13RA2:+1,False,0.4972587719298246
SIG_ATNF_7GENE,T_UNITI2_CR_W8,GSE112366_UNITI2_ILEUM,68,WNK2:+1;OCRL:-1;ASB7:-1;PCBP3:-1;AMPD2:+1;FAM155A:-1;IL13RA2:-1,False,0.48245614035087725
SIG_ATNF_7GENE,T_UNITI2_CR_W8,GSE112366_UNITI2_ILEUM,69,WNK2:+1;OCRL:-1;ASB7:-1;PCBP3:-1;AMPD2:+1;FAM155A:-1;IL13RA2:+1,False,0.4089912280701754
SIG_ATNF_7GENE,T_UNITI2_CR_W8,GSE112366_UNITI2_ILEUM,70,WNK2:+1;OCRL:-1;ASB7:-1;PCBP3:-1;AMPD2:+1;FAM155A:+1;IL13RA2:-1,False,0.5307017543859649
SIG_ATNF_7GENE,T_UNITI2_CR_W8,GSE112366_UNITI2_ILEUM,71,WNK2:+1;OCRL:-1;ASB7:-1;PCBP3:-1;AMPD2:+1;FAM155A:+1;IL13RA2:+1,False,0.4819078947368421
SIG_ATNF_7GENE,T_UNITI2_CR_W8,GSE112366_UNITI2_ILEUM,72,WNK2:+1;OCRL:-1;ASB7:-1;PCBP3:+1;AMPD2:-1;FAM155A:-1;IL13RA2:-1,False,0.5175438596491228
SIG_ATNF_7GENE,T_UNITI2_CR_W8,GSE112366_UNITI2_ILEUM,73,WNK2:+1;OCRL:-1;ASB7:-1;PCBP3:+1;AMPD2:-1;FAM155A:-1;IL13RA2:+1,False,0.44133771929824567
SIG_ATNF_7GENE,T_UNITI2_CR_W8,GSE112366_UNITI2_ILEUM,74,WNK2:+1;OCRL:-1;ASB7:-1;PCBP3:+1;AMPD2:-1;FAM155A:+1;IL13RA2:-1,False,0.5882675438596492
SIG_ATNF_7GENE,T_UNITI2_CR_W8,GSE112366_UNITI2_ILEUM,75,WNK2:+1;OCRL:-1;ASB7:-1;PCBP3:+1;AMPD2:-1;FAM155A:+1;IL13RA2:+1,False,0.5400219298245614
SIG_ATNF_7GENE,T_UNITI2_CR_W8,GSE112366_UNITI2_ILEUM,76,WNK2:+1;OCRL:-1;ASB7:-1;PCBP3:+1;AMPD2:+1;FAM155A:-1;IL13RA2:-1,False,0.5032894736842105
SIG_ATNF_7GENE,T_UNITI2_CR_W8,GSE112366_UNITI2_ILEUM,77,WNK2:+1;OCRL:-1;ASB7:-1;PCBP3:+1;AMPD2:+1;FAM155A:-1;IL13RA2:+1,False,0.44956140350877194
SIG_ATNF_7GENE,T_UNITI2_CR_W8,GSE112366_UNITI2_ILEUM,78,WNK2:+1;OCRL:-1;ASB7:-1;PCBP3:+1;AMPD2:+1;FAM155A:+1;IL13RA2:-1,False,0.5625
SIG_ATNF_7GENE,T_UNITI2_CR_W8,GSE112366_UNITI2_ILEUM,79,WNK2:+1;OCRL:-1;ASB7:-1;PCBP3:+1;AMPD2:+1;FAM155A:+1;IL13RA2:+1,False,0.5054824561403508
SIG_ATNF_7GENE,T_UNITI2_CR_W8,GSE112366_UNITI2_ILEUM,80,WNK2:+1;OCRL:-1;ASB7:+1;PCBP3:-1;AMPD2:-1;FAM155A:-1;IL13RA2:-1,False,0.5082236842105263
SIG_ATNF_7GENE,T_UNITI2_CR_W8,GSE112366_UNITI2_ILEUM,81,WNK2:+1;OCRL:-1;ASB7:+1;PCBP3:-1;AMPD2:-1;FAM155A:-1;IL13RA2:+1,False,0.46326754385964913
SIG_ATNF_7GENE,T_UNITI2_CR_W8,GSE112366_UNITI2_ILEUM,82,WNK2:+1;OCRL:-1;ASB7:+1;PCBP3:-1;AMPD2:-1;FAM155A:+1;IL13RA2:-1,False,0.5740131578947367
SIG_ATNF_7GENE,T_UNITI2_CR_W8,GSE112366_UNITI2_ILEUM,83,WNK2:+1;OCRL:-1;ASB7:+1;PCBP3:-1;AMPD2:-1;FAM155A:+1;IL13RA2:+1,False,0.4978070175438597
SIG_ATNF_7GENE,T_UNITI2_CR_W8,GSE112366_UNITI2_ILEUM,84,WNK2:+1;OCRL:-1;ASB7:+1;PCBP3:-1;AMPD2:+1;FAM155A:-1;IL13RA2:-1,False,0.49561403508771934
SIG_ATNF_7GENE,T_UNITI2_CR_W8,GSE112366_UNITI2_ILEUM,85,WNK2:+1;OCRL:-1;ASB7:+1;PCBP3:-1;AMPD2:+1;FAM155A:-1;IL13RA2:+1,False,0.40515350877192985
SIG_ATNF_7GENE,T_UNITI2_CR_W8,GSE112366_UNITI2_ILEUM,86,WNK2:+1;OCRL:-1;ASB7:+1;PCBP3:-1;AMPD2:+1;FAM155A:+1;IL13RA2:-1,False,0.5581140350877193
SIG_ATNF_7GENE,T_UNITI2_CR_W8,GSE112366_UNITI2_ILEUM,87,WNK2:+1;OCRL:-1;ASB7:+1;PCBP3:-1;AMPD2:+1;FAM155A:+1;IL13RA2:+1,False,0.4830043859649123
SIG_ATNF_7GENE,T_UNITI2_CR_W8,GSE112366_UNITI2_ILEUM,88,WNK2:+1;OCRL:-1;ASB7:+1;PCBP3:+1;AMPD2:-1;FAM155A:-1;IL13RA2:-1,False,0.5104166666666666
SIG_ATNF_7GENE,T_UNITI2_CR_W8,GSE112366_UNITI2_ILEUM,89,WNK2:+1;OCRL:-1;ASB7:+1;PCBP3:+1;AMPD2:-1;FAM155A:-1;IL13RA2:+1,False,0.45614035087719296
SIG_ATNF_7GENE,T_UNITI2_CR_W8,GSE112366_UNITI2_ILEUM,90,WNK2:+1;OCRL:-1;ASB7:+1;PCBP3:+1;AMPD2:-1;FAM155A:+1;IL13RA2:-1,False,0.6008771929824561
SIG_ATNF_7GENE,T_UNITI2_CR_W8,GSE112366_UNITI2_ILEUM,91,WNK2:+1;OCRL:-1;ASB7:+1;PCBP3:+1;AMPD2:-1;FAM155A:+1;IL13RA2:+1,False,0.5553728070175438
SIG_ATNF_7GENE,T_UNITI2_CR_W8,GSE112366_UNITI2_ILEUM,92,WNK2:+1;OCRL:-1;ASB7:+1;PCBP3:+1;AMPD2:+1;FAM155A:-1;IL13RA2:-1,False,0.47807017543859653
SIG_ATNF_7GENE,T_UNITI2_CR_W8,GSE112366_UNITI2_ILEUM,93,WNK2:+1;OCRL:-1;ASB7:+1;PCBP3:+1;AMPD2:+1;FAM155A:-1;IL13RA2:+1,False,0.41063596491228066
SIG_ATNF_7GENE,T_UNITI2_CR_W8,GSE112366_UNITI2_ILEUM,94,WNK2:+1;OCRL:-1;ASB7:+1;PCBP3:+1;AMPD2:+1;FAM155A:+1;IL13RA2:-1,False,0.5635964912280702
SIG_ATNF_7GENE,T_UNITI2_CR_W8,GSE112366_UNITI2_ILEUM,95,WNK2:+1;OCRL:-1;ASB7:+1;PCBP3:+1;AMPD2:+1;FAM155A:+1;IL13RA2:+1,False,0.4983552631578947
SIG_ATNF_7GENE,T_UNITI2_CR_W8,GSE112366_UNITI2_ILEUM,96,WNK2:+1;OCRL:+1;ASB7:-1;PCBP3:-1;AMPD2:-1;FAM155A:-1;IL13RA2:-1,False,0.537828947368421
SIG_ATNF_7GENE,T_UNITI2_CR_W8,GSE112366_UNITI2_ILEUM,97,WNK2:+1;OCRL:+1;ASB7:-1;PCBP3:-1;AMPD2:-1;FAM155A:-1;IL13RA2:+1,False,0.4764254385964913
SIG_ATNF_7GENE,T_UNITI2_CR_W8,GSE112366_UNITI2_ILEUM,98,WNK2:+1;OCRL:+1;ASB7:-1;PCBP3:-1;AMPD2:-1;FAM155A:+1;IL13RA2:-1,False,0.5970394736842105
SIG_ATNF_7GENE,T_UNITI2_CR_W8,GSE112366_UNITI2_ILEUM,99,WNK2:+1;OCRL:+1;ASB7:-1;PCBP3:-1;AMPD2:-1;FAM155A:+1;IL13RA2:+1,False,0.5487938596491229
SIG_ATNF_7GENE,T_UNITI2_CR_W8,GSE112366_UNITI2_ILEUM,100,WNK2:+1;OCRL:+1;ASB7:-1;PCBP3:-1;AMPD2:+1;FAM155A:-1;IL13RA2:-1,False,0.5153508771929824
SIG_ATNF_7GENE,T_UNITI2_CR_W8,GSE112366_UNITI2_ILEUM,101,WNK2:+1;OCRL:+1;ASB7:-1;PCBP3:-1;AMPD2:+1;FAM155A:-1;IL13RA2:+1,False,0.46491228070175444
SIG_ATNF_7GENE,T_UNITI2_CR_W8,GSE112366_UNITI2_ILEUM,102,WNK2:+1;OCRL:+1;ASB7:-1;PCBP3:-1;AMPD2:+1;FAM155A:+1;IL13RA2:-1,False,0.5740131578947368
SIG_ATNF_7GENE,T_UNITI2_CR_W8,GSE112366_UNITI2_ILEUM,103,WNK2:+1;OCRL:+1;ASB7:-1;PCBP3:-1;AMPD2:+1;FAM155A:+1;IL13RA2:+1,False,0.5307017543859649
SIG_ATNF_7GENE,T_UNITI2_CR_W8,GSE112366_UNITI2_ILEUM,104,WNK2:+1;OCRL:+1;ASB7:-1;PCBP3:+1;AMPD2:-1;FAM155A:-1;IL13RA2:-1,False,0.5559210526315789
SIG_ATNF_7GENE,T_UNITI2_CR_W8,GSE112366_UNITI2_ILEUM,105,WNK2:+1;OCRL:+1;ASB7:-1;PCBP3:+1;AMPD2:-1;FAM155A:-1;IL13RA2:+1,False,0.5060307017543859
SIG_ATNF_7GENE,T_UNITI2_CR_W8,GSE112366_UNITI2_ILEUM,106,WNK2:+1;OCRL:+1;ASB7:-1;PCBP3:+1;AMPD2:-1;FAM155A:+1;IL13RA2:-1,False,0.6260964912280702
SIG_ATNF_7GENE,T_UNITI2_CR_W8,GSE112366_UNITI2_ILEUM,107,WNK2:+1;OCRL:+1;ASB7:-1;PCBP3:+1;AMPD2:-1;FAM155A:+1;IL13RA2:+1,False,0.5805921052631579
SIG_ATNF_7GENE,T_UNITI2_CR_W8,GSE112366_UNITI2_ILEUM,108,WNK2:+1;OCRL:+1;ASB7:-1;PCBP3:+1;AMPD2:+1;FAM155A:-1;IL13RA2:-1,False,0.5339912280701754
SIG_ATNF_7GENE,T_UNITI2_CR_W8,GSE112366_UNITI2_ILEUM,109,WNK2:+1;OCRL:+1;ASB7:-1;PCBP3:+1;AMPD2:+1;FAM155A:-1;IL13RA2:+1,False,0.4621710526315789
SIG_ATNF_7GENE,T_UNITI2_CR_W8,GSE112366_UNITI2_ILEUM,110,WNK2:+1;OCRL:+1;ASB7:-1;PCBP3:+1;AMPD2:+1;FAM155A:+1;IL13RA2:-1,False,0.5767543859649122
SIG_ATNF_7GENE,T_UNITI2_CR_W8,GSE112366_UNITI2_ILEUM,111,WNK2:+1;OCRL:+1;ASB7:-1;PCBP3:+1;AMPD2:+1;FAM155A:+1;IL13RA2:+1,False,0.5307017543859649
SIG_ATNF_7GENE,T_UNITI2_CR_W8,GSE112366_UNITI2_ILEUM,112,WNK2:+1;OCRL:+1;ASB7:+1;PCBP3:-1;AMPD2:-1;FAM155A:-1;IL13RA2:-1,True,0.5296052631578947
SIG_ATNF_7GENE,T_UNITI2_CR_W8,GSE112366_UNITI2_ILEUM,113,WNK2:+1;OCRL:+1;ASB7:+1;PCBP3:-1;AMPD2:-1;FAM155A:-1;IL13RA2:+1,False,0.48081140350877194
SIG_ATNF_7GENE,T_UNITI2_CR_W8,GSE112366_UNITI2_ILEUM,114,WNK2:+1;OCRL:+1;ASB7:+1;PCBP3:-1;AMPD2:-1;FAM155A:+1;IL13RA2:-1,False,0.5778508771929824
SIG_ATNF_7GENE,T_UNITI2_CR_W8,GSE112366_UNITI2_ILEUM,115,WNK2:+1;OCRL:+1;ASB7:+1;PCBP3:-1;AMPD2:-1;FAM155A:+1;IL13RA2:+1,False,0.5405701754385965
SIG_ATNF_7GENE,T_UNITI2_CR_W8,GSE112366_UNITI2_ILEUM,116,WNK2:+1;OCRL:+1;ASB7:+1;PCBP3:-1;AMPD2:+1;FAM155A:-1;IL13RA2:-1,False,0.5263157894736843
SIG_ATNF_7GENE,T_UNITI2_CR_W8,GSE112366_UNITI2_ILEUM,117,WNK2:+1;OCRL:+1;ASB7:+1;PCBP3:-1;AMPD2:+1;FAM155A:-1;IL13RA2:+1,False,0.47861842105263164
SIG_ATNF_7GENE,T_UNITI2_CR_W8,GSE112366_UNITI2_ILEUM,118,WNK2:+1;OCRL:+1;ASB7:+1;PCBP3:-1;AMPD2:+1;FAM155A:+1;IL13RA2:-1,False,0.581688596491228
SIG_ATNF_7GENE,T_UNITI2_CR_W8,GSE112366_UNITI2_ILEUM,119,WNK2:+1;OCRL:+1;ASB7:+1;PCBP3:-1;AMPD2:+1;FAM155A:+1;IL13RA2:+1,False,0.5268640350877193
SIG_ATNF_7GENE,T_UNITI2_CR_W8,GSE112366_UNITI2_ILEUM,120,WNK2:+1;OCRL:+1;ASB7:+1;PCBP3:+1;AMPD2:-1;FAM155A:-1;IL13RA2:-1,False,0.549890350877193
SIG_ATNF_7GENE,T_UNITI2_CR_W8,GSE112366_UNITI2_ILEUM,121,WNK2:+1;OCRL:+1;ASB7:+1;PCBP3:+1;AMPD2:-1;FAM155A:-1;IL13RA2:+1,False,0.5148026315789473
SIG_ATNF_7GENE,T_UNITI2_CR_W8,GSE112366_UNITI2_ILEUM,122,WNK2:+1;OCRL:+1;ASB7:+1;PCBP3:+1;AMPD2:-1;FAM155A:+1;IL13RA2:-1,False,0.6200657894736842
SIG_ATNF_7GENE,T_UNITI2_CR_W8,GSE112366_UNITI2_ILEUM,123,WNK2:+1;OCRL:+1;ASB7:+1;PCBP3:+1;AMPD2:-1;FAM155A:+1;IL13RA2:+1,False,0.5981359649122807
SIG_ATNF_7GENE,T_UNITI2_CR_W8,GSE112366_UNITI2_ILEUM,124,WNK2:+1;OCRL:+1;ASB7:+1;PCBP3:+1;AMPD2:+1;FAM155A:-1;IL13RA2:-1,False,0.5334429824561404
SIG_ATNF_7GENE,T_UNITI2_CR_W8,GSE112366_UNITI2_ILEUM,125,WNK2:+1;OCRL:+1;ASB7:+1;PCBP3:+1;AMPD2:+1;FAM155A:-1;IL13RA2:+1,False,0.4742324561403508
SIG_ATNF_7GENE,T_UNITI2_CR_W8,GSE112366_UNITI2_ILEUM,126,WNK2:+1;OCRL:+1;ASB7:+1;PCBP3:+1;AMPD2:+1;FAM155A:+1;IL13RA2:-1,False,0.6019736842105263
SIG_ATNF_7GENE,T_UNITI2_CR_W8,GSE112366_UNITI2_ILEUM,127,WNK2:+1;OCRL:+1;ASB7:+1;PCBP3:+1;AMPD2:+1;FAM155A:+1;IL13RA2:+1,False,0.5460526315789473
SIG_ATNF_ARJIS5,T_EMTAB7604_ER,E-MTAB-7604_ATNF,0,TNFRSF11B:-1;STC1:-1;PTGS2:-1;IL13RA2:-1;IL11:-1,True,0.7022222222222222
SIG_ATNF_ARJIS5,T_EMTAB7604_ER,E-MTAB-7604_ATNF,1,TNFRSF11B:-1;STC1:-1;PTGS2:-1;IL13RA2:-1;IL11:+1,False,0.6511111111111111
SIG_ATNF_ARJIS5,T_EMTAB7604_ER,E-MTAB-7604_ATNF,2,TNFRSF11B:-1;STC1:-1;PTGS2:-1;IL13RA2:+1;IL11:-1,False,0.6644444444444444
SIG_ATNF_ARJIS5,T_EMTAB7604_ER,E-MTAB-7604_ATNF,3,TNFRSF11B:-1;STC1:-1;PTGS2:-1;IL13RA2:+1;IL11:+1,False,0.5377777777777778
SIG_ATNF_ARJIS5,T_EMTAB7604_ER,E-MTAB-7604_ATNF,4,TNFRSF11B:-1;STC1:-1;PTGS2:+1;IL13RA2:-1;IL11:-1,False,0.6666666666666666
SIG_ATNF_ARJIS5,T_EMTAB7604_ER,E-MTAB-7604_ATNF,5,TNFRSF11B:-1;STC1:-1;PTGS2:+1;IL13RA2:-1;IL11:+1,False,0.5066666666666666
SIG_ATNF_ARJIS5,T_EMTAB7604_ER,E-MTAB-7604_ATNF,6,TNFRSF11B:-1;STC1:-1;PTGS2:+1;IL13RA2:+1;IL11:-1,False,0.5177777777777778
SIG_ATNF_ARJIS5,T_EMTAB7604_ER,E-MTAB-7604_ATNF,7,TNFRSF11B:-1;STC1:-1;PTGS2:+1;IL13RA2:+1;IL11:+1,False,0.25111111111111106
SIG_ATNF_ARJIS5,T_EMTAB7604_ER,E-MTAB-7604_ATNF,8,TNFRSF11B:-1;STC1:+1;PTGS2:-1;IL13RA2:-1;IL11:-1,False,0.7244444444444443
SIG_ATNF_ARJIS5,T_EMTAB7604_ER,E-MTAB-7604_ATNF,9,TNFRSF11B:-1;STC1:+1;PTGS2:-1;IL13RA2:-1;IL11:+1,False,0.6511111111111112
SIG_ATNF_ARJIS5,T_EMTAB7604_ER,E-MTAB-7604_ATNF,10,TNFRSF11B:-1;STC1:+1;PTGS2:-1;IL13RA2:+1;IL11:-1,False,0.6488888888888888
SIG_ATNF_ARJIS5,T_EMTAB7604_ER,E-MTAB-7604_ATNF,11,TNFRSF11B:-1;STC1:+1;PTGS2:-1;IL13RA2:+1;IL11:+1,False,0.29333333333333333
SIG_ATNF_ARJIS5,T_EMTAB7604_ER,E-MTAB-7604_ATNF,12,TNFRSF11B:-1;STC1:+1;PTGS2:+1;IL13RA2:-1;IL11:-1,False,0.6466666666666667
SIG_ATNF_ARJIS5,T_EMTAB7604_ER,E-MTAB-7604_ATNF,13,TNFRSF11B:-1;STC1:+1;PTGS2:+1;IL13RA2:-1;IL11:+1,False,0.3222222222222222
SIG_ATNF_ARJIS5,T_EMTAB7604_ER,E-MTAB-7604_ATNF,14,TNFRSF11B:-1;STC1:+1;PTGS2:+1;IL13RA2:+1;IL11:-1,False,0.3333333333333333
SIG_ATNF_ARJIS5,T_EMTAB7604_ER,E-MTAB-7604_ATNF,15,TNFRSF11B:-1;STC1:+1;PTGS2:+1;IL13RA2:+1;IL11:+1,False,0.27999999999999997
SIG_ATNF_ARJIS5,T_EMTAB7604_ER,E-MTAB-7604_ATNF,16,TNFRSF11B:+1;STC1:-1;PTGS2:-1;IL13RA2:-1;IL11:-1,False,0.72
SIG_ATNF_ARJIS5,T_EMTAB7604_ER,E-MTAB-7604_ATNF,17,TNFRSF11B:+1;STC1:-1;PTGS2:-1;IL13RA2:-1;IL11:+1,False,0.6666666666666666
SIG_ATNF_ARJIS5,T_EMTAB7604_ER,E-MTAB-7604_ATNF,18,TNFRSF11B:+1;STC1:-1;PTGS2:-1;IL13RA2:+1;IL11:-1,False,0.6777777777777777
SIG_ATNF_ARJIS5,T_EMTAB7604_ER,E-MTAB-7604_ATNF,19,TNFRSF11B:+1;STC1:-1;PTGS2:-1;IL13RA2:+1;IL11:+1,False,0.3533333333333333
SIG_ATNF_ARJIS5,T_EMTAB7604_ER,E-MTAB-7604_ATNF,20,TNFRSF11B:+1;STC1:-1;PTGS2:+1;IL13RA2:-1;IL11:-1,False,0.7066666666666667
SIG_ATNF_ARJIS5,T_EMTAB7604_ER,E-MTAB-7604_ATNF,21,TNFRSF11B:+1;STC1:-1;PTGS2:+1;IL13RA2:-1;IL11:+1,False,0.3511111111111111
SIG_ATNF_ARJIS5,T_EMTAB7604_ER,E-MTAB-7604_ATNF,22,TNFRSF11B:+1;STC1:-1;PTGS2:+1;IL13RA2:+1;IL11:-1,False,0.3488888888888889
SIG_ATNF_ARJIS5,T_EMTAB7604_ER,E-MTAB-7604_ATNF,23,TNFRSF11B:+1;STC1:-1;PTGS2:+1;IL13RA2:+1;IL11:+1,False,0.27555555555555555
SIG_ATNF_ARJIS5,T_EMTAB7604_ER,E-MTAB-7604_ATNF,24,TNFRSF11B:+1;STC1:+1;PTGS2:-1;IL13RA2:-1;IL11:-1,False,0.7488888888888889
SIG_ATNF_ARJIS5,T_EMTAB7604_ER,E-MTAB-7604_ATNF,25,TNFRSF11B:+1;STC1:+1;PTGS2:-1;IL13RA2:-1;IL11:+1,False,0.4822222222222222
SIG_ATNF_ARJIS5,T_EMTAB7604_ER,E-MTAB-7604_ATNF,26,TNFRSF11B:+1;STC1:+1;PTGS2:-1;IL13RA2:+1;IL11:-1,False,0.4933333333333333
SIG_ATNF_ARJIS5,T_EMTAB7604_ER,E-MTAB-7604_ATNF,27,TNFRSF11B:+1;STC1:+1;PTGS2:-1;IL13RA2:+1;IL11:+1,False,0.3333333333333333
SIG_ATNF_ARJIS5,T_EMTAB7604_ER,E-MTAB-7604_ATNF,28,TNFRSF11B:+1;STC1:+1;PTGS2:+1;IL13RA2:-1;IL11:-1,False,0.46222222222222226
SIG_ATNF_ARJIS5,T_EMTAB7604_ER,E-MTAB-7604_ATNF,29,TNFRSF11B:+1;STC1:+1;PTGS2:+1;IL13RA2:-1;IL11:+1,False,0.33555555555555555
SIG_ATNF_ARJIS5,T_EMTAB7604_ER,E-MTAB-7604_ATNF,30,TNFRSF11B:+1;STC1:+1;PTGS2:+1;IL13RA2:+1;IL11:-1,False,0.34888888888888886
SIG_ATNF_ARJIS5,T_EMTAB7604_ER,E-MTAB-7604_ATNF,31,TNFRSF11B:+1;STC1:+1;PTGS2:+1;IL13RA2:+1;IL11:+1,False,0.29777777777777775
SIG_ATNF_ARJIS5,T_PROGECT_MH_W6,GSE212849_PROGECT,0,TNFRSF11B:-1;STC1:-1;PTGS2:-1;IL13RA2:-1;IL11:-1,True,0.6485260770975056
SIG_ATNF_ARJIS5,T_PROGECT_MH_W6,GSE212849_PROGECT,1,TNFRSF11B:-1;STC1:-1;PTGS2:-1;IL13RA2:-1;IL11:+1,False,0.6243386243386244
SIG_ATNF_ARJIS5,T_PROGECT_MH_W6,GSE212849_PROGECT,2,TNFRSF11B:-1;STC1:-1;PTGS2:-1;IL13RA2:+1;IL11:-1,False,0.6235827664399093
SIG_ATNF_ARJIS5,T_PROGECT_MH_W6,GSE212849_PROGECT,3,TNFRSF11B:-1;STC1:-1;PTGS2:-1;IL13RA2:+1;IL11:+1,False,0.5298563869992441
SIG_ATNF_ARJIS5,T_PROGECT_MH_W6,GSE212849_PROGECT,4,TNFRSF11B:-1;STC1:-1;PTGS2:+1;IL13RA2:-1;IL11:-1,False,0.6220710506424791
SIG_ATNF_ARJIS5,T_PROGECT_MH_W6,GSE212849_PROGECT,5,TNFRSF11B:-1;STC1:-1;PTGS2:+1;IL13RA2:-1;IL11:+1,False,0.5366591080876795
SIG_ATNF_ARJIS5,T_PROGECT_MH_W6,GSE212849_PROGECT,6,TNFRSF11B:-1;STC1:-1;PTGS2:+1;IL13RA2:+1;IL11:-1,False,0.564625850340136
SIG_ATNF_ARJIS5,T_PROGECT_MH_W6,GSE212849_PROGECT,7,TNFRSF11B:-1;STC1:-1;PTGS2:+1;IL13RA2:+1;IL11:+1,False,0.28722600151171584
SIG_ATNF_ARJIS5,T_PROGECT_MH_W6,GSE212849_PROGECT,8,TNFRSF11B:-1;STC1:+1;PTGS2:-1;IL13RA2:-1;IL11:-1,False,0.653817082388511
SIG_ATNF_ARJIS5,T_PROGECT_MH_W6,GSE212849_PROGECT,9,TNFRSF11B:-1;STC1:+1;PTGS2:-1;IL13RA2:-1;IL11:+1,False,0.5525321239606954
SIG_ATNF_ARJIS5,T_PROGECT_MH_W6,GSE212849_PROGECT,10,TNFRSF11B:-1;STC1:+1;PTGS2:-1;IL13RA2:+1;IL11:-1,False,0.5691609977324263
SIG_ATNF_ARJIS5,T_PROGECT_MH_W6,GSE212849_PROGECT,11,TNFRSF11B:-1;STC1:+1;PTGS2:-1;IL13RA2:+1;IL11:+1,False,0.3378684807256236
SIG_ATNF_ARJIS5,T_PROGECT_MH_W6,GSE212849_PROGECT,12,TNFRSF11B:-1;STC1:+1;PTGS2:+1;IL13RA2:-1;IL11:-1,False,0.5963718820861679
SIG_ATNF_ARJIS5,T_PROGECT_MH_W6,GSE212849_PROGECT,13,TNFRSF11B:-1;STC1:+1;PTGS2:+1;IL13RA2:-1;IL11:+1,False,0.3303099017384732
SIG_ATNF_ARJIS5,T_PROGECT_MH_W6,GSE212849_PROGECT,14,TNFRSF11B:-1;STC1:+1;PTGS2:+1;IL13RA2:+1;IL11:-1,False,0.41043083900226757
SIG_ATNF_ARJIS5,T_PROGECT_MH_W6,GSE212849_PROGECT,15,TNFRSF11B:-1;STC1:+1;PTGS2:+1;IL13RA2:+1;IL11:+1,False,0.3174603174603175
SIG_ATNF_ARJIS5,T_PROGECT_MH_W6,GSE212849_PROGECT,16,TNFRSF11B:+1;STC1:-1;PTGS2:-1;IL13RA2:-1;IL11:-1,False,0.6825396825396826
SIG_ATNF_ARJIS5,T_PROGECT_MH_W6,GSE212849_PROGECT,17,TNFRSF11B:+1;STC1:-1;PTGS2:-1;IL13RA2:-1;IL11:+1,False,0.5895691609977325
SIG_ATNF_ARJIS5,T_PROGECT_MH_W6,GSE212849_PROGECT,18,TNFRSF11B:+1;STC1:-1;PTGS2:-1;IL13RA2:+1;IL11:-1,False,0.6696900982615268
SIG_ATNF_ARJIS5,T_PROGECT_MH_W6,GSE212849_PROGECT,19,TNFRSF11B:+1;STC1:-1;PTGS2:-1;IL13RA2:+1;IL11:+1,False,0.40362811791383224
SIG_ATNF_ARJIS5,T_PROGECT_MH_W6,GSE212849_PROGECT,20,TNFRSF11B:+1;STC1:-1;PTGS2:+1;IL13RA2:-1;IL11:-1,False,0.6621315192743764
SIG_ATNF_ARJIS5,T_PROGECT_MH_W6,GSE212849_PROGECT,21,TNFRSF11B:+1;STC1:-1;PTGS2:+1;IL13RA2:-1;IL11:+1,False,0.43083900226757366
SIG_ATNF_ARJIS5,T_PROGECT_MH_W6,GSE212849_PROGECT,22,TNFRSF11B:+1;STC1:-1;PTGS2:+1;IL13RA2:+1;IL11:-1,False,0.44746787603930466
SIG_ATNF_ARJIS5,T_PROGECT_MH_W6,GSE212849_PROGECT,23,TNFRSF11B:+1;STC1:-1;PTGS2:+1;IL13RA2:+1;IL11:+1,False,0.346182917611489
SIG_ATNF_ARJIS5,T_PROGECT_MH_W6,GSE212849_PROGECT,24,TNFRSF11B:+1;STC1:+1;PTGS2:-1;IL13RA2:-1;IL11:-1,False,0.7127739984882842
SIG_ATNF_ARJIS5,T_PROGECT_MH_W6,GSE212849_PROGECT,25,TNFRSF11B:+1;STC1:+1;PTGS2:-1;IL13RA2:-1;IL11:+1,False,0.43537414965986393
SIG_ATNF_ARJIS5,T_PROGECT_MH_W6,GSE212849_PROGECT,26,TNFRSF11B:+1;STC1:+1;PTGS2:-1;IL13RA2:+1;IL11:-1,False,0.46334089191232053
SIG_ATNF_ARJIS5,T_PROGECT_MH_W6,GSE212849_PROGECT,27,TNFRSF11B:+1;STC1:+1;PTGS2:-1;IL13RA2:+1;IL11:+1,False,0.3779289493575208
SIG_ATNF_ARJIS5,T_PROGECT_MH_W6,GSE212849_PROGECT,28,TNFRSF11B:+1;STC1:+1;PTGS2:+1;IL13RA2:-1;IL11:-1,False,0.47014361300075586
SIG_ATNF_ARJIS5,T_PROGECT_MH_W6,GSE212849_PROGECT,29,TNFRSF11B:+1;STC1:+1;PTGS2:+1;IL13RA2:-1;IL11:+1,False,0.3764172335600907
SIG_ATNF_ARJIS5,T_PROGECT_MH_W6,GSE212849_PROGECT,30,TNFRSF11B:+1;STC1:+1;PTGS2:+1;IL13RA2:+1;IL11:-1,False,0.3756613756613757
SIG_ATNF_ARJIS5,T_PROGECT_MH_W6,GSE212849_PROGECT,31,TNFRSF11B:+1;STC1:+1;PTGS2:+1;IL13RA2:+1;IL11:+1,False,0.35147392290249435
SIG_ATNF_ARJIS5,T_PURSUIT_CR_W6,GSE92415_PURSUIT,0,TNFRSF11B:-1;STC1:-1;PTGS2:-1;IL13RA2:-1;IL11:-1,True,0.6585648148148149
SIG_ATNF_ARJIS5,T_PURSUIT_CR_W6,GSE92415_PURSUIT,1,TNFRSF11B:-1;STC1:-1;PTGS2:-1;IL13RA2:-1;IL11:+1,False,0.6875
SIG_ATNF_ARJIS5,T_PURSUIT_CR_W6,GSE92415_PURSUIT,2,TNFRSF11B:-1;STC1:-1;PTGS2:-1;IL13RA2:+1;IL11:-1,False,0.5844907407407407
SIG_ATNF_ARJIS5,T_PURSUIT_CR_W6,GSE92415_PURSUIT,3,TNFRSF11B:-1;STC1:-1;PTGS2:-1;IL13RA2:+1;IL11:+1,False,0.5891203703703705
SIG_ATNF_ARJIS5,T_PURSUIT_CR_W6,GSE92415_PURSUIT,4,TNFRSF11B:-1;STC1:-1;PTGS2:+1;IL13RA2:-1;IL11:-1,False,0.65625
SIG_ATNF_ARJIS5,T_PURSUIT_CR_W6,GSE92415_PURSUIT,5,TNFRSF11B:-1;STC1:-1;PTGS2:+1;IL13RA2:-1;IL11:+1,False,0.6990740740740741
SIG_ATNF_ARJIS5,T_PURSUIT_CR_W6,GSE92415_PURSUIT,6,TNFRSF11B:-1;STC1:-1;PTGS2:+1;IL13RA2:+1;IL11:-1,False,0.4664351851851852
SIG_ATNF_ARJIS5,T_PURSUIT_CR_W6,GSE92415_PURSUIT,7,TNFRSF11B:-1;STC1:-1;PTGS2:+1;IL13RA2:+1;IL11:+1,False,0.4120370370370371
SIG_ATNF_ARJIS5,T_PURSUIT_CR_W6,GSE92415_PURSUIT,8,TNFRSF11B:-1;STC1:+1;PTGS2:-1;IL13RA2:-1;IL11:-1,False,0.65625
SIG_ATNF_ARJIS5,T_PURSUIT_CR_W6,GSE92415_PURSUIT,9,TNFRSF11B:-1;STC1:+1;PTGS2:-1;IL13RA2:-1;IL11:+1,False,0.7222222222222222
SIG_ATNF_ARJIS5,T_PURSUIT_CR_W6,GSE92415_PURSUIT,10,TNFRSF11B:-1;STC1:+1;PTGS2:-1;IL13RA2:+1;IL11:-1,False,0.48958333333333337
SIG_ATNF_ARJIS5,T_PURSUIT_CR_W6,GSE92415_PURSUIT,11,TNFRSF11B:-1;STC1:+1;PTGS2:-1;IL13RA2:+1;IL11:+1,False,0.4398148148148148
SIG_ATNF_ARJIS5,T_PURSUIT_CR_W6,GSE92415_PURSUIT,12,TNFRSF11B:-1;STC1:+1;PTGS2:+1;IL13RA2:-1;IL11:-1,False,0.5740740740740741
SIG_ATNF_ARJIS5,T_PURSUIT_CR_W6,GSE92415_PURSUIT,13,TNFRSF11B:-1;STC1:+1;PTGS2:+1;IL13RA2:-1;IL11:+1,False,0.4722222222222222
SIG_ATNF_ARJIS5,T_PURSUIT_CR_W6,GSE92415_PURSUIT,14,TNFRSF11B:-1;STC1:+1;PTGS2:+1;IL13RA2:+1;IL11:-1,False,0.306712962962963
SIG_ATNF_ARJIS5,T_PURSUIT_CR_W6,GSE92415_PURSUIT,15,TNFRSF11B:-1;STC1:+1;PTGS2:+1;IL13RA2:+1;IL11:+1,False,0.35185185185185186
SIG_ATNF_ARJIS5,T_PURSUIT_CR_W6,GSE92415_PURSUIT,16,TNFRSF11B:+1;STC1:-1;PTGS2:-1;IL13RA2:-1;IL11:-1,False,0.6481481481481481
SIG_ATNF_ARJIS5,T_PURSUIT_CR_W6,GSE92415_PURSUIT,17,TNFRSF11B:+1;STC1:-1;PTGS2:-1;IL13RA2:-1;IL11:+1,False,0.6932870370370371
SIG_ATNF_ARJIS5,T_PURSUIT_CR_W6,GSE92415_PURSUIT,18,TNFRSF11B:+1;STC1:-1;PTGS2:-1;IL13RA2:+1;IL11:-1,False,0.5277777777777778
SIG_ATNF_ARJIS5,T_PURSUIT_CR_W6,GSE92415_PURSUIT,19,TNFRSF11B:+1;STC1:-1;PTGS2:-1;IL13RA2:+1;IL11:+1,False,0.425925925925926
SIG_ATNF_ARJIS5,T_PURSUIT_CR_W6,GSE92415_PURSUIT,20,TNFRSF11B:+1;STC1:-1;PTGS2:+1;IL13RA2:-1;IL11:-1,False,0.5601851851851853
SIG_ATNF_ARJIS5,T_PURSUIT_CR_W6,GSE92415_PURSUIT,21,TNFRSF11B:+1;STC1:-1;PTGS2:+1;IL13RA2:-1;IL11:+1,False,0.5104166666666666
SIG_ATNF_ARJIS5,T_PURSUIT_CR_W6,GSE92415_PURSUIT,22,TNFRSF11B:+1;STC1:-1;PTGS2:+1;IL13RA2:+1;IL11:-1,False,0.2777777777777778
SIG_ATNF_ARJIS5,T_PURSUIT_CR_W6,GSE92415_PURSUIT,23,TNFRSF11B:+1;STC1:-1;PTGS2:+1;IL13RA2:+1;IL11:+1,False,0.34375
SIG_ATNF_ARJIS5,T_PURSUIT_CR_W6,GSE92415_PURSUIT,24,TNFRSF11B:+1;STC1:+1;PTGS2:-1;IL13RA2:-1;IL11:-1,False,0.5879629629629629
SIG_ATNF_ARJIS5,T_PURSUIT_CR_W6,GSE92415_PURSUIT,25,TNFRSF11B:+1;STC1:+1;PTGS2:-1;IL13RA2:-1;IL11:+1,False,0.5335648148148148
SIG_ATNF_ARJIS5,T_PURSUIT_CR_W6,GSE92415_PURSUIT,26,TNFRSF11B:+1;STC1:+1;PTGS2:-1;IL13RA2:+1;IL11:-1,False,0.300925925925926
SIG_ATNF_ARJIS5,T_PURSUIT_CR_W6,GSE92415_PURSUIT,27,TNFRSF11B:+1;STC1:+1;PTGS2:-1;IL13RA2:+1;IL11:+1,False,0.34375
SIG_ATNF_ARJIS5,T_PURSUIT_CR_W6,GSE92415_PURSUIT,28,TNFRSF11B:+1;STC1:+1;PTGS2:+1;IL13RA2:-1;IL11:-1,False,0.41087962962962965
SIG_ATNF_ARJIS5,T_PURSUIT_CR_W6,GSE92415_PURSUIT,29,TNFRSF11B:+1;STC1:+1;PTGS2:+1;IL13RA2:-1;IL11:+1,False,0.41550925925925924
SIG_ATNF_ARJIS5,T_PURSUIT_CR_W6,GSE92415_PURSUIT,30,TNFRSF11B:+1;STC1:+1;PTGS2:+1;IL13RA2:+1;IL11:-1,False,0.31250000000000006
SIG_ATNF_ARJIS5,T_PURSUIT_CR_W6,GSE92415_PURSUIT,31,TNFRSF11B:+1;STC1:+1;PTGS2:+1;IL13RA2:+1;IL11:+1,False,0.34143518518518523
SIG_ATNF_ARJIS5,T_UNIFI_MH_W8,GSE206285_UNIFI,0,TNFRSF11B:-1;STC1:-1;PTGS2:-1;IL13RA2:-1;IL11:-1,True,0.712038789025544
SIG_ATNF_ARJIS5,T_UNIFI_MH_W8,GSE206285_UNIFI,1,TNFRSF11B:-1;STC1:-1;PTGS2:-1;IL13RA2:-1;IL11:+1,False,0.6819418164616841
SIG_ATNF_ARJIS5,T_UNIFI_MH_W8,GSE206285_UNIFI,2,TNFRSF11B:-1;STC1:-1;PTGS2:-1;IL13RA2:+1;IL11:-1,False,0.7146996215704826
SIG_ATNF_ARJIS5,T_UNIFI_MH_W8,GSE206285_UNIFI,3,TNFRSF11B:-1;STC1:-1;PTGS2:-1;IL13RA2:+1;IL11:+1,False,0.6240539262062441
SIG_ATNF_ARJIS5,T_UNIFI_MH_W8,GSE206285_UNIFI,4,TNFRSF11B:-1;STC1:-1;PTGS2:+1;IL13RA2:-1;IL11:-1,False,0.7129848628193
SIG_ATNF_ARJIS5,T_UNIFI_MH_W8,GSE206285_UNIFI,5,TNFRSF11B:-1;STC1:-1;PTGS2:+1;IL13RA2:-1;IL11:+1,False,0.6200922421948912
SIG_ATNF_ARJIS5,T_UNIFI_MH_W8,GSE206285_UNIFI,6,TNFRSF11B:-1;STC1:-1;PTGS2:+1;IL13RA2:+1;IL11:-1,False,0.6978476821192052
SIG_ATNF_ARJIS5,T_UNIFI_MH_W8,GSE206285_UNIFI,7,TNFRSF11B:-1;STC1:-1;PTGS2:+1;IL13RA2:+1;IL11:+1,False,0.4241367076631978
SIG_ATNF_ARJIS5,T_UNIFI_MH_W8,GSE206285_UNIFI,8,TNFRSF11B:-1;STC1:+1;PTGS2:-1;IL13RA2:-1;IL11:-1,False,0.6969016083254495
SIG_ATNF_ARJIS5,T_UNIFI_MH_W8,GSE206285_UNIFI,9,TNFRSF11B:-1;STC1:+1;PTGS2:-1;IL13RA2:-1;IL11:+1,False,0.60418637653737
SIG_ATNF_ARJIS5,T_UNIFI_MH_W8,GSE206285_UNIFI,10,TNFRSF11B:-1;STC1:+1;PTGS2:-1;IL13RA2:+1;IL11:-1,False,0.6204470198675497
SIG_ATNF_ARJIS5,T_UNIFI_MH_W8,GSE206285_UNIFI,11,TNFRSF11B:-1;STC1:+1;PTGS2:-1;IL13RA2:+1;IL11:+1,False,0.33094843897824033
SIG_ATNF_ARJIS5,T_UNIFI_MH_W8,GSE206285_UNIFI,12,TNFRSF11B:-1;STC1:+1;PTGS2:+1;IL13RA2:-1;IL11:-1,False,0.6487701040681173
SIG_ATNF_ARJIS5,T_UNIFI_MH_W8,GSE206285_UNIFI,13,TNFRSF11B:-1;STC1:+1;PTGS2:+1;IL13RA2:-1;IL11:+1,False,0.383337275307474
SIG_ATNF_ARJIS5,T_UNIFI_MH_W8,GSE206285_UNIFI,14,TNFRSF11B:-1;STC1:+1;PTGS2:+1;IL13RA2:+1;IL11:-1,False,0.3930345316934722
SIG_ATNF_ARJIS5,T_UNIFI_MH_W8,GSE206285_UNIFI,15,TNFRSF11B:-1;STC1:+1;PTGS2:+1;IL13RA2:+1;IL11:+1,False,0.30286187322611163
SIG_ATNF_ARJIS5,T_UNIFI_MH_W8,GSE206285_UNIFI,16,TNFRSF11B:+1;STC1:-1;PTGS2:-1;IL13RA2:-1;IL11:-1,False,0.6971381267738884
SIG_ATNF_ARJIS5,T_UNIFI_MH_W8,GSE206285_UNIFI,17,TNFRSF11B:+1;STC1:-1;PTGS2:-1;IL13RA2:-1;IL11:+1,False,0.606965468306528
SIG_ATNF_ARJIS5,T_UNIFI_MH_W8,GSE206285_UNIFI,18,TNFRSF11B:+1;STC1:-1;PTGS2:-1;IL13RA2:+1;IL11:-1,False,0.616662724692526
SIG_ATNF_ARJIS5,T_UNIFI_MH_W8,GSE206285_UNIFI,19,TNFRSF11B:+1;STC1:-1;PTGS2:-1;IL13RA2:+1;IL11:+1,False,0.3512298959318827
SIG_ATNF_ARJIS5,T_UNIFI_MH_W8,GSE206285_UNIFI,20,TNFRSF11B:+1;STC1:-1;PTGS2:+1;IL13RA2:-1;IL11:-1,False,0.6690515610217598
SIG_ATNF_ARJIS5,T_UNIFI_MH_W8,GSE206285_UNIFI,21,TNFRSF11B:+1;STC1:-1;PTGS2:+1;IL13RA2:-1;IL11:+1,False,0.3795529801324503
SIG_ATNF_ARJIS5,T_UNIFI_MH_W8,GSE206285_UNIFI,22,TNFRSF11B:+1;STC1:-1;PTGS2:+1;IL13RA2:+1;IL11:-1,False,0.3958136234626301
SIG_ATNF_ARJIS5,T_UNIFI_MH_W8,GSE206285_UNIFI,23,TNFRSF11B:+1;STC1:-1;PTGS2:+1;IL13RA2:+1;IL11:+1,False,0.30309839167455066
SIG_ATNF_ARJIS5,T_UNIFI_MH_W8,GSE206285_UNIFI,24,TNFRSF11B:+1;STC1:+1;PTGS2:-1;IL13RA2:-1;IL11:-1,False,0.5758632923368023
SIG_ATNF_ARJIS5,T_UNIFI_MH_W8,GSE206285_UNIFI,25,TNFRSF11B:+1;STC1:+1;PTGS2:-1;IL13RA2:-1;IL11:+1,False,0.30215231788079466
SIG_ATNF_ARJIS5,T_UNIFI_MH_W8,GSE206285_UNIFI,26,TNFRSF11B:+1;STC1:+1;PTGS2:-1;IL13RA2:+1;IL11:-1,False,0.3799077578051088
SIG_ATNF_ARJIS5,T_UNIFI_MH_W8,GSE206285_UNIFI,27,TNFRSF11B:+1;STC1:+1;PTGS2:-1;IL13RA2:+1;IL11:+1,False,0.2870151371807001
SIG_ATNF_ARJIS5,T_UNIFI_MH_W8,GSE206285_UNIFI,28,TNFRSF11B:+1;STC1:+1;PTGS2:+1;IL13RA2:-1;IL11:-1,False,0.37594607379375594
SIG_ATNF_ARJIS5,T_UNIFI_MH_W8,GSE206285_UNIFI,29,TNFRSF11B:+1;STC1:+1;PTGS2:+1;IL13RA2:-1;IL11:+1,False,0.2853003784295175
SIG_ATNF_ARJIS5,T_UNIFI_MH_W8,GSE206285_UNIFI,30,TNFRSF11B:+1;STC1:+1;PTGS2:+1;IL13RA2:+1;IL11:-1,False,0.318058183538316
SIG_ATNF_ARJIS5,T_UNIFI_MH_W8,GSE206285_UNIFI,31,TNFRSF11B:+1;STC1:+1;PTGS2:+1;IL13RA2:+1;IL11:+1,False,0.28796121097445604
SIG_ATNF_ARJIS5,T_UNIFI_REM_W8,GSE206285_UNIFI,0,TNFRSF11B:-1;STC1:-1;PTGS2:-1;IL13RA2:-1;IL11:-1,True,0.6850016196954972
SIG_ATNF_ARJIS5,T_UNIFI_REM_W8,GSE206285_UNIFI,1,TNFRSF11B:-1;STC1:-1;PTGS2:-1;IL13RA2:-1;IL11:+1,False,0.6667962423064464
SIG_ATNF_ARJIS5,T_UNIFI_REM_W8,GSE206285_UNIFI,2,TNFRSF11B:-1;STC1:-1;PTGS2:-1;IL13RA2:+1;IL11:-1,False,0.7080660835762876
SIG_ATNF_ARJIS5,T_UNIFI_REM_W8,GSE206285_UNIFI,3,TNFRSF11B:-1;STC1:-1;PTGS2:-1;IL13RA2:+1;IL11:+1,False,0.6543569808875931
SIG_ATNF_ARJIS5,T_UNIFI_REM_W8,GSE206285_UNIFI,4,TNFRSF11B:-1;STC1:-1;PTGS2:+1;IL13RA2:-1;IL11:-1,False,0.6651117589893101
SIG_ATNF_ARJIS5,T_UNIFI_REM_W8,GSE206285_UNIFI,5,TNFRSF11B:-1;STC1:-1;PTGS2:+1;IL13RA2:-1;IL11:+1,False,0.5817946226109492
SIG_ATNF_ARJIS5,T_UNIFI_REM_W8,GSE206285_UNIFI,6,TNFRSF11B:-1;STC1:-1;PTGS2:+1;IL13RA2:+1;IL11:-1,False,0.6644638807904113
SIG_ATNF_ARJIS5,T_UNIFI_REM_W8,GSE206285_UNIFI,7,TNFRSF11B:-1;STC1:-1;PTGS2:+1;IL13RA2:+1;IL11:+1,False,0.4423064463880791
SIG_ATNF_ARJIS5,T_UNIFI_REM_W8,GSE206285_UNIFI,8,TNFRSF11B:-1;STC1:+1;PTGS2:-1;IL13RA2:-1;IL11:-1,False,0.656754130223518
SIG_ATNF_ARJIS5,T_UNIFI_REM_W8,GSE206285_UNIFI,9,TNFRSF11B:-1;STC1:+1;PTGS2:-1;IL13RA2:-1;IL11:+1,False,0.5848396501457727
SIG_ATNF_ARJIS5,T_UNIFI_REM_W8,GSE206285_UNIFI,10,TNFRSF11B:-1;STC1:+1;PTGS2:-1;IL13RA2:+1;IL11:-1,False,0.6135406543569808
SIG_ATNF_ARJIS5,T_UNIFI_REM_W8,GSE206285_UNIFI,11,TNFRSF11B:-1;STC1:+1;PTGS2:-1;IL13RA2:+1;IL11:+1,False,0.3762228701004211
SIG_ATNF_ARJIS5,T_UNIFI_REM_W8,GSE206285_UNIFI,12,TNFRSF11B:-1;STC1:+1;PTGS2:+1;IL13RA2:-1;IL11:-1,False,0.5684483317136378
SIG_ATNF_ARJIS5,T_UNIFI_REM_W8,GSE206285_UNIFI,13,TNFRSF11B:-1;STC1:+1;PTGS2:+1;IL13RA2:-1;IL11:+1,False,0.363718820861678
SIG_ATNF_ARJIS5,T_UNIFI_REM_W8,GSE206285_UNIFI,14,TNFRSF11B:-1;STC1:+1;PTGS2:+1;IL13RA2:+1;IL11:-1,False,0.38438613540654354
SIG_ATNF_ARJIS5,T_UNIFI_REM_W8,GSE206285_UNIFI,15,TNFRSF11B:-1;STC1:+1;PTGS2:+1;IL13RA2:+1;IL11:+1,False,0.32329122125040494
SIG_ATNF_ARJIS5,T_UNIFI_REM_W8,GSE206285_UNIFI,16,TNFRSF11B:+1;STC1:-1;PTGS2:-1;IL13RA2:-1;IL11:-1,False,0.676708778749595
SIG_ATNF_ARJIS5,T_UNIFI_REM_W8,GSE206285_UNIFI,17,TNFRSF11B:+1;STC1:-1;PTGS2:-1;IL13RA2:-1;IL11:+1,False,0.6156138645934565
SIG_ATNF_ARJIS5,T_UNIFI_REM_W8,GSE206285_UNIFI,18,TNFRSF11B:+1;STC1:-1;PTGS2:-1;IL13RA2:+1;IL11:-1,False,0.636281179138322
SIG_ATNF_ARJIS5,T_UNIFI_REM_W8,GSE206285_UNIFI,19,TNFRSF11B:+1;STC1:-1;PTGS2:-1;IL13RA2:+1;IL11:+1,False,0.4315516682863622
SIG_ATNF_ARJIS5,T_UNIFI_REM_W8,GSE206285_UNIFI,20,TNFRSF11B:+1;STC1:-1;PTGS2:+1;IL13RA2:-1;IL11:-1,False,0.6237771298995789
SIG_ATNF_ARJIS5,T_UNIFI_REM_W8,GSE206285_UNIFI,21,TNFRSF11B:+1;STC1:-1;PTGS2:+1;IL13RA2:-1;IL11:+1,False,0.3864593456430191
SIG_ATNF_ARJIS5,T_UNIFI_REM_W8,GSE206285_UNIFI,22,TNFRSF11B:+1;STC1:-1;PTGS2:+1;IL13RA2:+1;IL11:-1,False,0.4151603498542274
SIG_ATNF_ARJIS5,T_UNIFI_REM_W8,GSE206285_UNIFI,23,TNFRSF11B:+1;STC1:-1;PTGS2:+1;IL13RA2:+1;IL11:+1,False,0.34324586977648197
SIG_ATNF_ARJIS5,T_UNIFI_REM_W8,GSE206285_UNIFI,24,TNFRSF11B:+1;STC1:+1;PTGS2:-1;IL13RA2:-1;IL11:-1,False,0.557693553611921
SIG_ATNF_ARJIS5,T_UNIFI_REM_W8,GSE206285_UNIFI,25,TNFRSF11B:+1;STC1:+1;PTGS2:-1;IL13RA2:-1;IL11:+1,False,0.3355361192095886
SIG_ATNF_ARJIS5,T_UNIFI_REM_W8,GSE206285_UNIFI,26,TNFRSF11B:+1;STC1:+1;PTGS2:-1;IL13RA2:+1;IL11:-1,False,0.4182053773890509
SIG_ATNF_ARJIS5,T_UNIFI_REM_W8,GSE206285_UNIFI,27,TNFRSF11B:+1;STC1:+1;PTGS2:-1;IL13RA2:+1;IL11:+1,False,0.33488824101069
SIG_ATNF_ARJIS5,T_UNIFI_REM_W8,GSE206285_UNIFI,28,TNFRSF11B:+1;STC1:+1;PTGS2:+1;IL13RA2:-1;IL11:-1,False,0.34564301911240686
SIG_ATNF_ARJIS5,T_UNIFI_REM_W8,GSE206285_UNIFI,29,TNFRSF11B:+1;STC1:+1;PTGS2:+1;IL13RA2:-1;IL11:+1,False,0.29193391642371236
SIG_ATNF_ARJIS5,T_UNIFI_REM_W8,GSE206285_UNIFI,30,TNFRSF11B:+1;STC1:+1;PTGS2:+1;IL13RA2:+1;IL11:-1,False,0.33320375769355365
SIG_ATNF_ARJIS5,T_UNIFI_REM_W8,GSE206285_UNIFI,31,TNFRSF11B:+1;STC1:+1;PTGS2:+1;IL13RA2:+1;IL11:+1,False,0.3149983803045028
SIG_ATNF_ARJIS5,T_UNITI2_CR_W8,GSE112366_UNITI2_ILEUM,0,TNFRSF11B:-1;STC1:-1;PTGS2:-1;IL13RA2:-1;IL11:-1,True,0.5964912280701754
SIG_ATNF_ARJIS5,T_UNITI2_CR_W8,GSE112366_UNITI2_ILEUM,1,TNFRSF11B:-1;STC1:-1;PTGS2:-1;IL13RA2:-1;IL11:+1,False,0.5663377192982457
SIG_ATNF_ARJIS5,T_UNITI2_CR_W8,GSE112366_UNITI2_ILEUM,2,TNFRSF11B:-1;STC1:-1;PTGS2:-1;IL13RA2:+1;IL11:-1,False,0.563048245614035
SIG_ATNF_ARJIS5,T_UNITI2_CR_W8,GSE112366_UNITI2_ILEUM,3,TNFRSF11B:-1;STC1:-1;PTGS2:-1;IL13RA2:+1;IL11:+1,False,0.513157894736842
SIG_ATNF_ARJIS5,T_UNITI2_CR_W8,GSE112366_UNITI2_ILEUM,4,TNFRSF11B:-1;STC1:-1;PTGS2:+1;IL13RA2:-1;IL11:-1,False,0.5932017543859649
SIG_ATNF_ARJIS5,T_UNITI2_CR_W8,GSE112366_UNITI2_ILEUM,5,TNFRSF11B:-1;STC1:-1;PTGS2:+1;IL13RA2:-1;IL11:+1,False,0.5466008771929824
SIG_ATNF_ARJIS5,T_UNITI2_CR_W8,GSE112366_UNITI2_ILEUM,6,TNFRSF11B:-1;STC1:-1;PTGS2:+1;IL13RA2:+1;IL11:-1,False,0.543859649122807
SIG_ATNF_ARJIS5,T_UNITI2_CR_W8,GSE112366_UNITI2_ILEUM,7,TNFRSF11B:-1;STC1:-1;PTGS2:+1;IL13RA2:+1;IL11:+1,False,0.4375
SIG_ATNF_ARJIS5,T_UNITI2_CR_W8,GSE112366_UNITI2_ILEUM,8,TNFRSF11B:-1;STC1:+1;PTGS2:-1;IL13RA2:-1;IL11:-1,False,0.5317982456140351
SIG_ATNF_ARJIS5,T_UNITI2_CR_W8,GSE112366_UNITI2_ILEUM,9,TNFRSF11B:-1;STC1:+1;PTGS2:-1;IL13RA2:-1;IL11:+1,False,0.46875
SIG_ATNF_ARJIS5,T_UNITI2_CR_W8,GSE112366_UNITI2_ILEUM,10,TNFRSF11B:-1;STC1:+1;PTGS2:-1;IL13RA2:+1;IL11:-1,False,0.44956140350877194
SIG_ATNF_ARJIS5,T_UNITI2_CR_W8,GSE112366_UNITI2_ILEUM,11,TNFRSF11B:-1;STC1:+1;PTGS2:-1;IL13RA2:+1;IL11:+1,False,0.3645833333333333
SIG_ATNF_ARJIS5,T_UNITI2_CR_W8,GSE112366_UNITI2_ILEUM,12,TNFRSF11B:-1;STC1:+1;PTGS2:+1;IL13RA2:-1;IL11:-1,False,0.48903508771929827
SIG_ATNF_ARJIS5,T_UNITI2_CR_W8,GSE112366_UNITI2_ILEUM,13,TNFRSF11B:-1;STC1:+1;PTGS2:+1;IL13RA2:-1;IL11:+1,False,0.36239035087719296
SIG_ATNF_ARJIS5,T_UNITI2_CR_W8,GSE112366_UNITI2_ILEUM,14,TNFRSF11B:-1;STC1:+1;PTGS2:+1;IL13RA2:+1;IL11:-1,False,0.38870614035087725
SIG_ATNF_ARJIS5,T_UNITI2_CR_W8,GSE112366_UNITI2_ILEUM,15,TNFRSF11B:-1;STC1:+1;PTGS2:+1;IL13RA2:+1;IL11:+1,False,0.35581140350877194
SIG_ATNF_ARJIS5,T_UNITI2_CR_W8,GSE112366_UNITI2_ILEUM,16,TNFRSF11B:+1;STC1:-1;PTGS2:-1;IL13RA2:-1;IL11:-1,False,0.6441885964912282
SIG_ATNF_ARJIS5,T_UNITI2_CR_W8,GSE112366_UNITI2_ILEUM,17,TNFRSF11B:+1;STC1:-1;PTGS2:-1;IL13RA2:-1;IL11:+1,False,0.6112938596491228
SIG_ATNF_ARJIS5,T_UNITI2_CR_W8,GSE112366_UNITI2_ILEUM,18,TNFRSF11B:+1;STC1:-1;PTGS2:-1;IL13RA2:+1;IL11:-1,False,0.6376096491228072
SIG_ATNF_ARJIS5,T_UNITI2_CR_W8,GSE112366_UNITI2_ILEUM,19,TNFRSF11B:+1;STC1:-1;PTGS2:-1;IL13RA2:+1;IL11:+1,False,0.5109649122807017
SIG_ATNF_ARJIS5,T_UNITI2_CR_W8,GSE112366_UNITI2_ILEUM,20,TNFRSF11B:+1;STC1:-1;PTGS2:+1;IL13RA2:-1;IL11:-1,False,0.6354166666666666
SIG_ATNF_ARJIS5,T_UNITI2_CR_W8,GSE112366_UNITI2_ILEUM,21,TNFRSF11B:+1;STC1:-1;PTGS2:+1;IL13RA2:-1;IL11:+1,False,0.5504385964912281
SIG_ATNF_ARJIS5,T_UNITI2_CR_W8,GSE112366_UNITI2_ILEUM,22,TNFRSF11B:+1;STC1:-1;PTGS2:+1;IL13RA2:+1;IL11:-1,False,0.53125
SIG_ATNF_ARJIS5,T_UNITI2_CR_W8,GSE112366_UNITI2_ILEUM,23,TNFRSF11B:+1;STC1:-1;PTGS2:+1;IL13RA2:+1;IL11:+1,False,0.4682017543859649
SIG_ATNF_ARJIS5,T_UNITI2_CR_W8,GSE112366_UNITI2_ILEUM,24,TNFRSF11B:+1;STC1:+1;PTGS2:-1;IL13RA2:-1;IL11:-1,False,0.5625
SIG_ATNF_ARJIS5,T_UNITI2_CR_W8,GSE112366_UNITI2_ILEUM,25,TNFRSF11B:+1;STC1:+1;PTGS2:-1;IL13RA2:-1;IL11:+1,False,0.45614035087719296
SIG_ATNF_ARJIS5,T_UNITI2_CR_W8,GSE112366_UNITI2_ILEUM,26,TNFRSF11B:+1;STC1:+1;PTGS2:-1;IL13RA2:+1;IL11:-1,False,0.45339912280701755
SIG_ATNF_ARJIS5,T_UNITI2_CR_W8,GSE112366_UNITI2_ILEUM,27,TNFRSF11B:+1;STC1:+1;PTGS2:-1;IL13RA2:+1;IL11:+1,False,0.40679824561403505
SIG_ATNF_ARJIS5,T_UNITI2_CR_W8,GSE112366_UNITI2_ILEUM,28,TNFRSF11B:+1;STC1:+1;PTGS2:+1;IL13RA2:-1;IL11:-1,False,0.48684210526315785
SIG_ATNF_ARJIS5,T_UNITI2_CR_W8,GSE112366_UNITI2_ILEUM,29,TNFRSF11B:+1;STC1:+1;PTGS2:+1;IL13RA2:-1;IL11:+1,False,0.4369517543859649
SIG_ATNF_ARJIS5,T_UNITI2_CR_W8,GSE112366_UNITI2_ILEUM,30,TNFRSF11B:+1;STC1:+1;PTGS2:+1;IL13RA2:+1;IL11:-1,False,0.4336622807017544
SIG_ATNF_ARJIS5,T_UNITI2_CR_W8,GSE112366_UNITI2_ILEUM,31,TNFRSF11B:+1;STC1:+1;PTGS2:+1;IL13RA2:+1;IL11:+1,False,0.4035087719298246
SIG_ATNF_OSM1,T_EMTAB7604_ER,E-MTAB-7604_ATNF,0,OSM:-1,True,0.7288888888888889
SIG_ATNF_OSM1,T_EMTAB7604_ER,E-MTAB-7604_ATNF,1,OSM:+1,False,0.27111111111111114
SIG_ATNF_OSM1,T_PROGECT_MH_W6,GSE212849_PROGECT,0,OSM:-1,True,0.5532879818594104
SIG_ATNF_OSM1,T_PROGECT_MH_W6,GSE212849_PROGECT,1,OSM:+1,False,0.44671201814058964
SIG_ATNF_OSM1,T_PURSUIT_CR_W6,GSE92415_PURSUIT,0,OSM:-1,True,0.662037037037037
SIG_ATNF_OSM1,T_PURSUIT_CR_W6,GSE92415_PURSUIT,1,OSM:+1,False,0.337962962962963
SIG_ATNF_OSM1,T_UNIFI_MH_W8,GSE206285_UNIFI,0,OSM:-1,True,0.6409354304635762
SIG_ATNF_OSM1,T_UNIFI_MH_W8,GSE206285_UNIFI,1,OSM:+1,False,0.35906456953642385
SIG_ATNF_OSM1,T_UNIFI_REM_W8,GSE206285_UNIFI,0,OSM:-1,True,0.6229024943310657
SIG_ATNF_OSM1,T_UNIFI_REM_W8,GSE206285_UNIFI,1,OSM:+1,False,0.3770975056689343
SIG_ATNF_OSM1,T_UNITI2_CR_W8,GSE112366_UNITI2_ILEUM,0,OSM:-1,True,0.4890350877192982
SIG_ATNF_OSM1,T_UNITI2_CR_W8,GSE112366_UNITI2_ILEUM,1,OSM:+1,False,0.5109649122807017
SIG_CROSS_UC4,T_EMTAB7604_ER,E-MTAB-7604_ATNF,0,IGFBP5:-1;SELE:-1;STC1:-1;VNN2:-1,True,0.6688888888888889
SIG_CROSS_UC4,T_EMTAB7604_ER,E-MTAB-7604_ATNF,1,IGFBP5:-1;SELE:-1;STC1:-1;VNN2:+1,False,0.5911111111111111
SIG_CROSS_UC4,T_EMTAB7604_ER,E-MTAB-7604_ATNF,2,IGFBP5:-1;SELE:-1;STC1:+1;VNN2:-1,False,0.6333333333333333
SIG_CROSS_UC4,T_EMTAB7604_ER,E-MTAB-7604_ATNF,3,IGFBP5:-1;SELE:-1;STC1:+1;VNN2:+1,False,0.4111111111111111
SIG_CROSS_UC4,T_EMTAB7604_ER,E-MTAB-7604_ATNF,4,IGFBP5:-1;SELE:+1;STC1:-1;VNN2:-1,False,0.6622222222222222
SIG_CROSS_UC4,T_EMTAB7604_ER,E-MTAB-7604_ATNF,5,IGFBP5:-1;SELE:+1;STC1:-1;VNN2:+1,False,0.41777777777777775
SIG_CROSS_UC4,T_EMTAB7604_ER,E-MTAB-7604_ATNF,6,IGFBP5:-1;SELE:+1;STC1:+1;VNN2:-1,False,0.4755555555555555
SIG_CROSS_UC4,T_EMTAB7604_ER,E-MTAB-7604_ATNF,7,IGFBP5:-1;SELE:+1;STC1:+1;VNN2:+1,False,0.3222222222222222
SIG_CROSS_UC4,T_EMTAB7604_ER,E-MTAB-7604_ATNF,8,IGFBP5:+1;SELE:-1;STC1:-1;VNN2:-1,False,0.6777777777777777
SIG_CROSS_UC4,T_EMTAB7604_ER,E-MTAB-7604_ATNF,9,IGFBP5:+1;SELE:-1;STC1:-1;VNN2:+1,False,0.5244444444444445
SIG_CROSS_UC4,T_EMTAB7604_ER,E-MTAB-7604_ATNF,10,IGFBP5:+1;SELE:-1;STC1:+1;VNN2:-1,False,0.5822222222222222
SIG_CROSS_UC4,T_EMTAB7604_ER,E-MTAB-7604_ATNF,11,IGFBP5:+1;SELE:-1;STC1:+1;VNN2:+1,False,0.3377777777777778
SIG_CROSS_UC4,T_EMTAB7604_ER,E-MTAB-7604_ATNF,12,IGFBP5:+1;SELE:+1;STC1:-1;VNN2:-1,False,0.5888888888888889
SIG_CROSS_UC4,T_EMTAB7604_ER,E-MTAB-7604_ATNF,13,IGFBP5:+1;SELE:+1;STC1:-1;VNN2:+1,False,0.3666666666666667
SIG_CROSS_UC4,T_EMTAB7604_ER,E-MTAB-7604_ATNF,14,IGFBP5:+1;SELE:+1;STC1:+1;VNN2:-1,False,0.40888888888888886
SIG_CROSS_UC4,T_EMTAB7604_ER,E-MTAB-7604_ATNF,15,IGFBP5:+1;SELE:+1;STC1:+1;VNN2:+1,False,0.33111111111111113
SIG_CROSS_UC4,T_PROGECT_MH_W6,GSE212849_PROGECT,0,IGFBP5:-1;SELE:-1;STC1:-1;VNN2:-1,True,0.6500377928949358
SIG_CROSS_UC4,T_PROGECT_MH_W6,GSE212849_PROGECT,1,IGFBP5:-1;SELE:-1;STC1:-1;VNN2:+1,False,0.6538170823885109
SIG_CROSS_UC4,T_PROGECT_MH_W6,GSE212849_PROGECT,2,IGFBP5:-1;SELE:-1;STC1:+1;VNN2:-1,False,0.656084656084656
SIG_CROSS_UC4,T_PROGECT_MH_W6,GSE212849_PROGECT,3,IGFBP5:-1;SELE:-1;STC1:+1;VNN2:+1,False,0.5721844293272865
SIG_CROSS_UC4,T_PROGECT_MH_W6,GSE212849_PROGECT,4,IGFBP5:-1;SELE:+1;STC1:-1;VNN2:-1,False,0.671957671957672
SIG_CROSS_UC4,T_PROGECT_MH_W6,GSE212849_PROGECT,5,IGFBP5:-1;SELE:+1;STC1:-1;VNN2:+1,False,0.6243386243386243
SIG_CROSS_UC4,T_PROGECT_MH_W6,GSE212849_PROGECT,6,IGFBP5:-1;SELE:+1;STC1:+1;VNN2:-1,False,0.5510204081632653
SIG_CROSS_UC4,T_PROGECT_MH_W6,GSE212849_PROGECT,7,IGFBP5:-1;SELE:+1;STC1:+1;VNN2:+1,False,0.42252456538170824
SIG_CROSS_UC4,T_PROGECT_MH_W6,GSE212849_PROGECT,8,IGFBP5:+1;SELE:-1;STC1:-1;VNN2:-1,False,0.5774754346182918
SIG_CROSS_UC4,T_PROGECT_MH_W6,GSE212849_PROGECT,9,IGFBP5:+1;SELE:-1;STC1:-1;VNN2:+1,False,0.4489795918367347
SIG_CROSS_UC4,T_PROGECT_MH_W6,GSE212849_PROGECT,10,IGFBP5:+1;SELE:-1;STC1:+1;VNN2:-1,False,0.3756613756613757
SIG_CROSS_UC4,T_PROGECT_MH_W6,GSE212849_PROGECT,11,IGFBP5:+1;SELE:-1;STC1:+1;VNN2:+1,False,0.3280423280423281
SIG_CROSS_UC4,T_PROGECT_MH_W6,GSE212849_PROGECT,12,IGFBP5:+1;SELE:+1;STC1:-1;VNN2:-1,False,0.4278155706727135
SIG_CROSS_UC4,T_PROGECT_MH_W6,GSE212849_PROGECT,13,IGFBP5:+1;SELE:+1;STC1:-1;VNN2:+1,False,0.34391534391534395
SIG_CROSS_UC4,T_PROGECT_MH_W6,GSE212849_PROGECT,14,IGFBP5:+1;SELE:+1;STC1:+1;VNN2:-1,False,0.34618291761148906
SIG_CROSS_UC4,T_PROGECT_MH_W6,GSE212849_PROGECT,15,IGFBP5:+1;SELE:+1;STC1:+1;VNN2:+1,False,0.34996220710506426
SIG_CROSS_UC4,T_PURSUIT_CR_W6,GSE92415_PURSUIT,0,IGFBP5:-1;SELE:-1;STC1:-1;VNN2:-1,True,0.6782407407407408
SIG_CROSS_UC4,T_PURSUIT_CR_W6,GSE92415_PURSUIT,1,IGFBP5:-1;SELE:-1;STC1:-1;VNN2:+1,False,0.6296296296296297
SIG_CROSS_UC4,T_PURSUIT_CR_W6,GSE92415_PURSUIT,2,IGFBP5:-1;SELE:-1;STC1:+1;VNN2:-1,False,0.6898148148148149
SIG_CROSS_UC4,T_PURSUIT_CR_W6,GSE92415_PURSUIT,3,IGFBP5:-1;SELE:-1;STC1:+1;VNN2:+1,False,0.5358796296296297
SIG_CROSS_UC4,T_PURSUIT_CR_W6,GSE92415_PURSUIT,4,IGFBP5:-1;SELE:+1;STC1:-1;VNN2:-1,False,0.6412037037037037
SIG_CROSS_UC4,T_PURSUIT_CR_W6,GSE92415_PURSUIT,5,IGFBP5:-1;SELE:+1;STC1:-1;VNN2:+1,False,0.462962962962963
SIG_CROSS_UC4,T_PURSUIT_CR_W6,GSE92415_PURSUIT,6,IGFBP5:-1;SELE:+1;STC1:+1;VNN2:-1,False,0.5555555555555556
SIG_CROSS_UC4,T_PURSUIT_CR_W6,GSE92415_PURSUIT,7,IGFBP5:-1;SELE:+1;STC1:+1;VNN2:+1,False,0.3229166666666667
SIG_CROSS_UC4,T_PURSUIT_CR_W6,GSE92415_PURSUIT,8,IGFBP5:+1;SELE:-1;STC1:-1;VNN2:-1,False,0.6770833333333334
SIG_CROSS_UC4,T_PURSUIT_CR_W6,GSE92415_PURSUIT,9,IGFBP5:+1;SELE:-1;STC1:-1;VNN2:+1,False,0.4444444444444445
SIG_CROSS_UC4,T_PURSUIT_CR_W6,GSE92415_PURSUIT,10,IGFBP5:+1;SELE:-1;STC1:+1;VNN2:-1,False,0.537037037037037
SIG_CROSS_UC4,T_PURSUIT_CR_W6,GSE92415_PURSUIT,11,IGFBP5:+1;SELE:-1;STC1:+1;VNN2:+1,False,0.3587962962962963
SIG_CROSS_UC4,T_PURSUIT_CR_W6,GSE92415_PURSUIT,12,IGFBP5:+1;SELE:+1;STC1:-1;VNN2:-1,False,0.46412037037037035
SIG_CROSS_UC4,T_PURSUIT_CR_W6,GSE92415_PURSUIT,13,IGFBP5:+1;SELE:+1;STC1:-1;VNN2:+1,False,0.31018518518518523
SIG_CROSS_UC4,T_PURSUIT_CR_W6,GSE92415_PURSUIT,14,IGFBP5:+1;SELE:+1;STC1:+1;VNN2:-1,False,0.37037037037037035
SIG_CROSS_UC4,T_PURSUIT_CR_W6,GSE92415_PURSUIT,15,IGFBP5:+1;SELE:+1;STC1:+1;VNN2:+1,False,0.32175925925925924
SIG_CROSS_UC4,T_UNIFI_MH_W8,GSE206285_UNIFI,0,IGFBP5:-1;SELE:-1;STC1:-1;VNN2:-1,True,0.7216177861873226
SIG_CROSS_UC4,T_UNIFI_MH_W8,GSE206285_UNIFI,1,IGFBP5:-1;SELE:-1;STC1:-1;VNN2:+1,False,0.6890964995269631
SIG_CROSS_UC4,T_UNIFI_MH_W8,GSE206285_UNIFI,2,IGFBP5:-1;SELE:-1;STC1:+1;VNN2:-1,False,0.6755558183538316
SIG_CROSS_UC4,T_UNIFI_MH_W8,GSE206285_UNIFI,3,IGFBP5:-1;SELE:-1;STC1:+1;VNN2:+1,False,0.49509224219489123
SIG_CROSS_UC4,T_UNIFI_MH_W8,GSE206285_UNIFI,4,IGFBP5:-1;SELE:+1;STC1:-1;VNN2:-1,False,0.7130439924314097
SIG_CROSS_UC4,T_UNIFI_MH_W8,GSE206285_UNIFI,5,IGFBP5:-1;SELE:+1;STC1:-1;VNN2:+1,False,0.5486636707663198
SIG_CROSS_UC4,T_UNIFI_MH_W8,GSE206285_UNIFI,6,IGFBP5:-1;SELE:+1;STC1:+1;VNN2:-1,False,0.5212866603595081
SIG_CROSS_UC4,T_UNIFI_MH_W8,GSE206285_UNIFI,7,IGFBP5:-1;SELE:+1;STC1:+1;VNN2:+1,False,0.352767265846736
SIG_CROSS_UC4,T_UNIFI_MH_W8,GSE206285_UNIFI,8,IGFBP5:+1;SELE:-1;STC1:-1;VNN2:-1,False,0.647232734153264
SIG_CROSS_UC4,T_UNIFI_MH_W8,GSE206285_UNIFI,9,IGFBP5:+1;SELE:-1;STC1:-1;VNN2:+1,False,0.4787133396404919
SIG_CROSS_UC4,T_UNIFI_MH_W8,GSE206285_UNIFI,10,IGFBP5:+1;SELE:-1;STC1:+1;VNN2:-1,False,0.45133632923368017
SIG_CROSS_UC4,T_UNIFI_MH_W8,GSE206285_UNIFI,11,IGFBP5:+1;SELE:-1;STC1:+1;VNN2:+1,False,0.28695600756859035
SIG_CROSS_UC4,T_UNIFI_MH_W8,GSE206285_UNIFI,12,IGFBP5:+1;SELE:+1;STC1:-1;VNN2:-1,False,0.5049077578051088
SIG_CROSS_UC4,T_UNIFI_MH_W8,GSE206285_UNIFI,13,IGFBP5:+1;SELE:+1;STC1:-1;VNN2:+1,False,0.3244441816461684
SIG_CROSS_UC4,T_UNIFI_MH_W8,GSE206285_UNIFI,14,IGFBP5:+1;SELE:+1;STC1:+1;VNN2:-1,False,0.31090350047303694
SIG_CROSS_UC4,T_UNIFI_MH_W8,GSE206285_UNIFI,15,IGFBP5:+1;SELE:+1;STC1:+1;VNN2:+1,False,0.27838221381267736
SIG_CROSS_UC4,T_UNIFI_REM_W8,GSE206285_UNIFI,0,IGFBP5:-1;SELE:-1;STC1:-1;VNN2:-1,True,0.7037900874635569
SIG_CROSS_UC4,T_UNIFI_REM_W8,GSE206285_UNIFI,1,IGFBP5:-1;SELE:-1;STC1:-1;VNN2:+1,False,0.6941367022999676
SIG_CROSS_UC4,T_UNIFI_REM_W8,GSE206285_UNIFI,2,IGFBP5:-1;SELE:-1;STC1:+1;VNN2:-1,False,0.6611597019760285
SIG_CROSS_UC4,T_UNIFI_REM_W8,GSE206285_UNIFI,3,IGFBP5:-1;SELE:-1;STC1:+1;VNN2:+1,False,0.5164237123420796
SIG_CROSS_UC4,T_UNIFI_REM_W8,GSE206285_UNIFI,4,IGFBP5:-1;SELE:+1;STC1:-1;VNN2:-1,False,0.6848720440557176
SIG_CROSS_UC4,T_UNIFI_REM_W8,GSE206285_UNIFI,5,IGFBP5:-1;SELE:+1;STC1:-1;VNN2:+1,False,0.5490119857466796
SIG_CROSS_UC4,T_UNIFI_REM_W8,GSE206285_UNIFI,6,IGFBP5:-1;SELE:+1;STC1:+1;VNN2:-1,False,0.5066407515387108
SIG_CROSS_UC4,T_UNIFI_REM_W8,GSE206285_UNIFI,7,IGFBP5:-1;SELE:+1;STC1:+1;VNN2:+1,False,0.3720764496274701
SIG_CROSS_UC4,T_UNIFI_REM_W8,GSE206285_UNIFI,8,IGFBP5:+1;SELE:-1;STC1:-1;VNN2:-1,False,0.6279235503725299
SIG_CROSS_UC4,T_UNIFI_REM_W8,GSE206285_UNIFI,9,IGFBP5:+1;SELE:-1;STC1:-1;VNN2:+1,False,0.4933592484612893
SIG_CROSS_UC4,T_UNIFI_REM_W8,GSE206285_UNIFI,10,IGFBP5:+1;SELE:-1;STC1:+1;VNN2:-1,False,0.4509880142533204
SIG_CROSS_UC4,T_UNIFI_REM_W8,GSE206285_UNIFI,11,IGFBP5:+1;SELE:-1;STC1:+1;VNN2:+1,False,0.3151279559442825
SIG_CROSS_UC4,T_UNIFI_REM_W8,GSE206285_UNIFI,12,IGFBP5:+1;SELE:+1;STC1:-1;VNN2:-1,False,0.4835762876579203
SIG_CROSS_UC4,T_UNIFI_REM_W8,GSE206285_UNIFI,13,IGFBP5:+1;SELE:+1;STC1:-1;VNN2:+1,False,0.3388402980239715
SIG_CROSS_UC4,T_UNIFI_REM_W8,GSE206285_UNIFI,14,IGFBP5:+1;SELE:+1;STC1:+1;VNN2:-1,False,0.30586329770003245
SIG_CROSS_UC4,T_UNIFI_REM_W8,GSE206285_UNIFI,15,IGFBP5:+1;SELE:+1;STC1:+1;VNN2:+1,False,0.2962099125364432
SIG_CROSS_UC4,T_UNITI2_CR_W8,GSE112366_UNITI2_ILEUM,0,IGFBP5:-1;SELE:-1;STC1:-1;VNN2:-1,True,0.632127192982456
SIG_CROSS_UC4,T_UNITI2_CR_W8,GSE112366_UNITI2_ILEUM,1,IGFBP5:-1;SELE:-1;STC1:-1;VNN2:+1,False,0.6518640350877194
SIG_CROSS_UC4,T_UNITI2_CR_W8,GSE112366_UNITI2_ILEUM,2,IGFBP5:-1;SELE:-1;STC1:+1;VNN2:-1,False,0.6047149122807017
SIG_CROSS_UC4,T_UNITI2_CR_W8,GSE112366_UNITI2_ILEUM,3,IGFBP5:-1;SELE:-1;STC1:+1;VNN2:+1,False,0.5773026315789473
SIG_CROSS_UC4,T_UNITI2_CR_W8,GSE112366_UNITI2_ILEUM,4,IGFBP5:-1;SELE:+1;STC1:-1;VNN2:-1,False,0.6293859649122807
SIG_CROSS_UC4,T_UNITI2_CR_W8,GSE112366_UNITI2_ILEUM,5,IGFBP5:-1;SELE:+1;STC1:-1;VNN2:+1,False,0.5827850877192983
SIG_CROSS_UC4,T_UNITI2_CR_W8,GSE112366_UNITI2_ILEUM,6,IGFBP5:-1;SELE:+1;STC1:+1;VNN2:-1,False,0.5257675438596491
SIG_CROSS_UC4,T_UNITI2_CR_W8,GSE112366_UNITI2_ILEUM,7,IGFBP5:-1;SELE:+1;STC1:+1;VNN2:+1,False,0.4649122807017544
SIG_CROSS_UC4,T_UNITI2_CR_W8,GSE112366_UNITI2_ILEUM,8,IGFBP5:+1;SELE:-1;STC1:-1;VNN2:-1,False,0.5350877192982457
SIG_CROSS_UC4,T_UNITI2_CR_W8,GSE112366_UNITI2_ILEUM,9,IGFBP5:+1;SELE:-1;STC1:-1;VNN2:+1,False,0.4742324561403509
SIG_CROSS_UC4,T_UNITI2_CR_W8,GSE112366_UNITI2_ILEUM,10,IGFBP5:+1;SELE:-1;STC1:+1;VNN2:-1,False,0.4172149122807018
SIG_CROSS_UC4,T_UNITI2_CR_W8,GSE112366_UNITI2_ILEUM,11,IGFBP5:+1;SELE:-1;STC1:+1;VNN2:+1,False,0.37061403508771934
SIG_CROSS_UC4,T_UNITI2_CR_W8,GSE112366_UNITI2_ILEUM,12,IGFBP5:+1;SELE:+1;STC1:-1;VNN2:-1,False,0.42269736842105265
SIG_CROSS_UC4,T_UNITI2_CR_W8,GSE112366_UNITI2_ILEUM,13,IGFBP5:+1;SELE:+1;STC1:-1;VNN2:+1,False,0.39528508771929827
SIG_CROSS_UC4,T_UNITI2_CR_W8,GSE112366_UNITI2_ILEUM,14,IGFBP5:+1;SELE:+1;STC1:+1;VNN2:-1,False,0.3481359649122807
SIG_CROSS_UC4,T_UNITI2_CR_W8,GSE112366_UNITI2_ILEUM,15,IGFBP5:+1;SELE:+1;STC1:+1;VNN2:+1,False,0.3678728070175438
SIG_UST4_COEF,T_EMTAB7604_ER,E-MTAB-7604_ATNF,0,HSD3B1:-1;MUC4:-1;CFI:-1;CCL11:-1,False,0.43333333333333335
SIG_UST4_COEF,T_EMTAB7604_ER,E-MTAB-7604_ATNF,1,HSD3B1:-1;MUC4:-1;CFI:-1;CCL11:+1,False,0.4422222222222222
SIG_UST4_COEF,T_EMTAB7604_ER,E-MTAB-7604_ATNF,2,HSD3B1:-1;MUC4:-1;CFI:+1;CCL11:-1,False,0.5377777777777777
SIG_UST4_COEF,T_EMTAB7604_ER,E-MTAB-7604_ATNF,3,HSD3B1:-1;MUC4:-1;CFI:+1;CCL11:+1,False,0.5444444444444444
SIG_UST4_COEF,T_EMTAB7604_ER,E-MTAB-7604_ATNF,4,HSD3B1:-1;MUC4:+1;CFI:-1;CCL11:-1,False,0.42444444444444446
SIG_UST4_COEF,T_EMTAB7604_ER,E-MTAB-7604_ATNF,5,HSD3B1:-1;MUC4:+1;CFI:-1;CCL11:+1,False,0.42666666666666664
SIG_UST4_COEF,T_EMTAB7604_ER,E-MTAB-7604_ATNF,6,HSD3B1:-1;MUC4:+1;CFI:+1;CCL11:-1,False,0.5333333333333333
SIG_UST4_COEF,T_EMTAB7604_ER,E-MTAB-7604_ATNF,7,HSD3B1:-1;MUC4:+1;CFI:+1;CCL11:+1,False,0.5377777777777777
SIG_UST4_COEF,T_EMTAB7604_ER,E-MTAB-7604_ATNF,8,HSD3B1:+1;MUC4:-1;CFI:-1;CCL11:-1,True,0.46222222222222226
SIG_UST4_COEF,T_EMTAB7604_ER,E-MTAB-7604_ATNF,9,HSD3B1:+1;MUC4:-1;CFI:-1;CCL11:+1,False,0.4666666666666667
SIG_UST4_COEF,T_EMTAB7604_ER,E-MTAB-7604_ATNF,10,HSD3B1:+1;MUC4:-1;CFI:+1;CCL11:-1,False,0.5733333333333334
SIG_UST4_COEF,T_EMTAB7604_ER,E-MTAB-7604_ATNF,11,HSD3B1:+1;MUC4:-1;CFI:+1;CCL11:+1,False,0.5755555555555555
SIG_UST4_COEF,T_EMTAB7604_ER,E-MTAB-7604_ATNF,12,HSD3B1:+1;MUC4:+1;CFI:-1;CCL11:-1,False,0.45555555555555555
SIG_UST4_COEF,T_EMTAB7604_ER,E-MTAB-7604_ATNF,13,HSD3B1:+1;MUC4:+1;CFI:-1;CCL11:+1,False,0.4622222222222222
SIG_UST4_COEF,T_EMTAB7604_ER,E-MTAB-7604_ATNF,14,HSD3B1:+1;MUC4:+1;CFI:+1;CCL11:-1,False,0.5577777777777777
SIG_UST4_COEF,T_EMTAB7604_ER,E-MTAB-7604_ATNF,15,HSD3B1:+1;MUC4:+1;CFI:+1;CCL11:+1,False,0.5666666666666667
SIG_UST4_COEF,T_PROGECT_MH_W6,GSE212849_PROGECT,0,HSD3B1:-1;MUC4:-1;CFI:-1;CCL11:-1,False,0.6016628873771731
SIG_UST4_COEF,T_PROGECT_MH_W6,GSE212849_PROGECT,1,HSD3B1:-1;MUC4:-1;CFI:-1;CCL11:+1,False,0.600151171579743
SIG_UST4_COEF,T_PROGECT_MH_W6,GSE212849_PROGECT,2,HSD3B1:-1;MUC4:-1;CFI:+1;CCL11:-1,False,0.3726379440665155
SIG_UST4_COEF,T_PROGECT_MH_W6,GSE212849_PROGECT,3,HSD3B1:-1;MUC4:-1;CFI:+1;CCL11:+1,False,0.3688586545729403
SIG_UST4_COEF,T_PROGECT_MH_W6,GSE212849_PROGECT,4,HSD3B1:-1;MUC4:+1;CFI:-1;CCL11:-1,False,0.6099773242630385
SIG_UST4_COEF,T_PROGECT_MH_W6,GSE212849_PROGECT,5,HSD3B1:-1;MUC4:+1;CFI:-1;CCL11:+1,False,0.6061980347694634
SIG_UST4_COEF,T_PROGECT_MH_W6,GSE212849_PROGECT,6,HSD3B1:-1;MUC4:+1;CFI:+1;CCL11:-1,False,0.3839758125472411
SIG_UST4_COEF,T_PROGECT_MH_W6,GSE212849_PROGECT,7,HSD3B1:-1;MUC4:+1;CFI:+1;CCL11:+1,False,0.38095238095238093
SIG_UST4_COEF,T_PROGECT_MH_W6,GSE212849_PROGECT,8,HSD3B1:+1;MUC4:-1;CFI:-1;CCL11:-1,True,0.6190476190476191
SIG_UST4_COEF,T_PROGECT_MH_W6,GSE212849_PROGECT,9,HSD3B1:+1;MUC4:-1;CFI:-1;CCL11:+1,False,0.6160241874527589
SIG_UST4_COEF,T_PROGECT_MH_W6,GSE212849_PROGECT,10,HSD3B1:+1;MUC4:-1;CFI:+1;CCL11:-1,False,0.3938019652305367
SIG_UST4_COEF,T_PROGECT_MH_W6,GSE212849_PROGECT,11,HSD3B1:+1;MUC4:-1;CFI:+1;CCL11:+1,False,0.3900226757369615
SIG_UST4_COEF,T_PROGECT_MH_W6,GSE212849_PROGECT,12,HSD3B1:+1;MUC4:+1;CFI:-1;CCL11:-1,False,0.6311413454270597
SIG_UST4_COEF,T_PROGECT_MH_W6,GSE212849_PROGECT,13,HSD3B1:+1;MUC4:+1;CFI:-1;CCL11:+1,False,0.6273620559334845
SIG_UST4_COEF,T_PROGECT_MH_W6,GSE212849_PROGECT,14,HSD3B1:+1;MUC4:+1;CFI:+1;CCL11:-1,False,0.399848828420257
SIG_UST4_COEF,T_PROGECT_MH_W6,GSE212849_PROGECT,15,HSD3B1:+1;MUC4:+1;CFI:+1;CCL11:+1,False,0.3983371126228269
SIG_UST4_COEF,T_PURSUIT_CR_W6,GSE92415_PURSUIT,0,HSD3B1:-1;MUC4:-1;CFI:-1;CCL11:-1,False,0.6030092592592593
SIG_UST4_COEF,T_PURSUIT_CR_W6,GSE92415_PURSUIT,1,HSD3B1:-1;MUC4:-1;CFI:-1;CCL11:+1,False,0.6087962962962964
SIG_UST4_COEF,T_PURSUIT_CR_W6,GSE92415_PURSUIT,2,HSD3B1:-1;MUC4:-1;CFI:+1;CCL11:-1,False,0.41898148148148145
SIG_UST4_COEF,T_PURSUIT_CR_W6,GSE92415_PURSUIT,3,HSD3B1:-1;MUC4:-1;CFI:+1;CCL11:+1,False,0.42013888888888895
SIG_UST4_COEF,T_PURSUIT_CR_W6,GSE92415_PURSUIT,4,HSD3B1:-1;MUC4:+1;CFI:-1;CCL11:-1,False,0.6018518518518517
SIG_UST4_COEF,T_PURSUIT_CR_W6,GSE92415_PURSUIT,5,HSD3B1:-1;MUC4:+1;CFI:-1;CCL11:+1,False,0.6041666666666666
SIG_UST4_COEF,T_PURSUIT_CR_W6,GSE92415_PURSUIT,6,HSD3B1:-1;MUC4:+1;CFI:+1;CCL11:-1,False,0.4085648148148148
SIG_UST4_COEF,T_PURSUIT_CR_W6,GSE92415_PURSUIT,7,HSD3B1:-1;MUC4:+1;CFI:+1;CCL11:+1,False,0.4120370370370371
SIG_UST4_COEF,T_PURSUIT_CR_W6,GSE92415_PURSUIT,8,HSD3B1:+1;MUC4:-1;CFI:-1;CCL11:-1,True,0.5879629629629629
SIG_UST4_COEF,T_PURSUIT_CR_W6,GSE92415_PURSUIT,9,HSD3B1:+1;MUC4:-1;CFI:-1;CCL11:+1,False,0.5914351851851852
SIG_UST4_COEF,T_PURSUIT_CR_W6,GSE92415_PURSUIT,10,HSD3B1:+1;MUC4:-1;CFI:+1;CCL11:-1,False,0.39583333333333337
SIG_UST4_COEF,T_PURSUIT_CR_W6,GSE92415_PURSUIT,11,HSD3B1:+1;MUC4:-1;CFI:+1;CCL11:+1,False,0.39814814814814814
SIG_UST4_COEF,T_PURSUIT_CR_W6,GSE92415_PURSUIT,12,HSD3B1:+1;MUC4:+1;CFI:-1;CCL11:-1,False,0.5798611111111112
SIG_UST4_COEF,T_PURSUIT_CR_W6,GSE92415_PURSUIT,13,HSD3B1:+1;MUC4:+1;CFI:-1;CCL11:+1,False,0.5810185185185185
SIG_UST4_COEF,T_PURSUIT_CR_W6,GSE92415_PURSUIT,14,HSD3B1:+1;MUC4:+1;CFI:+1;CCL11:-1,False,0.3912037037037037
SIG_UST4_COEF,T_PURSUIT_CR_W6,GSE92415_PURSUIT,15,HSD3B1:+1;MUC4:+1;CFI:+1;CCL11:+1,False,0.3969907407407408
SIG_UST4_COEF,T_UNIFI_MH_W8,GSE206285_UNIFI,0,HSD3B1:-1;MUC4:-1;CFI:-1;CCL11:-1,False,0.6206244087038789
SIG_UST4_COEF,T_UNIFI_MH_W8,GSE206285_UNIFI,1,HSD3B1:-1;MUC4:-1;CFI:-1;CCL11:+1,False,0.619678334910123
SIG_UST4_COEF,T_UNIFI_MH_W8,GSE206285_UNIFI,2,HSD3B1:-1;MUC4:-1;CFI:+1;CCL11:-1,False,0.36571665089877003
SIG_UST4_COEF,T_UNIFI_MH_W8,GSE206285_UNIFI,3,HSD3B1:-1;MUC4:-1;CFI:+1;CCL11:+1,False,0.3642975402081362
SIG_UST4_COEF,T_UNIFI_MH_W8,GSE206285_UNIFI,4,HSD3B1:-1;MUC4:+1;CFI:-1;CCL11:-1,False,0.6305581835383159
SIG_UST4_COEF,T_UNIFI_MH_W8,GSE206285_UNIFI,5,HSD3B1:-1;MUC4:+1;CFI:-1;CCL11:+1,False,0.6283112582781457
SIG_UST4_COEF,T_UNIFI_MH_W8,GSE206285_UNIFI,6,HSD3B1:-1;MUC4:+1;CFI:+1;CCL11:-1,False,0.3732261116367076
SIG_UST4_COEF,T_UNIFI_MH_W8,GSE206285_UNIFI,7,HSD3B1:-1;MUC4:+1;CFI:+1;CCL11:+1,False,0.3735217596972564
SIG_UST4_COEF,T_UNIFI_MH_W8,GSE206285_UNIFI,8,HSD3B1:+1;MUC4:-1;CFI:-1;CCL11:-1,True,0.6264782403027437
SIG_UST4_COEF,T_UNIFI_MH_W8,GSE206285_UNIFI,9,HSD3B1:+1;MUC4:-1;CFI:-1;CCL11:+1,False,0.6267738883632924
SIG_UST4_COEF,T_UNIFI_MH_W8,GSE206285_UNIFI,10,HSD3B1:+1;MUC4:-1;CFI:+1;CCL11:-1,False,0.3716887417218543
SIG_UST4_COEF,T_UNIFI_MH_W8,GSE206285_UNIFI,11,HSD3B1:+1;MUC4:-1;CFI:+1;CCL11:+1,False,0.369441816461684
SIG_UST4_COEF,T_UNIFI_MH_W8,GSE206285_UNIFI,12,HSD3B1:+1;MUC4:+1;CFI:-1;CCL11:-1,False,0.6357024597918637
SIG_UST4_COEF,T_UNIFI_MH_W8,GSE206285_UNIFI,13,HSD3B1:+1;MUC4:+1;CFI:-1;CCL11:+1,False,0.63428334910123
SIG_UST4_COEF,T_UNIFI_MH_W8,GSE206285_UNIFI,14,HSD3B1:+1;MUC4:+1;CFI:+1;CCL11:-1,False,0.380321665089877
SIG_UST4_COEF,T_UNIFI_MH_W8,GSE206285_UNIFI,15,HSD3B1:+1;MUC4:+1;CFI:+1;CCL11:+1,False,0.3793755912961211
SIG_UST4_COEF,T_UNIFI_REM_W8,GSE206285_UNIFI,0,HSD3B1:-1;MUC4:-1;CFI:-1;CCL11:-1,False,0.6569484936831875
SIG_UST4_COEF,T_UNIFI_REM_W8,GSE206285_UNIFI,1,HSD3B1:-1;MUC4:-1;CFI:-1;CCL11:+1,False,0.6561062520246194
SIG_UST4_COEF,T_UNIFI_REM_W8,GSE206285_UNIFI,2,HSD3B1:-1;MUC4:-1;CFI:+1;CCL11:-1,False,0.30981535471331384
SIG_UST4_COEF,T_UNIFI_REM_W8,GSE206285_UNIFI,3,HSD3B1:-1;MUC4:-1;CFI:+1;CCL11:+1,False,0.3087787495950761
SIG_UST4_COEF,T_UNIFI_REM_W8,GSE206285_UNIFI,4,HSD3B1:-1;MUC4:+1;CFI:-1;CCL11:-1,False,0.667897635244574
SIG_UST4_COEF,T_UNIFI_REM_W8,GSE206285_UNIFI,5,HSD3B1:-1;MUC4:+1;CFI:-1;CCL11:+1,False,0.6660835762876579
SIG_UST4_COEF,T_UNIFI_REM_W8,GSE206285_UNIFI,6,HSD3B1:-1;MUC4:+1;CFI:+1;CCL11:-1,False,0.3165532879818594
SIG_UST4_COEF,T_UNIFI_REM_W8,GSE206285_UNIFI,7,HSD3B1:-1;MUC4:+1;CFI:+1;CCL11:+1,False,0.31609977324263044
SIG_UST4_COEF,T_UNIFI_REM_W8,GSE206285_UNIFI,8,HSD3B1:+1;MUC4:-1;CFI:-1;CCL11:-1,True,0.6839002267573695
SIG_UST4_COEF,T_UNIFI_REM_W8,GSE206285_UNIFI,9,HSD3B1:+1;MUC4:-1;CFI:-1;CCL11:+1,False,0.6834467120181406
SIG_UST4_COEF,T_UNIFI_REM_W8,GSE206285_UNIFI,10,HSD3B1:+1;MUC4:-1;CFI:+1;CCL11:-1,False,0.3339164237123421
SIG_UST4_COEF,T_UNIFI_REM_W8,GSE206285_UNIFI,11,HSD3B1:+1;MUC4:-1;CFI:+1;CCL11:+1,False,0.332102364755426
SIG_UST4_COEF,T_UNIFI_REM_W8,GSE206285_UNIFI,12,HSD3B1:+1;MUC4:+1;CFI:-1;CCL11:-1,False,0.6912212504049238
SIG_UST4_COEF,T_UNIFI_REM_W8,GSE206285_UNIFI,13,HSD3B1:+1;MUC4:+1;CFI:-1;CCL11:+1,False,0.6901846452866861
SIG_UST4_COEF,T_UNIFI_REM_W8,GSE206285_UNIFI,14,HSD3B1:+1;MUC4:+1;CFI:+1;CCL11:-1,False,0.34389374797538064
SIG_UST4_COEF,T_UNIFI_REM_W8,GSE206285_UNIFI,15,HSD3B1:+1;MUC4:+1;CFI:+1;CCL11:+1,False,0.3430515063168124
SIG_UST_HUB4,T_EMTAB7604_ER,E-MTAB-7604_ATNF,0,MUC1:-1;DUOX2:-1;LCN2:-1;PDZK1IP1:-1,True,0.6133333333333333
SIG_UST_HUB4,T_EMTAB7604_ER,E-MTAB-7604_ATNF,1,MUC1:-1;DUOX2:-1;LCN2:-1;PDZK1IP1:+1,False,0.5444444444444445
SIG_UST_HUB4,T_EMTAB7604_ER,E-MTAB-7604_ATNF,2,MUC1:-1;DUOX2:-1;LCN2:+1;PDZK1IP1:-1,False,0.5888888888888889
SIG_UST_HUB4,T_EMTAB7604_ER,E-MTAB-7604_ATNF,3,MUC1:-1;DUOX2:-1;LCN2:+1;PDZK1IP1:+1,False,0.46222222222222226
SIG_UST_HUB4,T_EMTAB7604_ER,E-MTAB-7604_ATNF,4,MUC1:-1;DUOX2:+1;LCN2:-1;PDZK1IP1:-1,False,0.5822222222222222
SIG_UST_HUB4,T_EMTAB7604_ER,E-MTAB-7604_ATNF,5,MUC1:-1;DUOX2:+1;LCN2:-1;PDZK1IP1:+1,False,0.45777777777777773
SIG_UST_HUB4,T_EMTAB7604_ER,E-MTAB-7604_ATNF,6,MUC1:-1;DUOX2:+1;LCN2:+1;PDZK1IP1:-1,False,0.38
SIG_UST_HUB4,T_EMTAB7604_ER,E-MTAB-7604_ATNF,7,MUC1:-1;DUOX2:+1;LCN2:+1;PDZK1IP1:+1,False,0.33555555555555555
SIG_UST_HUB4,T_EMTAB7604_ER,E-MTAB-7604_ATNF,8,MUC1:+1;DUOX2:-1;LCN2:-1;PDZK1IP1:-1,False,0.6644444444444444
SIG_UST_HUB4,T_EMTAB7604_ER,E-MTAB-7604_ATNF,9,MUC1:+1;DUOX2:-1;LCN2:-1;PDZK1IP1:+1,False,0.62
SIG_UST_HUB4,T_EMTAB7604_ER,E-MTAB-7604_ATNF,10,MUC1:+1;DUOX2:-1;LCN2:+1;PDZK1IP1:-1,False,0.5422222222222222
SIG_UST_HUB4,T_EMTAB7604_ER,E-MTAB-7604_ATNF,11,MUC1:+1;DUOX2:-1;LCN2:+1;PDZK1IP1:+1,False,0.4177777777777778
SIG_UST_HUB4,T_EMTAB7604_ER,E-MTAB-7604_ATNF,12,MUC1:+1;DUOX2:+1;LCN2:-1;PDZK1IP1:-1,False,0.5377777777777777
SIG_UST_HUB4,T_EMTAB7604_ER,E-MTAB-7604_ATNF,13,MUC1:+1;DUOX2:+1;LCN2:-1;PDZK1IP1:+1,False,0.4111111111111111
SIG_UST_HUB4,T_EMTAB7604_ER,E-MTAB-7604_ATNF,14,MUC1:+1;DUOX2:+1;LCN2:+1;PDZK1IP1:-1,False,0.45555555555555555
SIG_UST_HUB4,T_EMTAB7604_ER,E-MTAB-7604_ATNF,15,MUC1:+1;DUOX2:+1;LCN2:+1;PDZK1IP1:+1,False,0.38666666666666666
SIG_UST_HUB4,T_PROGECT_MH_W6,GSE212849_PROGECT,0,MUC1:-1;DUOX2:-1;LCN2:-1;PDZK1IP1:-1,True,0.48374905517762656
SIG_UST_HUB4,T_PROGECT_MH_W6,GSE212849_PROGECT,1,MUC1:-1;DUOX2:-1;LCN2:-1;PDZK1IP1:+1,False,0.4444444444444444
SIG_UST_HUB4,T_PROGECT_MH_W6,GSE212849_PROGECT,2,MUC1:-1;DUOX2:-1;LCN2:+1;PDZK1IP1:-1,False,0.45427059712774
SIG_UST_HUB4,T_PROGECT_MH_W6,GSE212849_PROGECT,3,MUC1:-1;DUOX2:-1;LCN2:+1;PDZK1IP1:+1,False,0.45351473922902497
SIG_UST_HUB4,T_PROGECT_MH_W6,GSE212849_PROGECT,4,MUC1:-1;DUOX2:+1;LCN2:-1;PDZK1IP1:-1,False,0.48677248677248675
SIG_UST_HUB4,T_PROGECT_MH_W6,GSE212849_PROGECT,5,MUC1:-1;DUOX2:+1;LCN2:-1;PDZK1IP1:+1,False,0.5343915343915344
SIG_UST_HUB4,T_PROGECT_MH_W6,GSE212849_PROGECT,6,MUC1:-1;DUOX2:+1;LCN2:+1;PDZK1IP1:-1,False,0.5192743764172336
SIG_UST_HUB4,T_PROGECT_MH_W6,GSE212849_PROGECT,7,MUC1:-1;DUOX2:+1;LCN2:+1;PDZK1IP1:+1,False,0.5071806500377929
SIG_UST_HUB4,T_PROGECT_MH_W6,GSE212849_PROGECT,8,MUC1:+1;DUOX2:-1;LCN2:-1;PDZK1IP1:-1,False,0.4928193499622071
SIG_UST_HUB4,T_PROGECT_MH_W6,GSE212849_PROGECT,9,MUC1:+1;DUOX2:-1;LCN2:-1;PDZK1IP1:+1,False,0.48072562358276644
SIG_UST_HUB4,T_PROGECT_MH_W6,GSE212849_PROGECT,10,MUC1:+1;DUOX2:-1;LCN2:+1;PDZK1IP1:-1,False,0.4656084656084656
SIG_UST_HUB4,T_PROGECT_MH_W6,GSE212849_PROGECT,11,MUC1:+1;DUOX2:-1;LCN2:+1;PDZK1IP1:+1,False,0.5132275132275131
SIG_UST_HUB4,T_PROGECT_MH_W6,GSE212849_PROGECT,12,MUC1:+1;DUOX2:+1;LCN2:-1;PDZK1IP1:-1,False,0.5464852607709751
SIG_UST_HUB4,T_PROGECT_MH_W6,GSE212849_PROGECT,13,MUC1:+1;DUOX2:+1;LCN2:-1;PDZK1IP1:+1,False,0.54572940287226
SIG_UST_HUB4,T_PROGECT_MH_W6,GSE212849_PROGECT,14,MUC1:+1;DUOX2:+1;LCN2:+1;PDZK1IP1:-1,False,0.5555555555555556
SIG_UST_HUB4,T_PROGECT_MH_W6,GSE212849_PROGECT,15,MUC1:+1;DUOX2:+1;LCN2:+1;PDZK1IP1:+1,False,0.5162509448223733
SIG_UST_HUB4,T_PURSUIT_CR_W6,GSE92415_PURSUIT,0,MUC1:-1;DUOX2:-1;LCN2:-1;PDZK1IP1:-1,True,0.5625
SIG_UST_HUB4,T_PURSUIT_CR_W6,GSE92415_PURSUIT,1,MUC1:-1;DUOX2:-1;LCN2:-1;PDZK1IP1:+1,False,0.5729166666666667
SIG_UST_HUB4,T_PURSUIT_CR_W6,GSE92415_PURSUIT,2,MUC1:-1;DUOX2:-1;LCN2:+1;PDZK1IP1:-1,False,0.5671296296296297
SIG_UST_HUB4,T_PURSUIT_CR_W6,GSE92415_PURSUIT,3,MUC1:-1;DUOX2:-1;LCN2:+1;PDZK1IP1:+1,False,0.5138888888888888
SIG_UST_HUB4,T_PURSUIT_CR_W6,GSE92415_PURSUIT,4,MUC1:-1;DUOX2:+1;LCN2:-1;PDZK1IP1:-1,False,0.5625
SIG_UST_HUB4,T_PURSUIT_CR_W6,GSE92415_PURSUIT,5,MUC1:-1;DUOX2:+1;LCN2:-1;PDZK1IP1:+1,False,0.49189814814814814
SIG_UST_HUB4,T_PURSUIT_CR_W6,GSE92415_PURSUIT,6,MUC1:-1;DUOX2:+1;LCN2:+1;PDZK1IP1:-1,False,0.45601851851851855
SIG_UST_HUB4,T_PURSUIT_CR_W6,GSE92415_PURSUIT,7,MUC1:-1;DUOX2:+1;LCN2:+1;PDZK1IP1:+1,False,0.4907407407407408
SIG_UST_HUB4,T_PURSUIT_CR_W6,GSE92415_PURSUIT,8,MUC1:+1;DUOX2:-1;LCN2:-1;PDZK1IP1:-1,False,0.5092592592592593
SIG_UST_HUB4,T_PURSUIT_CR_W6,GSE92415_PURSUIT,9,MUC1:+1;DUOX2:-1;LCN2:-1;PDZK1IP1:+1,False,0.5439814814814815
SIG_UST_HUB4,T_PURSUIT_CR_W6,GSE92415_PURSUIT,10,MUC1:+1;DUOX2:-1;LCN2:+1;PDZK1IP1:-1,False,0.508101851851852
SIG_UST_HUB4,T_PURSUIT_CR_W6,GSE92415_PURSUIT,11,MUC1:+1;DUOX2:-1;LCN2:+1;PDZK1IP1:+1,False,0.4375
SIG_UST_HUB4,T_PURSUIT_CR_W6,GSE92415_PURSUIT,12,MUC1:+1;DUOX2:+1;LCN2:-1;PDZK1IP1:-1,False,0.48611111111111116
SIG_UST_HUB4,T_PURSUIT_CR_W6,GSE92415_PURSUIT,13,MUC1:+1;DUOX2:+1;LCN2:-1;PDZK1IP1:+1,False,0.4328703703703704
SIG_UST_HUB4,T_PURSUIT_CR_W6,GSE92415_PURSUIT,14,MUC1:+1;DUOX2:+1;LCN2:+1;PDZK1IP1:-1,False,0.42708333333333337
SIG_UST_HUB4,T_PURSUIT_CR_W6,GSE92415_PURSUIT,15,MUC1:+1;DUOX2:+1;LCN2:+1;PDZK1IP1:+1,False,0.4375
SIG_UST_HUB4,T_UNIFI_MH_W8,GSE206285_UNIFI,0,MUC1:-1;DUOX2:-1;LCN2:-1;PDZK1IP1:-1,True,0.4414616840113529
SIG_UST_HUB4,T_UNIFI_MH_W8,GSE206285_UNIFI,1,MUC1:-1;DUOX2:-1;LCN2:-1;PDZK1IP1:+1,False,0.4355487228003785
SIG_UST_HUB4,T_UNIFI_MH_W8,GSE206285_UNIFI,2,MUC1:-1;DUOX2:-1;LCN2:+1;PDZK1IP1:-1,False,0.4628074739829706
SIG_UST_HUB4,T_UNIFI_MH_W8,GSE206285_UNIFI,3,MUC1:-1;DUOX2:-1;LCN2:+1;PDZK1IP1:+1,False,0.4845080416272469
SIG_UST_HUB4,T_UNIFI_MH_W8,GSE206285_UNIFI,4,MUC1:-1;DUOX2:+1;LCN2:-1;PDZK1IP1:-1,False,0.42437322611163675
SIG_UST_HUB4,T_UNIFI_MH_W8,GSE206285_UNIFI,5,MUC1:-1;DUOX2:+1;LCN2:-1;PDZK1IP1:+1,False,0.41118732261116364
SIG_UST_HUB4,T_UNIFI_MH_W8,GSE206285_UNIFI,6,MUC1:-1;DUOX2:+1;LCN2:+1;PDZK1IP1:-1,False,0.47256385998107847
SIG_UST_HUB4,T_UNIFI_MH_W8,GSE206285_UNIFI,7,MUC1:-1;DUOX2:+1;LCN2:+1;PDZK1IP1:+1,False,0.5198675496688742
SIG_UST_HUB4,T_UNIFI_MH_W8,GSE206285_UNIFI,8,MUC1:+1;DUOX2:-1;LCN2:-1;PDZK1IP1:-1,False,0.48013245033112584
SIG_UST_HUB4,T_UNIFI_MH_W8,GSE206285_UNIFI,9,MUC1:+1;DUOX2:-1;LCN2:-1;PDZK1IP1:+1,False,0.5274361400189215
SIG_UST_HUB4,T_UNIFI_MH_W8,GSE206285_UNIFI,10,MUC1:+1;DUOX2:-1;LCN2:+1;PDZK1IP1:-1,False,0.5888126773888364
SIG_UST_HUB4,T_UNIFI_MH_W8,GSE206285_UNIFI,11,MUC1:+1;DUOX2:-1;LCN2:+1;PDZK1IP1:+1,False,0.5756267738883633
SIG_UST_HUB4,T_UNIFI_MH_W8,GSE206285_UNIFI,12,MUC1:+1;DUOX2:+1;LCN2:-1;PDZK1IP1:-1,False,0.5154919583727531
SIG_UST_HUB4,T_UNIFI_MH_W8,GSE206285_UNIFI,13,MUC1:+1;DUOX2:+1;LCN2:-1;PDZK1IP1:+1,False,0.5371925260170294
SIG_UST_HUB4,T_UNIFI_MH_W8,GSE206285_UNIFI,14,MUC1:+1;DUOX2:+1;LCN2:+1;PDZK1IP1:-1,False,0.5644512771996216
SIG_UST_HUB4,T_UNIFI_MH_W8,GSE206285_UNIFI,15,MUC1:+1;DUOX2:+1;LCN2:+1;PDZK1IP1:+1,False,0.5585383159886471
SIG_UST_HUB4,T_UNIFI_REM_W8,GSE206285_UNIFI,0,MUC1:-1;DUOX2:-1;LCN2:-1;PDZK1IP1:-1,True,0.4897959183673469
SIG_UST_HUB4,T_UNIFI_REM_W8,GSE206285_UNIFI,1,MUC1:-1;DUOX2:-1;LCN2:-1;PDZK1IP1:+1,False,0.4611597019760285
SIG_UST_HUB4,T_UNIFI_REM_W8,GSE206285_UNIFI,2,MUC1:-1;DUOX2:-1;LCN2:+1;PDZK1IP1:-1,False,0.5129251700680273
SIG_UST_HUB4,T_UNIFI_REM_W8,GSE206285_UNIFI,3,MUC1:-1;DUOX2:-1;LCN2:+1;PDZK1IP1:+1,False,0.45468091998704246
SIG_UST_HUB4,T_UNIFI_REM_W8,GSE206285_UNIFI,4,MUC1:-1;DUOX2:+1;LCN2:-1;PDZK1IP1:-1,False,0.47625526401036605
SIG_UST_HUB4,T_UNIFI_REM_W8,GSE206285_UNIFI,5,MUC1:-1;DUOX2:+1;LCN2:-1;PDZK1IP1:+1,False,0.3875607385811468
SIG_UST_HUB4,T_UNIFI_REM_W8,GSE206285_UNIFI,6,MUC1:-1;DUOX2:+1;LCN2:+1;PDZK1IP1:-1,False,0.4839002267573696
SIG_UST_HUB4,T_UNIFI_REM_W8,GSE206285_UNIFI,7,MUC1:-1;DUOX2:+1;LCN2:+1;PDZK1IP1:+1,False,0.46608357628765795
SIG_UST_HUB4,T_UNIFI_REM_W8,GSE206285_UNIFI,8,MUC1:+1;DUOX2:-1;LCN2:-1;PDZK1IP1:-1,False,0.533916423712342
SIG_UST_HUB4,T_UNIFI_REM_W8,GSE206285_UNIFI,9,MUC1:+1;DUOX2:-1;LCN2:-1;PDZK1IP1:+1,False,0.5160997732426303
SIG_UST_HUB4,T_UNIFI_REM_W8,GSE206285_UNIFI,10,MUC1:+1;DUOX2:-1;LCN2:+1;PDZK1IP1:-1,False,0.6124392614188532
SIG_UST_HUB4,T_UNIFI_REM_W8,GSE206285_UNIFI,11,MUC1:+1;DUOX2:-1;LCN2:+1;PDZK1IP1:+1,False,0.5237447359896339
SIG_UST_HUB4,T_UNIFI_REM_W8,GSE206285_UNIFI,12,MUC1:+1;DUOX2:+1;LCN2:-1;PDZK1IP1:-1,False,0.5453190800129575
SIG_UST_HUB4,T_UNIFI_REM_W8,GSE206285_UNIFI,13,MUC1:+1;DUOX2:+1;LCN2:-1;PDZK1IP1:+1,False,0.4870748299319728
SIG_UST_HUB4,T_UNIFI_REM_W8,GSE206285_UNIFI,14,MUC1:+1;DUOX2:+1;LCN2:+1;PDZK1IP1:-1,False,0.5388402980239715
SIG_UST_HUB4,T_UNIFI_REM_W8,GSE206285_UNIFI,15,MUC1:+1;DUOX2:+1;LCN2:+1;PDZK1IP1:+1,False,0.510204081632653
SIG_UST_MH2,T_EMTAB7604_ER,E-MTAB-7604_ATNF,0,LCN2:-1;KDM5D:-1,True,0.5844444444444444
SIG_UST_MH2,T_EMTAB7604_ER,E-MTAB-7604_ATNF,1,LCN2:-1;KDM5D:+1,False,0.6022222222222222
SIG_UST_MH2,T_EMTAB7604_ER,E-MTAB-7604_ATNF,2,LCN2:+1;KDM5D:-1,False,0.3977777777777778
SIG_UST_MH2,T_EMTAB7604_ER,E-MTAB-7604_ATNF,3,LCN2:+1;KDM5D:+1,False,0.41555555555555557
SIG_UST_MH2,T_PROGECT_MH_W6,GSE212849_PROGECT,0,LCN2:-1;KDM5D:-1,True,0.5064247921390779
SIG_UST_MH2,T_PROGECT_MH_W6,GSE212849_PROGECT,1,LCN2:-1;KDM5D:+1,False,0.49659863945578236
SIG_UST_MH2,T_PROGECT_MH_W6,GSE212849_PROGECT,2,LCN2:+1;KDM5D:-1,False,0.5034013605442177
SIG_UST_MH2,T_PROGECT_MH_W6,GSE212849_PROGECT,3,LCN2:+1;KDM5D:+1,False,0.4935752078609221
SIG_UST_MH2,T_PURSUIT_CR_W6,GSE92415_PURSUIT,0,LCN2:-1;KDM5D:-1,True,0.6469907407407407
SIG_UST_MH2,T_PURSUIT_CR_W6,GSE92415_PURSUIT,1,LCN2:-1;KDM5D:+1,False,0.4537037037037037
SIG_UST_MH2,T_PURSUIT_CR_W6,GSE92415_PURSUIT,2,LCN2:+1;KDM5D:-1,False,0.5462962962962963
SIG_UST_MH2,T_PURSUIT_CR_W6,GSE92415_PURSUIT,3,LCN2:+1;KDM5D:+1,False,0.3530092592592593
SIG_UST_MH2,T_UNIFI_MH_W8,GSE206285_UNIFI,0,LCN2:-1;KDM5D:-1,True,0.4852767265846737
SIG_UST_MH2,T_UNIFI_MH_W8,GSE206285_UNIFI,1,LCN2:-1;KDM5D:+1,False,0.4234862819299905
SIG_UST_MH2,T_UNIFI_MH_W8,GSE206285_UNIFI,2,LCN2:+1;KDM5D:-1,False,0.5765137180700094
SIG_UST_MH2,T_UNIFI_MH_W8,GSE206285_UNIFI,3,LCN2:+1;KDM5D:+1,False,0.5147232734153264
SIG_UST_MH2,T_UNIFI_REM_W8,GSE206285_UNIFI,0,LCN2:-1;KDM5D:-1,True,0.5286686103012633
SIG_UST_MH2,T_UNIFI_REM_W8,GSE206285_UNIFI,1,LCN2:-1;KDM5D:+1,False,0.44606413994169103
SIG_UST_MH2,T_UNIFI_REM_W8,GSE206285_UNIFI,2,LCN2:+1;KDM5D:-1,False,0.5539358600583091
SIG_UST_MH2,T_UNIFI_REM_W8,GSE206285_UNIFI,3,LCN2:+1;KDM5D:+1,False,0.47133138969873667
SIG_VDZ4,T_EMTAB7604_ER,E-MTAB-7604_ATNF,0,PIWIL1:-1;MAATS1:-1;RGS13:-1;DCHS2:-1,False,0.508888888888889
SIG_VDZ4,T_EMTAB7604_ER,E-MTAB-7604_ATNF,1,PIWIL1:-1;MAATS1:-1;RGS13:-1;DCHS2:+1,False,0.5333333333333333
SIG_VDZ4,T_EMTAB7604_ER,E-MTAB-7604_ATNF,2,PIWIL1:-1;MAATS1:-1;RGS13:+1;DCHS2:-1,False,0.45555555555555555
SIG_VDZ4,T_EMTAB7604_ER,E-MTAB-7604_ATNF,3,PIWIL1:-1;MAATS1:-1;RGS13:+1;DCHS2:+1,False,0.38666666666666666
SIG_VDZ4,T_EMTAB7604_ER,E-MTAB-7604_ATNF,4,PIWIL1:-1;MAATS1:+1;RGS13:-1;DCHS2:-1,False,0.5711111111111111
SIG_VDZ4,T_EMTAB7604_ER,E-MTAB-7604_ATNF,5,PIWIL1:-1;MAATS1:+1;RGS13:-1;DCHS2:+1,False,0.5022222222222222
SIG_VDZ4,T_EMTAB7604_ER,E-MTAB-7604_ATNF,6,PIWIL1:-1;MAATS1:+1;RGS13:+1;DCHS2:-1,False,0.40444444444444444
SIG_VDZ4,T_EMTAB7604_ER,E-MTAB-7604_ATNF,7,PIWIL1:-1;MAATS1:+1;RGS13:+1;DCHS2:+1,False,0.4311111111111111
SIG_VDZ4,T_EMTAB7604_ER,E-MTAB-7604_ATNF,8,PIWIL1:+1;MAATS1:-1;RGS13:-1;DCHS2:-1,False,0.5688888888888889
SIG_VDZ4,T_EMTAB7604_ER,E-MTAB-7604_ATNF,9,PIWIL1:+1;MAATS1:-1;RGS13:-1;DCHS2:+1,False,0.5955555555555556
SIG_VDZ4,T_EMTAB7604_ER,E-MTAB-7604_ATNF,10,PIWIL1:+1;MAATS1:-1;RGS13:+1;DCHS2:-1,False,0.49777777777777776
SIG_VDZ4,T_EMTAB7604_ER,E-MTAB-7604_ATNF,11,PIWIL1:+1;MAATS1:-1;RGS13:+1;DCHS2:+1,False,0.4288888888888889
SIG_VDZ4,T_EMTAB7604_ER,E-MTAB-7604_ATNF,12,PIWIL1:+1;MAATS1:+1;RGS13:-1;DCHS2:-1,False,0.6133333333333333
SIG_VDZ4,T_EMTAB7604_ER,E-MTAB-7604_ATNF,13,PIWIL1:+1;MAATS1:+1;RGS13:-1;DCHS2:+1,False,0.5444444444444444
SIG_VDZ4,T_EMTAB7604_ER,E-MTAB-7604_ATNF,14,PIWIL1:+1;MAATS1:+1;RGS13:+1;DCHS2:-1,False,0.4666666666666667
SIG_VDZ4,T_EMTAB7604_ER,E-MTAB-7604_ATNF,15,PIWIL1:+1;MAATS1:+1;RGS13:+1;DCHS2:+1,True,0.4911111111111111
SIG_VDZ4,T_PROGECT_MH_W6,GSE212849_PROGECT,0,PIWIL1:-1;MAATS1:-1;RGS13:-1;DCHS2:-1,False,0.5910808767951624
SIG_VDZ4,T_PROGECT_MH_W6,GSE212849_PROGECT,1,PIWIL1:-1;MAATS1:-1;RGS13:-1;DCHS2:+1,False,0.5056689342403629
SIG_VDZ4,T_PROGECT_MH_W6,GSE212849_PROGECT,2,PIWIL1:-1;MAATS1:-1;RGS13:+1;DCHS2:-1,False,0.6235827664399092
SIG_VDZ4,T_PROGECT_MH_W6,GSE212849_PROGECT,3,PIWIL1:-1;MAATS1:-1;RGS13:+1;DCHS2:+1,False,0.5056689342403629
SIG_VDZ4,T_PROGECT_MH_W6,GSE212849_PROGECT,4,PIWIL1:-1;MAATS1:+1;RGS13:-1;DCHS2:-1,False,0.5782312925170068
SIG_VDZ4,T_PROGECT_MH_W6,GSE212849_PROGECT,5,PIWIL1:-1;MAATS1:+1;RGS13:-1;DCHS2:+1,False,0.47921390778533635
SIG_VDZ4,T_PROGECT_MH_W6,GSE212849_PROGECT,6,PIWIL1:-1;MAATS1:+1;RGS13:+1;DCHS2:-1,False,0.582010582010582
SIG_VDZ4,T_PROGECT_MH_W6,GSE212849_PROGECT,7,PIWIL1:-1;MAATS1:+1;RGS13:+1;DCHS2:+1,False,0.49584278155706724
SIG_VDZ4,T_PROGECT_MH_W6,GSE212849_PROGECT,8,PIWIL1:+1;MAATS1:-1;RGS13:-1;DCHS2:-1,False,0.5041572184429328
SIG_VDZ4,T_PROGECT_MH_W6,GSE212849_PROGECT,9,PIWIL1:+1;MAATS1:-1;RGS13:-1;DCHS2:+1,False,0.417989417989418
SIG_VDZ4,T_PROGECT_MH_W6,GSE212849_PROGECT,10,PIWIL1:+1;MAATS1:-1;RGS13:+1;DCHS2:-1,False,0.5207860922146637
SIG_VDZ4,T_PROGECT_MH_W6,GSE212849_PROGECT,11,PIWIL1:+1;MAATS1:-1;RGS13:+1;DCHS2:+1,False,0.42176870748299317
SIG_VDZ4,T_PROGECT_MH_W6,GSE212849_PROGECT,12,PIWIL1:+1;MAATS1:+1;RGS13:-1;DCHS2:-1,False,0.4943310657596372
SIG_VDZ4,T_PROGECT_MH_W6,GSE212849_PROGECT,13,PIWIL1:+1;MAATS1:+1;RGS13:-1;DCHS2:+1,False,0.3764172335600907
SIG_VDZ4,T_PROGECT_MH_W6,GSE212849_PROGECT,14,PIWIL1:+1;MAATS1:+1;RGS13:+1;DCHS2:-1,False,0.49433106575963714
SIG_VDZ4,T_PROGECT_MH_W6,GSE212849_PROGECT,15,PIWIL1:+1;MAATS1:+1;RGS13:+1;DCHS2:+1,True,0.40891912320483753
SIG_VDZ_ANDO7,T_EMTAB7604_ER,E-MTAB-7604_ATNF,0,ARMC2:-1;BCL11B:-1;CDH23:-1;CRB2:-1;MEGF6:-1;NAPSB:-1;BCAP31:-1,False,0.5288888888888889
SIG_VDZ_ANDO7,T_EMTAB7604_ER,E-MTAB-7604_ATNF,1,ARMC2:-1;BCL11B:-1;CDH23:-1;CRB2:-1;MEGF6:-1;NAPSB:-1;BCAP31:+1,False,0.5333333333333333
SIG_VDZ_ANDO7,T_EMTAB7604_ER,E-MTAB-7604_ATNF,2,ARMC2:-1;BCL11B:-1;CDH23:-1;CRB2:-1;MEGF6:-1;NAPSB:+1;BCAP31:-1,False,0.46888888888888886
SIG_VDZ_ANDO7,T_EMTAB7604_ER,E-MTAB-7604_ATNF,3,ARMC2:-1;BCL11B:-1;CDH23:-1;CRB2:-1;MEGF6:-1;NAPSB:+1;BCAP31:+1,False,0.5
SIG_VDZ_ANDO7,T_EMTAB7604_ER,E-MTAB-7604_ATNF,4,ARMC2:-1;BCL11B:-1;CDH23:-1;CRB2:-1;MEGF6:+1;NAPSB:-1;BCAP31:-1,False,0.47777777777777775
SIG_VDZ_ANDO7,T_EMTAB7604_ER,E-MTAB-7604_ATNF,5,ARMC2:-1;BCL11B:-1;CDH23:-1;CRB2:-1;MEGF6:+1;NAPSB:-1;BCAP31:+1,False,0.5
SIG_VDZ_ANDO7,T_EMTAB7604_ER,E-MTAB-7604_ATNF,6,ARMC2:-1;BCL11B:-1;CDH23:-1;CRB2:-1;MEGF6:+1;NAPSB:+1;BCAP31:-1,False,0.3866666666666666
SIG_VDZ_ANDO7,T_EMTAB7604_ER,E-MTAB-7604_ATNF,7,ARMC2:-1;BCL11B:-1;CDH23:-1;CRB2:-1;MEGF6:+1;NAPSB:+1;BCAP31:+1,False,0.4222222222222222
SIG_VDZ_ANDO7,T_EMTAB7604_ER,E-MTAB-7604_ATNF,8,ARMC2:-1;BCL11B:-1;CDH23:-1;CRB2:+1;MEGF6:-1;NAPSB:-1;BCAP31:-1,False,0.5111111111111111
SIG_VDZ_ANDO7,T_EMTAB7604_ER,E-MTAB-7604_ATNF,9,ARMC2:-1;BCL11B:-1;CDH23:-1;CRB2:+1;MEGF6:-1;NAPSB:-1;BCAP31:+1,False,0.5266666666666666
SIG_VDZ_ANDO7,T_EMTAB7604_ER,E-MTAB-7604_ATNF,10,ARMC2:-1;BCL11B:-1;CDH23:-1;CRB2:+1;MEGF6:-1;NAPSB:+1;BCAP31:-1,False,0.4488888888888889
SIG_VDZ_ANDO7,T_EMTAB7604_ER,E-MTAB-7604_ATNF,11,ARMC2:-1;BCL11B:-1;CDH23:-1;CRB2:+1;MEGF6:-1;NAPSB:+1;BCAP31:+1,False,0.45333333333333337
SIG_VDZ_ANDO7,T_EMTAB7604_ER,E-MTAB-7604_ATNF,12,ARMC2:-1;BCL11B:-1;CDH23:-1;CRB2:+1;MEGF6:+1;NAPSB:-1;BCAP31:-1,False,0.4111111111111111
SIG_VDZ_ANDO7,T_EMTAB7604_ER,E-MTAB-7604_ATNF,13,ARMC2:-1;BCL11B:-1;CDH23:-1;CRB2:+1;MEGF6:+1;NAPSB:-1;BCAP31:+1,False,0.4288888888888889
SIG_VDZ_ANDO7,T_EMTAB7604_ER,E-MTAB-7604_ATNF,14,ARMC2:-1;BCL11B:-1;CDH23:-1;CRB2:+1;MEGF6:+1;NAPSB:+1;BCAP31:-1,False,0.3244444444444444
SIG_VDZ_ANDO7,T_EMTAB7604_ER,E-MTAB-7604_ATNF,15,ARMC2:-1;BCL11B:-1;CDH23:-1;CRB2:+1;MEGF6:+1;NAPSB:+1;BCAP31:+1,False,0.3466666666666667
SIG_VDZ_ANDO7,T_EMTAB7604_ER,E-MTAB-7604_ATNF,16,ARMC2:-1;BCL11B:-1;CDH23:+1;CRB2:-1;MEGF6:-1;NAPSB:-1;BCAP31:-1,False,0.5777777777777778
SIG_VDZ_ANDO7,T_EMTAB7604_ER,E-MTAB-7604_ATNF,17,ARMC2:-1;BCL11B:-1;CDH23:+1;CRB2:-1;MEGF6:-1;NAPSB:-1;BCAP31:+1,False,0.5911111111111111
SIG_VDZ_ANDO7,T_EMTAB7604_ER,E-MTAB-7604_ATNF,18,ARMC2:-1;BCL11B:-1;CDH23:+1;CRB2:-1;MEGF6:-1;NAPSB:+1;BCAP31:-1,False,0.52
SIG_VDZ_ANDO7,T_EMTAB7604_ER,E-MTAB-7604_ATNF,19,ARMC2:-1;BCL11B:-1;CDH23:+1;CRB2:-1;MEGF6:-1;NAPSB:+1;BCAP31:+1,False,0.5422222222222222
SIG_VDZ_ANDO7,T_EMTAB7604_ER,E-MTAB-7604_ATNF,20,ARMC2:-1;BCL11B:-1;CDH23:+1;CRB2:-1;MEGF6:+1;NAPSB:-1;BCAP31:-1,False,0.54
SIG_VDZ_ANDO7,T_EMTAB7604_ER,E-MTAB-7604_ATNF,21,ARMC2:-1;BCL11B:-1;CDH23:+1;CRB2:-1;MEGF6:+1;NAPSB:-1;BCAP31:+1,False,0.6066666666666667
SIG_VDZ_ANDO7,T_EMTAB7604_ER,E-MTAB-7604_ATNF,22,ARMC2:-1;BCL11B:-1;CDH23:+1;CRB2:-1;MEGF6:+1;NAPSB:+1;BCAP31:-1,False,0.3422222222222222
SIG_VDZ_ANDO7,T_EMTAB7604_ER,E-MTAB-7604_ATNF,23,ARMC2:-1;BCL11B:-1;CDH23:+1;CRB2:-1;MEGF6:+1;NAPSB:+1;BCAP31:+1,False,0.4444444444444444
SIG_VDZ_ANDO7,T_EMTAB7604_ER,E-MTAB-7604_ATNF,24,ARMC2:-1;BCL11B:-1;CDH23:+1;CRB2:+1;MEGF6:-1;NAPSB:-1;BCAP31:-1,False,0.5533333333333333
SIG_VDZ_ANDO7,T_EMTAB7604_ER,E-MTAB-7604_ATNF,25,ARMC2:-1;BCL11B:-1;CDH23:+1;CRB2:+1;MEGF6:-1;NAPSB:-1;BCAP31:+1,False,0.5800000000000001
SIG_VDZ_ANDO7,T_EMTAB7604_ER,E-MTAB-7604_ATNF,26,ARMC2:-1;BCL11B:-1;CDH23:+1;CRB2:+1;MEGF6:-1;NAPSB:+1;BCAP31:-1,False,0.4022222222222222
SIG_VDZ_ANDO7,T_EMTAB7604_ER,E-MTAB-7604_ATNF,27,ARMC2:-1;BCL11B:-1;CDH23:+1;CRB2:+1;MEGF6:-1;NAPSB:+1;BCAP31:+1,False,0.41777777777777775
SIG_VDZ_ANDO7,T_EMTAB7604_ER,E-MTAB-7604_ATNF,28,ARMC2:-1;BCL11B:-1;CDH23:+1;CRB2:+1;MEGF6:+1;NAPSB:-1;BCAP31:-1,False,0.42222222222222217
SIG_VDZ_ANDO7,T_EMTAB7604_ER,E-MTAB-7604_ATNF,29,ARMC2:-1;BCL11B:-1;CDH23:+1;CRB2:+1;MEGF6:+1;NAPSB:-1;BCAP31:+1,False,0.4844444444444444
SIG_VDZ_ANDO7,T_EMTAB7604_ER,E-MTAB-7604_ATNF,30,ARMC2:-1;BCL11B:-1;CDH23:+1;CRB2:+1;MEGF6:+1;NAPSB:+1;BCAP31:-1,False,0.3244444444444444
SIG_VDZ_ANDO7,T_EMTAB7604_ER,E-MTAB-7604_ATNF,31,ARMC2:-1;BCL11B:-1;CDH23:+1;CRB2:+1;MEGF6:+1;NAPSB:+1;BCAP31:+1,False,0.3688888888888889
SIG_VDZ_ANDO7,T_EMTAB7604_ER,E-MTAB-7604_ATNF,32,ARMC2:-1;BCL11B:+1;CDH23:-1;CRB2:-1;MEGF6:-1;NAPSB:-1;BCAP31:-1,False,0.5733333333333334
SIG_VDZ_ANDO7,T_EMTAB7604_ER,E-MTAB-7604_ATNF,33,ARMC2:-1;BCL11B:+1;CDH23:-1;CRB2:-1;MEGF6:-1;NAPSB:-1;BCAP31:+1,False,0.6155555555555555
SIG_VDZ_ANDO7,T_EMTAB7604_ER,E-MTAB-7604_ATNF,34,ARMC2:-1;BCL11B:+1;CDH23:-1;CRB2:-1;MEGF6:-1;NAPSB:+1;BCAP31:-1,False,0.46
SIG_VDZ_ANDO7,T_EMTAB7604_ER,E-MTAB-7604_ATNF,35,ARMC2:-1;BCL11B:+1;CDH23:-1;CRB2:-1;MEGF6:-1;NAPSB:+1;BCAP31:+1,False,0.5555555555555556
SIG_VDZ_ANDO7,T_EMTAB7604_ER,E-MTAB-7604_ATNF,36,ARMC2:-1;BCL11B:+1;CDH23:-1;CRB2:-1;MEGF6:+1;NAPSB:-1;BCAP31:-1,False,0.5622222222222222
SIG_VDZ_ANDO7,T_EMTAB7604_ER,E-MTAB-7604_ATNF,37,ARMC2:-1;BCL11B:+1;CDH23:-1;CRB2:-1;MEGF6:+1;NAPSB:-1;BCAP31:+1,False,0.6044444444444445
SIG_VDZ_ANDO7,T_EMTAB7604_ER,E-MTAB-7604_ATNF,38,ARMC2:-1;BCL11B:+1;CDH23:-1;CRB2:-1;MEGF6:+1;NAPSB:+1;BCAP31:-1,False,0.37111111111111117
SIG_VDZ_ANDO7,T_EMTAB7604_ER,E-MTAB-7604_ATNF,39,ARMC2:-1;BCL11B:+1;CDH23:-1;CRB2:-1;MEGF6:+1;NAPSB:+1;BCAP31:+1,False,0.4
SIG_VDZ_ANDO7,T_EMTAB7604_ER,E-MTAB-7604_ATNF,40,ARMC2:-1;BCL11B:+1;CDH23:-1;CRB2:+1;MEGF6:-1;NAPSB:-1;BCAP31:-1,False,0.5422222222222223
SIG_VDZ_ANDO7,T_EMTAB7604_ER,E-MTAB-7604_ATNF,41,ARMC2:-1;BCL11B:+1;CDH23:-1;CRB2:+1;MEGF6:-1;NAPSB:-1;BCAP31:+1,False,0.6244444444444445
SIG_VDZ_ANDO7,T_EMTAB7604_ER,E-MTAB-7604_ATNF,42,ARMC2:-1;BCL11B:+1;CDH23:-1;CRB2:+1;MEGF6:-1;NAPSB:+1;BCAP31:-1,False,0.42222222222222217
SIG_VDZ_ANDO7,T_EMTAB7604_ER,E-MTAB-7604_ATNF,43,ARMC2:-1;BCL11B:+1;CDH23:-1;CRB2:+1;MEGF6:-1;NAPSB:+1;BCAP31:+1,False,0.47555555555555556
SIG_VDZ_ANDO7,T_EMTAB7604_ER,E-MTAB-7604_ATNF,44,ARMC2:-1;BCL11B:+1;CDH23:-1;CRB2:+1;MEGF6:+1;NAPSB:-1;BCAP31:-1,False,0.4355555555555556
SIG_VDZ_ANDO7,T_EMTAB7604_ER,E-MTAB-7604_ATNF,45,ARMC2:-1;BCL11B:+1;CDH23:-1;CRB2:+1;MEGF6:+1;NAPSB:-1;BCAP31:+1,False,0.4977777777777777
SIG_VDZ_ANDO7,T_EMTAB7604_ER,E-MTAB-7604_ATNF,46,ARMC2:-1;BCL11B:+1;CDH23:-1;CRB2:+1;MEGF6:+1;NAPSB:+1;BCAP31:-1,False,0.3844444444444444
SIG_VDZ_ANDO7,T_EMTAB7604_ER,E-MTAB-7604_ATNF,47,ARMC2:-1;BCL11B:+1;CDH23:-1;CRB2:+1;MEGF6:+1;NAPSB:+1;BCAP31:+1,False,0.4022222222222222
SIG_VDZ_ANDO7,T_EMTAB7604_ER,E-MTAB-7604_ATNF,48,ARMC2:-1;BCL11B:+1;CDH23:+1;CRB2:-1;MEGF6:-1;NAPSB:-1;BCAP31:-1,False,0.6244444444444444
SIG_VDZ_ANDO7,T_EMTAB7604_ER,E-MTAB-7604_ATNF,49,ARMC2:-1;BCL11B:+1;CDH23:+1;CRB2:-1;MEGF6:-1;NAPSB:-1;BCAP31:+1,False,0.6444444444444444
SIG_VDZ_ANDO7,T_EMTAB7604_ER,E-MTAB-7604_ATNF,50,ARMC2:-1;BCL11B:+1;CDH23:+1;CRB2:-1;MEGF6:-1;NAPSB:+1;BCAP31:-1,False,0.5022222222222222
SIG_VDZ_ANDO7,T_EMTAB7604_ER,E-MTAB-7604_ATNF,51,ARMC2:-1;BCL11B:+1;CDH23:+1;CRB2:-1;MEGF6:-1;NAPSB:+1;BCAP31:+1,False,0.5644444444444445
SIG_VDZ_ANDO7,T_EMTAB7604_ER,E-MTAB-7604_ATNF,52,ARMC2:-1;BCL11B:+1;CDH23:+1;CRB2:-1;MEGF6:+1;NAPSB:-1;BCAP31:-1,False,0.5333333333333333
SIG_VDZ_ANDO7,T_EMTAB7604_ER,E-MTAB-7604_ATNF,53,ARMC2:-1;BCL11B:+1;CDH23:+1;CRB2:-1;MEGF6:+1;NAPSB:-1;BCAP31:+1,False,0.5888888888888889
SIG_VDZ_ANDO7,T_EMTAB7604_ER,E-MTAB-7604_ATNF,54,ARMC2:-1;BCL11B:+1;CDH23:+1;CRB2:-1;MEGF6:+1;NAPSB:+1;BCAP31:-1,False,0.42666666666666664
SIG_VDZ_ANDO7,T_EMTAB7604_ER,E-MTAB-7604_ATNF,55,ARMC2:-1;BCL11B:+1;CDH23:+1;CRB2:-1;MEGF6:+1;NAPSB:+1;BCAP31:+1,False,0.43555555555555553
SIG_VDZ_ANDO7,T_EMTAB7604_ER,E-MTAB-7604_ATNF,56,ARMC2:-1;BCL11B:+1;CDH23:+1;CRB2:+1;MEGF6:-1;NAPSB:-1;BCAP31:-1,False,0.5800000000000001
SIG_VDZ_ANDO7,T_EMTAB7604_ER,E-MTAB-7604_ATNF,57,ARMC2:-1;BCL11B:+1;CDH23:+1;CRB2:+1;MEGF6:-1;NAPSB:-1;BCAP31:+1,False,0.5977777777777777
SIG_VDZ_ANDO7,T_EMTAB7604_ER,E-MTAB-7604_ATNF,58,ARMC2:-1;BCL11B:+1;CDH23:+1;CRB2:+1;MEGF6:-1;NAPSB:+1;BCAP31:-1,False,0.45555555555555555
SIG_VDZ_ANDO7,T_EMTAB7604_ER,E-MTAB-7604_ATNF,59,ARMC2:-1;BCL11B:+1;CDH23:+1;CRB2:+1;MEGF6:-1;NAPSB:+1;BCAP31:+1,False,0.4555555555555555
SIG_VDZ_ANDO7,T_EMTAB7604_ER,E-MTAB-7604_ATNF,60,ARMC2:-1;BCL11B:+1;CDH23:+1;CRB2:+1;MEGF6:+1;NAPSB:-1;BCAP31:-1,False,0.47555555555555556
SIG_VDZ_ANDO7,T_EMTAB7604_ER,E-MTAB-7604_ATNF,61,ARMC2:-1;BCL11B:+1;CDH23:+1;CRB2:+1;MEGF6:+1;NAPSB:-1;BCAP31:+1,False,0.43777777777777777
SIG_VDZ_ANDO7,T_EMTAB7604_ER,E-MTAB-7604_ATNF,62,ARMC2:-1;BCL11B:+1;CDH23:+1;CRB2:+1;MEGF6:+1;NAPSB:+1;BCAP31:-1,False,0.41777777777777775
SIG_VDZ_ANDO7,T_EMTAB7604_ER,E-MTAB-7604_ATNF,63,ARMC2:-1;BCL11B:+1;CDH23:+1;CRB2:+1;MEGF6:+1;NAPSB:+1;BCAP31:+1,False,0.41333333333333333
SIG_VDZ_ANDO7,T_EMTAB7604_ER,E-MTAB-7604_ATNF,64,ARMC2:+1;BCL11B:-1;CDH23:-1;CRB2:-1;MEGF6:-1;NAPSB:-1;BCAP31:-1,False,0.5866666666666667
SIG_VDZ_ANDO7,T_EMTAB7604_ER,E-MTAB-7604_ATNF,65,ARMC2:+1;BCL11B:-1;CDH23:-1;CRB2:-1;MEGF6:-1;NAPSB:-1;BCAP31:+1,False,0.5822222222222222
SIG_VDZ_ANDO7,T_EMTAB7604_ER,E-MTAB-7604_ATNF,66,ARMC2:+1;BCL11B:-1;CDH23:-1;CRB2:-1;MEGF6:-1;NAPSB:+1;BCAP31:-1,False,0.5622222222222223
SIG_VDZ_ANDO7,T_EMTAB7604_ER,E-MTAB-7604_ATNF,67,ARMC2:+1;BCL11B:-1;CDH23:-1;CRB2:-1;MEGF6:-1;NAPSB:+1;BCAP31:+1,False,0.5244444444444444
SIG_VDZ_ANDO7,T_EMTAB7604_ER,E-MTAB-7604_ATNF,68,ARMC2:+1;BCL11B:-1;CDH23:-1;CRB2:-1;MEGF6:+1;NAPSB:-1;BCAP31:-1,False,0.5444444444444444
SIG_VDZ_ANDO7,T_EMTAB7604_ER,E-MTAB-7604_ATNF,69,ARMC2:+1;BCL11B:-1;CDH23:-1;CRB2:-1;MEGF6:+1;NAPSB:-1;BCAP31:+1,False,0.5444444444444444
SIG_VDZ_ANDO7,T_EMTAB7604_ER,E-MTAB-7604_ATNF,70,ARMC2:+1;BCL11B:-1;CDH23:-1;CRB2:-1;MEGF6:+1;NAPSB:+1;BCAP31:-1,False,0.40222222222222226
SIG_VDZ_ANDO7,T_EMTAB7604_ER,E-MTAB-7604_ATNF,71,ARMC2:+1;BCL11B:-1;CDH23:-1;CRB2:-1;MEGF6:+1;NAPSB:+1;BCAP31:+1,False,0.42
SIG_VDZ_ANDO7,T_EMTAB7604_ER,E-MTAB-7604_ATNF,72,ARMC2:+1;BCL11B:-1;CDH23:-1;CRB2:+1;MEGF6:-1;NAPSB:-1;BCAP31:-1,False,0.5644444444444444
SIG_VDZ_ANDO7,T_EMTAB7604_ER,E-MTAB-7604_ATNF,73,ARMC2:+1;BCL11B:-1;CDH23:-1;CRB2:+1;MEGF6:-1;NAPSB:-1;BCAP31:+1,False,0.5733333333333333
SIG_VDZ_ANDO7,T_EMTAB7604_ER,E-MTAB-7604_ATNF,74,ARMC2:+1;BCL11B:-1;CDH23:-1;CRB2:+1;MEGF6:-1;NAPSB:+1;BCAP31:-1,False,0.4111111111111111
SIG_VDZ_ANDO7,T_EMTAB7604_ER,E-MTAB-7604_ATNF,75,ARMC2:+1;BCL11B:-1;CDH23:-1;CRB2:+1;MEGF6:-1;NAPSB:+1;BCAP31:+1,False,0.4666666666666666
SIG_VDZ_ANDO7,T_EMTAB7604_ER,E-MTAB-7604_ATNF,76,ARMC2:+1;BCL11B:-1;CDH23:-1;CRB2:+1;MEGF6:+1;NAPSB:-1;BCAP31:-1,False,0.43555555555555553
SIG_VDZ_ANDO7,T_EMTAB7604_ER,E-MTAB-7604_ATNF,77,ARMC2:+1;BCL11B:-1;CDH23:-1;CRB2:+1;MEGF6:+1;NAPSB:-1;BCAP31:+1,False,0.49777777777777776
SIG_VDZ_ANDO7,T_EMTAB7604_ER,E-MTAB-7604_ATNF,78,ARMC2:+1;BCL11B:-1;CDH23:-1;CRB2:+1;MEGF6:+1;NAPSB:+1;BCAP31:-1,False,0.3555555555555555
SIG_VDZ_ANDO7,T_EMTAB7604_ER,E-MTAB-7604_ATNF,79,ARMC2:+1;BCL11B:-1;CDH23:-1;CRB2:+1;MEGF6:+1;NAPSB:+1;BCAP31:+1,False,0.37555555555555553
SIG_VDZ_ANDO7,T_EMTAB7604_ER,E-MTAB-7604_ATNF,80,ARMC2:+1;BCL11B:-1;CDH23:+1;CRB2:-1;MEGF6:-1;NAPSB:-1;BCAP31:-1,False,0.5977777777777777
SIG_VDZ_ANDO7,T_EMTAB7604_ER,E-MTAB-7604_ATNF,81,ARMC2:+1;BCL11B:-1;CDH23:+1;CRB2:-1;MEGF6:-1;NAPSB:-1;BCAP31:+1,False,0.6155555555555556
SIG_VDZ_ANDO7,T_EMTAB7604_ER,E-MTAB-7604_ATNF,82,ARMC2:+1;BCL11B:-1;CDH23:+1;CRB2:-1;MEGF6:-1;NAPSB:+1;BCAP31:-1,False,0.5022222222222221
SIG_VDZ_ANDO7,T_EMTAB7604_ER,E-MTAB-7604_ATNF,83,ARMC2:+1;BCL11B:-1;CDH23:+1;CRB2:-1;MEGF6:-1;NAPSB:+1;BCAP31:+1,False,0.5644444444444445
SIG_VDZ_ANDO7,T_EMTAB7604_ER,E-MTAB-7604_ATNF,84,ARMC2:+1;BCL11B:-1;CDH23:+1;CRB2:-1;MEGF6:+1;NAPSB:-1;BCAP31:-1,False,0.5244444444444445
SIG_VDZ_ANDO7,T_EMTAB7604_ER,E-MTAB-7604_ATNF,85,ARMC2:+1;BCL11B:-1;CDH23:+1;CRB2:-1;MEGF6:+1;NAPSB:-1;BCAP31:+1,False,0.5777777777777777
SIG_VDZ_ANDO7,T_EMTAB7604_ER,E-MTAB-7604_ATNF,86,ARMC2:+1;BCL11B:-1;CDH23:+1;CRB2:-1;MEGF6:+1;NAPSB:+1;BCAP31:-1,False,0.3755555555555556
SIG_VDZ_ANDO7,T_EMTAB7604_ER,E-MTAB-7604_ATNF,87,ARMC2:+1;BCL11B:-1;CDH23:+1;CRB2:-1;MEGF6:+1;NAPSB:+1;BCAP31:+1,False,0.4577777777777778
SIG_VDZ_ANDO7,T_EMTAB7604_ER,E-MTAB-7604_ATNF,88,ARMC2:+1;BCL11B:-1;CDH23:+1;CRB2:+1;MEGF6:-1;NAPSB:-1;BCAP31:-1,False,0.6
SIG_VDZ_ANDO7,T_EMTAB7604_ER,E-MTAB-7604_ATNF,89,ARMC2:+1;BCL11B:-1;CDH23:+1;CRB2:+1;MEGF6:-1;NAPSB:-1;BCAP31:+1,False,0.6288888888888889
SIG_VDZ_ANDO7,T_EMTAB7604_ER,E-MTAB-7604_ATNF,90,ARMC2:+1;BCL11B:-1;CDH23:+1;CRB2:+1;MEGF6:-1;NAPSB:+1;BCAP31:-1,False,0.39555555555555555
SIG_VDZ_ANDO7,T_EMTAB7604_ER,E-MTAB-7604_ATNF,91,ARMC2:+1;BCL11B:-1;CDH23:+1;CRB2:+1;MEGF6:-1;NAPSB:+1;BCAP31:+1,False,0.4377777777777777
SIG_VDZ_ANDO7,T_EMTAB7604_ER,E-MTAB-7604_ATNF,92,ARMC2:+1;BCL11B:-1;CDH23:+1;CRB2:+1;MEGF6:+1;NAPSB:-1;BCAP31:-1,False,0.4444444444444444
SIG_VDZ_ANDO7,T_EMTAB7604_ER,E-MTAB-7604_ATNF,93,ARMC2:+1;BCL11B:-1;CDH23:+1;CRB2:+1;MEGF6:+1;NAPSB:-1;BCAP31:+1,False,0.54
SIG_VDZ_ANDO7,T_EMTAB7604_ER,E-MTAB-7604_ATNF,94,ARMC2:+1;BCL11B:-1;CDH23:+1;CRB2:+1;MEGF6:+1;NAPSB:+1;BCAP31:-1,False,0.3844444444444445
SIG_VDZ_ANDO7,T_EMTAB7604_ER,E-MTAB-7604_ATNF,95,ARMC2:+1;BCL11B:-1;CDH23:+1;CRB2:+1;MEGF6:+1;NAPSB:+1;BCAP31:+1,False,0.42666666666666664
SIG_VDZ_ANDO7,T_EMTAB7604_ER,E-MTAB-7604_ATNF,96,ARMC2:+1;BCL11B:+1;CDH23:-1;CRB2:-1;MEGF6:-1;NAPSB:-1;BCAP31:-1,False,0.6311111111111112
SIG_VDZ_ANDO7,T_EMTAB7604_ER,E-MTAB-7604_ATNF,97,ARMC2:+1;BCL11B:+1;CDH23:-1;CRB2:-1;MEGF6:-1;NAPSB:-1;BCAP31:+1,False,0.6755555555555556
SIG_VDZ_ANDO7,T_EMTAB7604_ER,E-MTAB-7604_ATNF,98,ARMC2:+1;BCL11B:+1;CDH23:-1;CRB2:-1;MEGF6:-1;NAPSB:+1;BCAP31:-1,False,0.5155555555555555
SIG_VDZ_ANDO7,T_EMTAB7604_ER,E-MTAB-7604_ATNF,99,ARMC2:+1;BCL11B:+1;CDH23:-1;CRB2:-1;MEGF6:-1;NAPSB:+1;BCAP31:+1,False,0.5777777777777778
SIG_VDZ_ANDO7,T_EMTAB7604_ER,E-MTAB-7604_ATNF,100,ARMC2:+1;BCL11B:+1;CDH23:-1;CRB2:-1;MEGF6:+1;NAPSB:-1;BCAP31:-1,False,0.5822222222222222
SIG_VDZ_ANDO7,T_EMTAB7604_ER,E-MTAB-7604_ATNF,101,ARMC2:+1;BCL11B:+1;CDH23:-1;CRB2:-1;MEGF6:+1;NAPSB:-1;BCAP31:+1,False,0.5977777777777777
SIG_VDZ_ANDO7,T_EMTAB7604_ER,E-MTAB-7604_ATNF,102,ARMC2:+1;BCL11B:+1;CDH23:-1;CRB2:-1;MEGF6:+1;NAPSB:+1;BCAP31:-1,False,0.42
SIG_VDZ_ANDO7,T_EMTAB7604_ER,E-MTAB-7604_ATNF,103,ARMC2:+1;BCL11B:+1;CDH23:-1;CRB2:-1;MEGF6:+1;NAPSB:+1;BCAP31:+1,False,0.44666666666666666
SIG_VDZ_ANDO7,T_EMTAB7604_ER,E-MTAB-7604_ATNF,104,ARMC2:+1;BCL11B:+1;CDH23:-1;CRB2:+1;MEGF6:-1;NAPSB:-1;BCAP31:-1,False,0.5555555555555556
SIG_VDZ_ANDO7,T_EMTAB7604_ER,E-MTAB-7604_ATNF,105,ARMC2:+1;BCL11B:+1;CDH23:-1;CRB2:+1;MEGF6:-1;NAPSB:-1;BCAP31:+1,False,0.6577777777777778
SIG_VDZ_ANDO7,T_EMTAB7604_ER,E-MTAB-7604_ATNF,106,ARMC2:+1;BCL11B:+1;CDH23:-1;CRB2:+1;MEGF6:-1;NAPSB:+1;BCAP31:-1,False,0.3933333333333333
SIG_VDZ_ANDO7,T_EMTAB7604_ER,E-MTAB-7604_ATNF,107,ARMC2:+1;BCL11B:+1;CDH23:-1;CRB2:+1;MEGF6:-1;NAPSB:+1;BCAP31:+1,False,0.46
SIG_VDZ_ANDO7,T_EMTAB7604_ER,E-MTAB-7604_ATNF,108,ARMC2:+1;BCL11B:+1;CDH23:-1;CRB2:+1;MEGF6:+1;NAPSB:-1;BCAP31:-1,False,0.4577777777777778
SIG_VDZ_ANDO7,T_EMTAB7604_ER,E-MTAB-7604_ATNF,109,ARMC2:+1;BCL11B:+1;CDH23:-1;CRB2:+1;MEGF6:+1;NAPSB:-1;BCAP31:+1,False,0.48
SIG_VDZ_ANDO7,T_EMTAB7604_ER,E-MTAB-7604_ATNF,110,ARMC2:+1;BCL11B:+1;CDH23:-1;CRB2:+1;MEGF6:+1;NAPSB:+1;BCAP31:-1,False,0.4088888888888889
SIG_VDZ_ANDO7,T_EMTAB7604_ER,E-MTAB-7604_ATNF,111,ARMC2:+1;BCL11B:+1;CDH23:-1;CRB2:+1;MEGF6:+1;NAPSB:+1;BCAP31:+1,False,0.4222222222222222
SIG_VDZ_ANDO7,T_EMTAB7604_ER,E-MTAB-7604_ATNF,112,ARMC2:+1;BCL11B:+1;CDH23:+1;CRB2:-1;MEGF6:-1;NAPSB:-1;BCAP31:-1,False,0.6533333333333332
SIG_VDZ_ANDO7,T_EMTAB7604_ER,E-MTAB-7604_ATNF,113,ARMC2:+1;BCL11B:+1;CDH23:+1;CRB2:-1;MEGF6:-1;NAPSB:-1;BCAP31:+1,False,0.6755555555555556
SIG_VDZ_ANDO7,T_EMTAB7604_ER,E-MTAB-7604_ATNF,114,ARMC2:+1;BCL11B:+1;CDH23:+1;CRB2:-1;MEGF6:-1;NAPSB:+1;BCAP31:-1,False,0.5711111111111111
SIG_VDZ_ANDO7,T_EMTAB7604_ER,E-MTAB-7604_ATNF,115,ARMC2:+1;BCL11B:+1;CDH23:+1;CRB2:-1;MEGF6:-1;NAPSB:+1;BCAP31:+1,False,0.5888888888888889
SIG_VDZ_ANDO7,T_EMTAB7604_ER,E-MTAB-7604_ATNF,116,ARMC2:+1;BCL11B:+1;CDH23:+1;CRB2:-1;MEGF6:+1;NAPSB:-1;BCAP31:-1,False,0.5466666666666666
SIG_VDZ_ANDO7,T_EMTAB7604_ER,E-MTAB-7604_ATNF,117,ARMC2:+1;BCL11B:+1;CDH23:+1;CRB2:-1;MEGF6:+1;NAPSB:-1;BCAP31:+1,False,0.5511111111111111
SIG_VDZ_ANDO7,T_EMTAB7604_ER,E-MTAB-7604_ATNF,118,ARMC2:+1;BCL11B:+1;CDH23:+1;CRB2:-1;MEGF6:+1;NAPSB:+1;BCAP31:-1,False,0.4733333333333333
SIG_VDZ_ANDO7,T_EMTAB7604_ER,E-MTAB-7604_ATNF,119,ARMC2:+1;BCL11B:+1;CDH23:+1;CRB2:-1;MEGF6:+1;NAPSB:+1;BCAP31:+1,False,0.48888888888888893
SIG_VDZ_ANDO7,T_EMTAB7604_ER,E-MTAB-7604_ATNF,120,ARMC2:+1;BCL11B:+1;CDH23:+1;CRB2:+1;MEGF6:-1;NAPSB:-1;BCAP31:-1,False,0.5777777777777777
SIG_VDZ_ANDO7,T_EMTAB7604_ER,E-MTAB-7604_ATNF,121,ARMC2:+1;BCL11B:+1;CDH23:+1;CRB2:+1;MEGF6:-1;NAPSB:-1;BCAP31:+1,False,0.6133333333333333
SIG_VDZ_ANDO7,T_EMTAB7604_ER,E-MTAB-7604_ATNF,122,ARMC2:+1;BCL11B:+1;CDH23:+1;CRB2:+1;MEGF6:-1;NAPSB:+1;BCAP31:-1,False,0.5
SIG_VDZ_ANDO7,T_EMTAB7604_ER,E-MTAB-7604_ATNF,123,ARMC2:+1;BCL11B:+1;CDH23:+1;CRB2:+1;MEGF6:-1;NAPSB:+1;BCAP31:+1,False,0.5222222222222223
SIG_VDZ_ANDO7,T_EMTAB7604_ER,E-MTAB-7604_ATNF,124,ARMC2:+1;BCL11B:+1;CDH23:+1;CRB2:+1;MEGF6:+1;NAPSB:-1;BCAP31:-1,False,0.5
SIG_VDZ_ANDO7,T_EMTAB7604_ER,E-MTAB-7604_ATNF,125,ARMC2:+1;BCL11B:+1;CDH23:+1;CRB2:+1;MEGF6:+1;NAPSB:-1;BCAP31:+1,False,0.5311111111111111
SIG_VDZ_ANDO7,T_EMTAB7604_ER,E-MTAB-7604_ATNF,126,ARMC2:+1;BCL11B:+1;CDH23:+1;CRB2:+1;MEGF6:+1;NAPSB:+1;BCAP31:-1,True,0.4666666666666667
SIG_VDZ_ANDO7,T_EMTAB7604_ER,E-MTAB-7604_ATNF,127,ARMC2:+1;BCL11B:+1;CDH23:+1;CRB2:+1;MEGF6:+1;NAPSB:+1;BCAP31:+1,False,0.47111111111111115
SIG_VDZ_ANDO7,T_PROGECT_MH_W6,GSE212849_PROGECT,0,ARMC2:-1;BCL11B:-1;CDH23:-1;CRB2:-1;MEGF6:-1;NAPSB:-1;BCAP31:-1,False,0.5306122448979592
SIG_VDZ_ANDO7,T_PROGECT_MH_W6,GSE212849_PROGECT,1,ARMC2:-1;BCL11B:-1;CDH23:-1;CRB2:-1;MEGF6:-1;NAPSB:-1;BCAP31:+1,False,0.5547996976568406
SIG_VDZ_ANDO7,T_PROGECT_MH_W6,GSE212849_PROGECT,2,ARMC2:-1;BCL11B:-1;CDH23:-1;CRB2:-1;MEGF6:-1;NAPSB:+1;BCAP31:-1,False,0.4928193499622071
SIG_VDZ_ANDO7,T_PROGECT_MH_W6,GSE212849_PROGECT,3,ARMC2:-1;BCL11B:-1;CDH23:-1;CRB2:-1;MEGF6:-1;NAPSB:+1;BCAP31:+1,False,0.5162509448223733
SIG_VDZ_ANDO7,T_PROGECT_MH_W6,GSE212849_PROGECT,4,ARMC2:-1;BCL11B:-1;CDH23:-1;CRB2:-1;MEGF6:+1;NAPSB:-1;BCAP31:-1,False,0.4557823129251701
SIG_VDZ_ANDO7,T_PROGECT_MH_W6,GSE212849_PROGECT,5,ARMC2:-1;BCL11B:-1;CDH23:-1;CRB2:-1;MEGF6:+1;NAPSB:-1;BCAP31:+1,False,0.5079365079365079
SIG_VDZ_ANDO7,T_PROGECT_MH_W6,GSE212849_PROGECT,6,ARMC2:-1;BCL11B:-1;CDH23:-1;CRB2:-1;MEGF6:+1;NAPSB:+1;BCAP31:-1,False,0.42630385487528344
SIG_VDZ_ANDO7,T_PROGECT_MH_W6,GSE212849_PROGECT,7,ARMC2:-1;BCL11B:-1;CDH23:-1;CRB2:-1;MEGF6:+1;NAPSB:+1;BCAP31:+1,False,0.45427059712774
SIG_VDZ_ANDO7,T_PROGECT_MH_W6,GSE212849_PROGECT,8,ARMC2:-1;BCL11B:-1;CDH23:-1;CRB2:+1;MEGF6:-1;NAPSB:-1;BCAP31:-1,False,0.5230536659108088
SIG_VDZ_ANDO7,T_PROGECT_MH_W6,GSE212849_PROGECT,9,ARMC2:-1;BCL11B:-1;CDH23:-1;CRB2:+1;MEGF6:-1;NAPSB:-1;BCAP31:+1,False,0.5502645502645502
SIG_VDZ_ANDO7,T_PROGECT_MH_W6,GSE212849_PROGECT,10,ARMC2:-1;BCL11B:-1;CDH23:-1;CRB2:+1;MEGF6:-1;NAPSB:+1;BCAP31:-1,False,0.5185185185185185
SIG_VDZ_ANDO7,T_PROGECT_MH_W6,GSE212849_PROGECT,11,ARMC2:-1;BCL11B:-1;CDH23:-1;CRB2:+1;MEGF6:-1;NAPSB:+1;BCAP31:+1,False,0.5547996976568406
SIG_VDZ_ANDO7,T_PROGECT_MH_W6,GSE212849_PROGECT,12,ARMC2:-1;BCL11B:-1;CDH23:-1;CRB2:+1;MEGF6:+1;NAPSB:-1;BCAP31:-1,False,0.49962207105064244
SIG_VDZ_ANDO7,T_PROGECT_MH_W6,GSE212849_PROGECT,13,ARMC2:-1;BCL11B:-1;CDH23:-1;CRB2:+1;MEGF6:+1;NAPSB:-1;BCAP31:+1,False,0.5117157974300832
SIG_VDZ_ANDO7,T_PROGECT_MH_W6,GSE212849_PROGECT,14,ARMC2:-1;BCL11B:-1;CDH23:-1;CRB2:+1;MEGF6:+1;NAPSB:+1;BCAP31:-1,False,0.4383975812547241
SIG_VDZ_ANDO7,T_PROGECT_MH_W6,GSE212849_PROGECT,15,ARMC2:-1;BCL11B:-1;CDH23:-1;CRB2:+1;MEGF6:+1;NAPSB:+1;BCAP31:+1,False,0.4950869236583522
SIG_VDZ_ANDO7,T_PROGECT_MH_W6,GSE212849_PROGECT,16,ARMC2:-1;BCL11B:-1;CDH23:+1;CRB2:-1;MEGF6:-1;NAPSB:-1;BCAP31:-1,False,0.5547996976568406
SIG_VDZ_ANDO7,T_PROGECT_MH_W6,GSE212849_PROGECT,17,ARMC2:-1;BCL11B:-1;CDH23:+1;CRB2:-1;MEGF6:-1;NAPSB:-1;BCAP31:+1,False,0.5668934240362812
SIG_VDZ_ANDO7,T_PROGECT_MH_W6,GSE212849_PROGECT,18,ARMC2:-1;BCL11B:-1;CDH23:+1;CRB2:-1;MEGF6:-1;NAPSB:+1;BCAP31:-1,False,0.4981103552532124
SIG_VDZ_ANDO7,T_PROGECT_MH_W6,GSE212849_PROGECT,19,ARMC2:-1;BCL11B:-1;CDH23:+1;CRB2:-1;MEGF6:-1;NAPSB:+1;BCAP31:+1,False,0.54421768707483
SIG_VDZ_ANDO7,T_PROGECT_MH_W6,GSE212849_PROGECT,20,ARMC2:-1;BCL11B:-1;CDH23:+1;CRB2:-1;MEGF6:+1;NAPSB:-1;BCAP31:-1,False,0.472411186696901
SIG_VDZ_ANDO7,T_PROGECT_MH_W6,GSE212849_PROGECT,21,ARMC2:-1;BCL11B:-1;CDH23:+1;CRB2:-1;MEGF6:+1;NAPSB:-1;BCAP31:+1,False,0.54724111866969
SIG_VDZ_ANDO7,T_PROGECT_MH_W6,GSE212849_PROGECT,22,ARMC2:-1;BCL11B:-1;CDH23:+1;CRB2:-1;MEGF6:+1;NAPSB:+1;BCAP31:-1,False,0.42252456538170824
SIG_VDZ_ANDO7,T_PROGECT_MH_W6,GSE212849_PROGECT,23,ARMC2:-1;BCL11B:-1;CDH23:+1;CRB2:-1;MEGF6:+1;NAPSB:+1;BCAP31:+1,False,0.4610733182161754
SIG_VDZ_ANDO7,T_PROGECT_MH_W6,GSE212849_PROGECT,24,ARMC2:-1;BCL11B:-1;CDH23:+1;CRB2:+1;MEGF6:-1;NAPSB:-1;BCAP31:-1,False,0.528344671201814
SIG_VDZ_ANDO7,T_PROGECT_MH_W6,GSE212849_PROGECT,25,ARMC2:-1;BCL11B:-1;CDH23:+1;CRB2:+1;MEGF6:-1;NAPSB:-1;BCAP31:+1,False,0.5684051398337113
SIG_VDZ_ANDO7,T_PROGECT_MH_W6,GSE212849_PROGECT,26,ARMC2:-1;BCL11B:-1;CDH23:+1;CRB2:+1;MEGF6:-1;NAPSB:+1;BCAP31:-1,False,0.5200302343159486
SIG_VDZ_ANDO7,T_PROGECT_MH_W6,GSE212849_PROGECT,27,ARMC2:-1;BCL11B:-1;CDH23:+1;CRB2:+1;MEGF6:-1;NAPSB:+1;BCAP31:+1,False,0.5585789871504157
SIG_VDZ_ANDO7,T_PROGECT_MH_W6,GSE212849_PROGECT,28,ARMC2:-1;BCL11B:-1;CDH23:+1;CRB2:+1;MEGF6:+1;NAPSB:-1;BCAP31:-1,False,0.47089947089947093
SIG_VDZ_ANDO7,T_PROGECT_MH_W6,GSE212849_PROGECT,29,ARMC2:-1;BCL11B:-1;CDH23:+1;CRB2:+1;MEGF6:+1;NAPSB:-1;BCAP31:+1,False,0.4973544973544974
SIG_VDZ_ANDO7,T_PROGECT_MH_W6,GSE212849_PROGECT,30,ARMC2:-1;BCL11B:-1;CDH23:+1;CRB2:+1;MEGF6:+1;NAPSB:+1;BCAP31:-1,False,0.42705971277399846
SIG_VDZ_ANDO7,T_PROGECT_MH_W6,GSE212849_PROGECT,31,ARMC2:-1;BCL11B:-1;CDH23:+1;CRB2:+1;MEGF6:+1;NAPSB:+1;BCAP31:+1,False,0.46409674981103555
SIG_VDZ_ANDO7,T_PROGECT_MH_W6,GSE212849_PROGECT,32,ARMC2:-1;BCL11B:+1;CDH23:-1;CRB2:-1;MEGF6:-1;NAPSB:-1;BCAP31:-1,False,0.5064247921390779
SIG_VDZ_ANDO7,T_PROGECT_MH_W6,GSE212849_PROGECT,33,ARMC2:-1;BCL11B:+1;CDH23:-1;CRB2:-1;MEGF6:-1;NAPSB:-1;BCAP31:+1,False,0.5510204081632654
SIG_VDZ_ANDO7,T_PROGECT_MH_W6,GSE212849_PROGECT,34,ARMC2:-1;BCL11B:+1;CDH23:-1;CRB2:-1;MEGF6:-1;NAPSB:+1;BCAP31:-1,False,0.4814814814814815
SIG_VDZ_ANDO7,T_PROGECT_MH_W6,GSE212849_PROGECT,35,ARMC2:-1;BCL11B:+1;CDH23:-1;CRB2:-1;MEGF6:-1;NAPSB:+1;BCAP31:+1,False,0.4973544973544974
SIG_VDZ_ANDO7,T_PROGECT_MH_W6,GSE212849_PROGECT,36,ARMC2:-1;BCL11B:+1;CDH23:-1;CRB2:-1;MEGF6:+1;NAPSB:-1;BCAP31:-1,False,0.4247921390778534
SIG_VDZ_ANDO7,T_PROGECT_MH_W6,GSE212849_PROGECT,37,ARMC2:-1;BCL11B:+1;CDH23:-1;CRB2:-1;MEGF6:+1;NAPSB:-1;BCAP31:+1,False,0.47014361300075586
SIG_VDZ_ANDO7,T_PROGECT_MH_W6,GSE212849_PROGECT,38,ARMC2:-1;BCL11B:+1;CDH23:-1;CRB2:-1;MEGF6:+1;NAPSB:+1;BCAP31:-1,False,0.42101284958427815
SIG_VDZ_ANDO7,T_PROGECT_MH_W6,GSE212849_PROGECT,39,ARMC2:-1;BCL11B:+1;CDH23:-1;CRB2:-1;MEGF6:+1;NAPSB:+1;BCAP31:+1,False,0.4444444444444445
SIG_VDZ_ANDO7,T_PROGECT_MH_W6,GSE212849_PROGECT,40,ARMC2:-1;BCL11B:+1;CDH23:-1;CRB2:+1;MEGF6:-1;NAPSB:-1;BCAP31:-1,False,0.491307634164777
SIG_VDZ_ANDO7,T_PROGECT_MH_W6,GSE212849_PROGECT,41,ARMC2:-1;BCL11B:+1;CDH23:-1;CRB2:+1;MEGF6:-1;NAPSB:-1;BCAP31:+1,False,0.562358276643991
SIG_VDZ_ANDO7,T_PROGECT_MH_W6,GSE212849_PROGECT,42,ARMC2:-1;BCL11B:+1;CDH23:-1;CRB2:+1;MEGF6:-1;NAPSB:+1;BCAP31:-1,False,0.4777021919879062
SIG_VDZ_ANDO7,T_PROGECT_MH_W6,GSE212849_PROGECT,43,ARMC2:-1;BCL11B:+1;CDH23:-1;CRB2:+1;MEGF6:-1;NAPSB:+1;BCAP31:+1,False,0.5260770975056689
SIG_VDZ_ANDO7,T_PROGECT_MH_W6,GSE212849_PROGECT,44,ARMC2:-1;BCL11B:+1;CDH23:-1;CRB2:+1;MEGF6:+1;NAPSB:-1;BCAP31:-1,False,0.43537414965986393
SIG_VDZ_ANDO7,T_PROGECT_MH_W6,GSE212849_PROGECT,45,ARMC2:-1;BCL11B:+1;CDH23:-1;CRB2:+1;MEGF6:+1;NAPSB:-1;BCAP31:+1,False,0.508692365835223
SIG_VDZ_ANDO7,T_PROGECT_MH_W6,GSE212849_PROGECT,46,ARMC2:-1;BCL11B:+1;CDH23:-1;CRB2:+1;MEGF6:+1;NAPSB:+1;BCAP31:-1,False,0.41723356009070295
SIG_VDZ_ANDO7,T_PROGECT_MH_W6,GSE212849_PROGECT,47,ARMC2:-1;BCL11B:+1;CDH23:-1;CRB2:+1;MEGF6:+1;NAPSB:+1;BCAP31:+1,False,0.4610733182161754
SIG_VDZ_ANDO7,T_PROGECT_MH_W6,GSE212849_PROGECT,48,ARMC2:-1;BCL11B:+1;CDH23:+1;CRB2:-1;MEGF6:-1;NAPSB:-1;BCAP31:-1,False,0.5117157974300831
SIG_VDZ_ANDO7,T_PROGECT_MH_W6,GSE212849_PROGECT,49,ARMC2:-1;BCL11B:+1;CDH23:+1;CRB2:-1;MEGF6:-1;NAPSB:-1;BCAP31:+1,False,0.5411942554799698
SIG_VDZ_ANDO7,T_PROGECT_MH_W6,GSE212849_PROGECT,50,ARMC2:-1;BCL11B:+1;CDH23:+1;CRB2:-1;MEGF6:-1;NAPSB:+1;BCAP31:-1,False,0.47089947089947093
SIG_VDZ_ANDO7,T_PROGECT_MH_W6,GSE212849_PROGECT,51,ARMC2:-1;BCL11B:+1;CDH23:+1;CRB2:-1;MEGF6:-1;NAPSB:+1;BCAP31:+1,False,0.49886621315192736
SIG_VDZ_ANDO7,T_PROGECT_MH_W6,GSE212849_PROGECT,52,ARMC2:-1;BCL11B:+1;CDH23:+1;CRB2:-1;MEGF6:+1;NAPSB:-1;BCAP31:-1,False,0.43386243386243384
SIG_VDZ_ANDO7,T_PROGECT_MH_W6,GSE212849_PROGECT,53,ARMC2:-1;BCL11B:+1;CDH23:+1;CRB2:-1;MEGF6:+1;NAPSB:-1;BCAP31:+1,False,0.47921390778533635
SIG_VDZ_ANDO7,T_PROGECT_MH_W6,GSE212849_PROGECT,54,ARMC2:-1;BCL11B:+1;CDH23:+1;CRB2:-1;MEGF6:+1;NAPSB:+1;BCAP31:-1,False,0.4202569916855631
SIG_VDZ_ANDO7,T_PROGECT_MH_W6,GSE212849_PROGECT,55,ARMC2:-1;BCL11B:+1;CDH23:+1;CRB2:-1;MEGF6:+1;NAPSB:+1;BCAP31:+1,False,0.4399092970521542
SIG_VDZ_ANDO7,T_PROGECT_MH_W6,GSE212849_PROGECT,56,ARMC2:-1;BCL11B:+1;CDH23:+1;CRB2:+1;MEGF6:-1;NAPSB:-1;BCAP31:-1,False,0.4920634920634921
SIG_VDZ_ANDO7,T_PROGECT_MH_W6,GSE212849_PROGECT,57,ARMC2:-1;BCL11B:+1;CDH23:+1;CRB2:+1;MEGF6:-1;NAPSB:-1;BCAP31:+1,False,0.5668934240362812
SIG_VDZ_ANDO7,T_PROGECT_MH_W6,GSE212849_PROGECT,58,ARMC2:-1;BCL11B:+1;CDH23:+1;CRB2:+1;MEGF6:-1;NAPSB:+1;BCAP31:-1,False,0.4769463340891913
SIG_VDZ_ANDO7,T_PROGECT_MH_W6,GSE212849_PROGECT,59,ARMC2:-1;BCL11B:+1;CDH23:+1;CRB2:+1;MEGF6:-1;NAPSB:+1;BCAP31:+1,False,0.5298563869992441
SIG_VDZ_ANDO7,T_PROGECT_MH_W6,GSE212849_PROGECT,60,ARMC2:-1;BCL11B:+1;CDH23:+1;CRB2:+1;MEGF6:+1;NAPSB:-1;BCAP31:-1,False,0.4255479969765684
SIG_VDZ_ANDO7,T_PROGECT_MH_W6,GSE212849_PROGECT,61,ARMC2:-1;BCL11B:+1;CDH23:+1;CRB2:+1;MEGF6:+1;NAPSB:-1;BCAP31:+1,False,0.4852607709750567
SIG_VDZ_ANDO7,T_PROGECT_MH_W6,GSE212849_PROGECT,62,ARMC2:-1;BCL11B:+1;CDH23:+1;CRB2:+1;MEGF6:+1;NAPSB:+1;BCAP31:-1,False,0.42252456538170824
SIG_VDZ_ANDO7,T_PROGECT_MH_W6,GSE212849_PROGECT,63,ARMC2:-1;BCL11B:+1;CDH23:+1;CRB2:+1;MEGF6:+1;NAPSB:+1;BCAP31:+1,False,0.4603174603174603
SIG_VDZ_ANDO7,T_PROGECT_MH_W6,GSE212849_PROGECT,64,ARMC2:+1;BCL11B:-1;CDH23:-1;CRB2:-1;MEGF6:-1;NAPSB:-1;BCAP31:-1,False,0.5396825396825398
SIG_VDZ_ANDO7,T_PROGECT_MH_W6,GSE212849_PROGECT,65,ARMC2:+1;BCL11B:-1;CDH23:-1;CRB2:-1;MEGF6:-1;NAPSB:-1;BCAP31:+1,False,0.5774754346182918
SIG_VDZ_ANDO7,T_PROGECT_MH_W6,GSE212849_PROGECT,66,ARMC2:+1;BCL11B:-1;CDH23:-1;CRB2:-1;MEGF6:-1;NAPSB:+1;BCAP31:-1,False,0.5147392290249433
SIG_VDZ_ANDO7,T_PROGECT_MH_W6,GSE212849_PROGECT,67,ARMC2:+1;BCL11B:-1;CDH23:-1;CRB2:-1;MEGF6:-1;NAPSB:+1;BCAP31:+1,False,0.5744520030234316
SIG_VDZ_ANDO7,T_PROGECT_MH_W6,GSE212849_PROGECT,68,ARMC2:+1;BCL11B:-1;CDH23:-1;CRB2:-1;MEGF6:+1;NAPSB:-1;BCAP31:-1,False,0.47014361300075586
SIG_VDZ_ANDO7,T_PROGECT_MH_W6,GSE212849_PROGECT,69,ARMC2:+1;BCL11B:-1;CDH23:-1;CRB2:-1;MEGF6:+1;NAPSB:-1;BCAP31:+1,False,0.5230536659108087
SIG_VDZ_ANDO7,T_PROGECT_MH_W6,GSE212849_PROGECT,70,ARMC2:+1;BCL11B:-1;CDH23:-1;CRB2:-1;MEGF6:+1;NAPSB:+1;BCAP31:-1,False,0.43310657596371877
SIG_VDZ_ANDO7,T_PROGECT_MH_W6,GSE212849_PROGECT,71,ARMC2:+1;BCL11B:-1;CDH23:-1;CRB2:-1;MEGF6:+1;NAPSB:+1;BCAP31:+1,False,0.5079365079365079
SIG_VDZ_ANDO7,T_PROGECT_MH_W6,GSE212849_PROGECT,72,ARMC2:+1;BCL11B:-1;CDH23:-1;CRB2:+1;MEGF6:-1;NAPSB:-1;BCAP31:-1,False,0.5600907029478458
SIG_VDZ_ANDO7,T_PROGECT_MH_W6,GSE212849_PROGECT,73,ARMC2:+1;BCL11B:-1;CDH23:-1;CRB2:+1;MEGF6:-1;NAPSB:-1;BCAP31:+1,False,0.5797430083144368
SIG_VDZ_ANDO7,T_PROGECT_MH_W6,GSE212849_PROGECT,74,ARMC2:+1;BCL11B:-1;CDH23:-1;CRB2:+1;MEGF6:-1;NAPSB:+1;BCAP31:-1,False,0.5207860922146637
SIG_VDZ_ANDO7,T_PROGECT_MH_W6,GSE212849_PROGECT,75,ARMC2:+1;BCL11B:-1;CDH23:-1;CRB2:+1;MEGF6:-1;NAPSB:+1;BCAP31:+1,False,0.5661375661375663
SIG_VDZ_ANDO7,T_PROGECT_MH_W6,GSE212849_PROGECT,76,ARMC2:+1;BCL11B:-1;CDH23:-1;CRB2:+1;MEGF6:+1;NAPSB:-1;BCAP31:-1,False,0.5011337868480726
SIG_VDZ_ANDO7,T_PROGECT_MH_W6,GSE212849_PROGECT,77,ARMC2:+1;BCL11B:-1;CDH23:-1;CRB2:+1;MEGF6:+1;NAPSB:-1;BCAP31:+1,False,0.5291005291005291
SIG_VDZ_ANDO7,T_PROGECT_MH_W6,GSE212849_PROGECT,78,ARMC2:+1;BCL11B:-1;CDH23:-1;CRB2:+1;MEGF6:+1;NAPSB:+1;BCAP31:-1,False,0.4588057445200303
SIG_VDZ_ANDO7,T_PROGECT_MH_W6,GSE212849_PROGECT,79,ARMC2:+1;BCL11B:-1;CDH23:-1;CRB2:+1;MEGF6:+1;NAPSB:+1;BCAP31:+1,False,0.4882842025699169
SIG_VDZ_ANDO7,T_PROGECT_MH_W6,GSE212849_PROGECT,80,ARMC2:+1;BCL11B:-1;CDH23:+1;CRB2:-1;MEGF6:-1;NAPSB:-1;BCAP31:-1,False,0.5389266817838247
SIG_VDZ_ANDO7,T_PROGECT_MH_W6,GSE212849_PROGECT,81,ARMC2:+1;BCL11B:-1;CDH23:+1;CRB2:-1;MEGF6:-1;NAPSB:-1;BCAP31:+1,False,0.5827664399092971
SIG_VDZ_ANDO7,T_PROGECT_MH_W6,GSE212849_PROGECT,82,ARMC2:+1;BCL11B:-1;CDH23:+1;CRB2:-1;MEGF6:-1;NAPSB:+1;BCAP31:-1,False,0.49130763416477696
SIG_VDZ_ANDO7,T_PROGECT_MH_W6,GSE212849_PROGECT,83,ARMC2:+1;BCL11B:-1;CDH23:+1;CRB2:-1;MEGF6:-1;NAPSB:+1;BCAP31:+1,False,0.564625850340136
SIG_VDZ_ANDO7,T_PROGECT_MH_W6,GSE212849_PROGECT,84,ARMC2:+1;BCL11B:-1;CDH23:+1;CRB2:-1;MEGF6:+1;NAPSB:-1;BCAP31:-1,False,0.47392290249433106
SIG_VDZ_ANDO7,T_PROGECT_MH_W6,GSE212849_PROGECT,85,ARMC2:+1;BCL11B:-1;CDH23:+1;CRB2:-1;MEGF6:+1;NAPSB:-1;BCAP31:+1,False,0.5222978080120937
SIG_VDZ_ANDO7,T_PROGECT_MH_W6,GSE212849_PROGECT,86,ARMC2:+1;BCL11B:-1;CDH23:+1;CRB2:-1;MEGF6:+1;NAPSB:+1;BCAP31:-1,False,0.43764172335600904
SIG_VDZ_ANDO7,T_PROGECT_MH_W6,GSE212849_PROGECT,87,ARMC2:+1;BCL11B:-1;CDH23:+1;CRB2:-1;MEGF6:+1;NAPSB:+1;BCAP31:+1,False,0.508692365835223
SIG_VDZ_ANDO7,T_PROGECT_MH_W6,GSE212849_PROGECT,88,ARMC2:+1;BCL11B:-1;CDH23:+1;CRB2:+1;MEGF6:-1;NAPSB:-1;BCAP31:-1,False,0.5555555555555556
SIG_VDZ_ANDO7,T_PROGECT_MH_W6,GSE212849_PROGECT,89,ARMC2:+1;BCL11B:-1;CDH23:+1;CRB2:+1;MEGF6:-1;NAPSB:-1;BCAP31:+1,False,0.5789871504157218
SIG_VDZ_ANDO7,T_PROGECT_MH_W6,GSE212849_PROGECT,90,ARMC2:+1;BCL11B:-1;CDH23:+1;CRB2:+1;MEGF6:-1;NAPSB:+1;BCAP31:-1,False,0.5298563869992441
SIG_VDZ_ANDO7,T_PROGECT_MH_W6,GSE212849_PROGECT,91,ARMC2:+1;BCL11B:-1;CDH23:+1;CRB2:+1;MEGF6:-1;NAPSB:+1;BCAP31:+1,False,0.5752078609221466
SIG_VDZ_ANDO7,T_PROGECT_MH_W6,GSE212849_PROGECT,92,ARMC2:+1;BCL11B:-1;CDH23:+1;CRB2:+1;MEGF6:+1;NAPSB:-1;BCAP31:-1,False,0.5026455026455027
SIG_VDZ_ANDO7,T_PROGECT_MH_W6,GSE212849_PROGECT,93,ARMC2:+1;BCL11B:-1;CDH23:+1;CRB2:+1;MEGF6:+1;NAPSB:-1;BCAP31:+1,False,0.5185185185185186
SIG_VDZ_ANDO7,T_PROGECT_MH_W6,GSE212849_PROGECT,94,ARMC2:+1;BCL11B:-1;CDH23:+1;CRB2:+1;MEGF6:+1;NAPSB:+1;BCAP31:-1,False,0.4489795918367347
SIG_VDZ_ANDO7,T_PROGECT_MH_W6,GSE212849_PROGECT,95,ARMC2:+1;BCL11B:-1;CDH23:+1;CRB2:+1;MEGF6:+1;NAPSB:+1;BCAP31:+1,False,0.4935752078609222
SIG_VDZ_ANDO7,T_PROGECT_MH_W6,GSE212849_PROGECT,96,ARMC2:+1;BCL11B:+1;CDH23:-1;CRB2:-1;MEGF6:-1;NAPSB:-1;BCAP31:-1,False,0.5359032501889645
SIG_VDZ_ANDO7,T_PROGECT_MH_W6,GSE212849_PROGECT,97,ARMC2:+1;BCL11B:+1;CDH23:-1;CRB2:-1;MEGF6:-1;NAPSB:-1;BCAP31:+1,False,0.5729402872260015
SIG_VDZ_ANDO7,T_PROGECT_MH_W6,GSE212849_PROGECT,98,ARMC2:+1;BCL11B:+1;CDH23:-1;CRB2:-1;MEGF6:-1;NAPSB:+1;BCAP31:-1,False,0.5026455026455026
SIG_VDZ_ANDO7,T_PROGECT_MH_W6,GSE212849_PROGECT,99,ARMC2:+1;BCL11B:+1;CDH23:-1;CRB2:-1;MEGF6:-1;NAPSB:+1;BCAP31:+1,False,0.5291005291005291
SIG_VDZ_ANDO7,T_PROGECT_MH_W6,GSE212849_PROGECT,100,ARMC2:+1;BCL11B:+1;CDH23:-1;CRB2:-1;MEGF6:+1;NAPSB:-1;BCAP31:-1,False,0.44142101284958435
SIG_VDZ_ANDO7,T_PROGECT_MH_W6,GSE212849_PROGECT,101,ARMC2:+1;BCL11B:+1;CDH23:-1;CRB2:-1;MEGF6:+1;NAPSB:-1;BCAP31:+1,False,0.47996976568405136
SIG_VDZ_ANDO7,T_PROGECT_MH_W6,GSE212849_PROGECT,102,ARMC2:+1;BCL11B:+1;CDH23:-1;CRB2:-1;MEGF6:+1;NAPSB:+1;BCAP31:-1,False,0.4315948601662888
SIG_VDZ_ANDO7,T_PROGECT_MH_W6,GSE212849_PROGECT,103,ARMC2:+1;BCL11B:+1;CDH23:-1;CRB2:-1;MEGF6:+1;NAPSB:+1;BCAP31:+1,False,0.4716553287981859
SIG_VDZ_ANDO7,T_PROGECT_MH_W6,GSE212849_PROGECT,104,ARMC2:+1;BCL11B:+1;CDH23:-1;CRB2:+1;MEGF6:-1;NAPSB:-1;BCAP31:-1,False,0.5389266817838246
SIG_VDZ_ANDO7,T_PROGECT_MH_W6,GSE212849_PROGECT,105,ARMC2:+1;BCL11B:+1;CDH23:-1;CRB2:+1;MEGF6:-1;NAPSB:-1;BCAP31:+1,False,0.5774754346182918
SIG_VDZ_ANDO7,T_PROGECT_MH_W6,GSE212849_PROGECT,106,ARMC2:+1;BCL11B:+1;CDH23:-1;CRB2:+1;MEGF6:-1;NAPSB:+1;BCAP31:-1,False,0.4527588813303099
SIG_VDZ_ANDO7,T_PROGECT_MH_W6,GSE212849_PROGECT,107,ARMC2:+1;BCL11B:+1;CDH23:-1;CRB2:+1;MEGF6:-1;NAPSB:+1;BCAP31:+1,False,0.527588813303099
SIG_VDZ_ANDO7,T_PROGECT_MH_W6,GSE212849_PROGECT,108,ARMC2:+1;BCL11B:+1;CDH23:-1;CRB2:+1;MEGF6:+1;NAPSB:-1;BCAP31:-1,False,0.4557823129251701
SIG_VDZ_ANDO7,T_PROGECT_MH_W6,GSE212849_PROGECT,109,ARMC2:+1;BCL11B:+1;CDH23:-1;CRB2:+1;MEGF6:+1;NAPSB:-1;BCAP31:+1,False,0.5018896447467877
SIG_VDZ_ANDO7,T_PROGECT_MH_W6,GSE212849_PROGECT,110,ARMC2:+1;BCL11B:+1;CDH23:-1;CRB2:+1;MEGF6:+1;NAPSB:+1;BCAP31:-1,False,0.4331065759637188
SIG_VDZ_ANDO7,T_PROGECT_MH_W6,GSE212849_PROGECT,111,ARMC2:+1;BCL11B:+1;CDH23:-1;CRB2:+1;MEGF6:+1;NAPSB:+1;BCAP31:+1,False,0.44520030234315944
SIG_VDZ_ANDO7,T_PROGECT_MH_W6,GSE212849_PROGECT,112,ARMC2:+1;BCL11B:+1;CDH23:+1;CRB2:-1;MEGF6:-1;NAPSB:-1;BCAP31:-1,False,0.5049130763416478
SIG_VDZ_ANDO7,T_PROGECT_MH_W6,GSE212849_PROGECT,113,ARMC2:+1;BCL11B:+1;CDH23:+1;CRB2:-1;MEGF6:-1;NAPSB:-1;BCAP31:+1,False,0.5616024187452759
SIG_VDZ_ANDO7,T_PROGECT_MH_W6,GSE212849_PROGECT,114,ARMC2:+1;BCL11B:+1;CDH23:+1;CRB2:-1;MEGF6:-1;NAPSB:+1;BCAP31:-1,False,0.4882842025699169
SIG_VDZ_ANDO7,T_PROGECT_MH_W6,GSE212849_PROGECT,115,ARMC2:+1;BCL11B:+1;CDH23:+1;CRB2:-1;MEGF6:-1;NAPSB:+1;BCAP31:+1,False,0.5003779289493575
SIG_VDZ_ANDO7,T_PROGECT_MH_W6,GSE212849_PROGECT,116,ARMC2:+1;BCL11B:+1;CDH23:+1;CRB2:-1;MEGF6:+1;NAPSB:-1;BCAP31:-1,False,0.44520030234315955
SIG_VDZ_ANDO7,T_PROGECT_MH_W6,GSE212849_PROGECT,117,ARMC2:+1;BCL11B:+1;CDH23:+1;CRB2:-1;MEGF6:+1;NAPSB:-1;BCAP31:+1,False,0.48148148148148145
SIG_VDZ_ANDO7,T_PROGECT_MH_W6,GSE212849_PROGECT,118,ARMC2:+1;BCL11B:+1;CDH23:+1;CRB2:-1;MEGF6:+1;NAPSB:+1;BCAP31:-1,False,0.44973544973544977
SIG_VDZ_ANDO7,T_PROGECT_MH_W6,GSE212849_PROGECT,119,ARMC2:+1;BCL11B:+1;CDH23:+1;CRB2:-1;MEGF6:+1;NAPSB:+1;BCAP31:+1,False,0.4769463340891913
SIG_VDZ_ANDO7,T_PROGECT_MH_W6,GSE212849_PROGECT,120,ARMC2:+1;BCL11B:+1;CDH23:+1;CRB2:+1;MEGF6:-1;NAPSB:-1;BCAP31:-1,False,0.54572940287226
SIG_VDZ_ANDO7,T_PROGECT_MH_W6,GSE212849_PROGECT,121,ARMC2:+1;BCL11B:+1;CDH23:+1;CRB2:+1;MEGF6:-1;NAPSB:-1;BCAP31:+1,False,0.5736961451247166
SIG_VDZ_ANDO7,T_PROGECT_MH_W6,GSE212849_PROGECT,122,ARMC2:+1;BCL11B:+1;CDH23:+1;CRB2:+1;MEGF6:-1;NAPSB:+1;BCAP31:-1,False,0.49206349206349204
SIG_VDZ_ANDO7,T_PROGECT_MH_W6,GSE212849_PROGECT,123,ARMC2:+1;BCL11B:+1;CDH23:+1;CRB2:+1;MEGF6:-1;NAPSB:+1;BCAP31:+1,False,0.5442176870748299
SIG_VDZ_ANDO7,T_PROGECT_MH_W6,GSE212849_PROGECT,124,ARMC2:+1;BCL11B:+1;CDH23:+1;CRB2:+1;MEGF6:+1;NAPSB:-1;BCAP31:-1,False,0.4837490551776266
SIG_VDZ_ANDO7,T_PROGECT_MH_W6,GSE212849_PROGECT,125,ARMC2:+1;BCL11B:+1;CDH23:+1;CRB2:+1;MEGF6:+1;NAPSB:-1;BCAP31:+1,False,0.5071806500377929
SIG_VDZ_ANDO7,T_PROGECT_MH_W6,GSE212849_PROGECT,126,ARMC2:+1;BCL11B:+1;CDH23:+1;CRB2:+1;MEGF6:+1;NAPSB:+1;BCAP31:-1,True,0.4452003023431595
SIG_VDZ_ANDO7,T_PROGECT_MH_W6,GSE212849_PROGECT,127,ARMC2:+1;BCL11B:+1;CDH23:+1;CRB2:+1;MEGF6:+1;NAPSB:+1;BCAP31:+1,False,0.4693877551020408
SIG_VDZ_ANDO7,T_PURSUIT_CR_W6,GSE92415_PURSUIT,0,ARMC2:-1;BCL11B:-1;CDH23:-1;CRB2:-1;MEGF6:-1;NAPSB:-1;BCAP31:-1,False,0.39236111111111105
SIG_VDZ_ANDO7,T_PURSUIT_CR_W6,GSE92415_PURSUIT,1,ARMC2:-1;BCL11B:-1;CDH23:-1;CRB2:-1;MEGF6:-1;NAPSB:-1;BCAP31:+1,False,0.43171296296296297
SIG_VDZ_ANDO7,T_PURSUIT_CR_W6,GSE92415_PURSUIT,2,ARMC2:-1;BCL11B:-1;CDH23:-1;CRB2:-1;MEGF6:-1;NAPSB:+1;BCAP31:-1,False,0.3414351851851852
SIG_VDZ_ANDO7,T_PURSUIT_CR_W6,GSE92415_PURSUIT,3,ARMC2:-1;BCL11B:-1;CDH23:-1;CRB2:-1;MEGF6:-1;NAPSB:+1;BCAP31:+1,False,0.3564814814814815
SIG_VDZ_ANDO7,T_PURSUIT_CR_W6,GSE92415_PURSUIT,4,ARMC2:-1;BCL11B:-1;CDH23:-1;CRB2:-1;MEGF6:+1;NAPSB:-1;BCAP31:-1,False,0.375
SIG_VDZ_ANDO7,T_PURSUIT_CR_W6,GSE92415_PURSUIT,5,ARMC2:-1;BCL11B:-1;CDH23:-1;CRB2:-1;MEGF6:+1;NAPSB:-1;BCAP31:+1,False,0.42824074074074076
SIG_VDZ_ANDO7,T_PURSUIT_CR_W6,GSE92415_PURSUIT,6,ARMC2:-1;BCL11B:-1;CDH23:-1;CRB2:-1;MEGF6:+1;NAPSB:+1;BCAP31:-1,False,0.3738425925925926
SIG_VDZ_ANDO7,T_PURSUIT_CR_W6,GSE92415_PURSUIT,7,ARMC2:-1;BCL11B:-1;CDH23:-1;CRB2:-1;MEGF6:+1;NAPSB:+1;BCAP31:+1,False,0.42361111111111116
SIG_VDZ_ANDO7,T_PURSUIT_CR_W6,GSE92415_PURSUIT,8,ARMC2:-1;BCL11B:-1;CDH23:-1;CRB2:+1;MEGF6:-1;NAPSB:-1;BCAP31:-1,False,0.5381944444444445
SIG_VDZ_ANDO7,T_PURSUIT_CR_W6,GSE92415_PURSUIT,9,ARMC2:-1;BCL11B:-1;CDH23:-1;CRB2:+1;MEGF6:-1;NAPSB:-1;BCAP31:+1,False,0.5810185185185185
SIG_VDZ_ANDO7,T_PURSUIT_CR_W6,GSE92415_PURSUIT,10,ARMC2:-1;BCL11B:-1;CDH23:-1;CRB2:+1;MEGF6:-1;NAPSB:+1;BCAP31:-1,False,0.5162037037037037
SIG_VDZ_ANDO7,T_PURSUIT_CR_W6,GSE92415_PURSUIT,11,ARMC2:-1;BCL11B:-1;CDH23:-1;CRB2:+1;MEGF6:-1;NAPSB:+1;BCAP31:+1,False,0.5752314814814816
SIG_VDZ_ANDO7,T_PURSUIT_CR_W6,GSE92415_PURSUIT,12,ARMC2:-1;BCL11B:-1;CDH23:-1;CRB2:+1;MEGF6:+1;NAPSB:-1;BCAP31:-1,False,0.5752314814814815
SIG_VDZ_ANDO7,T_PURSUIT_CR_W6,GSE92415_PURSUIT,13,ARMC2:-1;BCL11B:-1;CDH23:-1;CRB2:+1;MEGF6:+1;NAPSB:-1;BCAP31:+1,False,0.6145833333333334
SIG_VDZ_ANDO7,T_PURSUIT_CR_W6,GSE92415_PURSUIT,14,ARMC2:-1;BCL11B:-1;CDH23:-1;CRB2:+1;MEGF6:+1;NAPSB:+1;BCAP31:-1,False,0.537037037037037
SIG_VDZ_ANDO7,T_PURSUIT_CR_W6,GSE92415_PURSUIT,15,ARMC2:-1;BCL11B:-1;CDH23:-1;CRB2:+1;MEGF6:+1;NAPSB:+1;BCAP31:+1,False,0.5868055555555557
SIG_VDZ_ANDO7,T_PURSUIT_CR_W6,GSE92415_PURSUIT,16,ARMC2:-1;BCL11B:-1;CDH23:+1;CRB2:-1;MEGF6:-1;NAPSB:-1;BCAP31:-1,False,0.44907407407407407
SIG_VDZ_ANDO7,T_PURSUIT_CR_W6,GSE92415_PURSUIT,17,ARMC2:-1;BCL11B:-1;CDH23:+1;CRB2:-1;MEGF6:-1;NAPSB:-1;BCAP31:+1,False,0.5023148148148149
SIG_VDZ_ANDO7,T_PURSUIT_CR_W6,GSE92415_PURSUIT,18,ARMC2:-1;BCL11B:-1;CDH23:+1;CRB2:-1;MEGF6:-1;NAPSB:+1;BCAP31:-1,False,0.3287037037037037
SIG_VDZ_ANDO7,T_PURSUIT_CR_W6,GSE92415_PURSUIT,19,ARMC2:-1;BCL11B:-1;CDH23:+1;CRB2:-1;MEGF6:-1;NAPSB:+1;BCAP31:+1,False,0.44328703703703703
SIG_VDZ_ANDO7,T_PURSUIT_CR_W6,GSE92415_PURSUIT,20,ARMC2:-1;BCL11B:-1;CDH23:+1;CRB2:-1;MEGF6:+1;NAPSB:-1;BCAP31:-1,False,0.4594907407407407
SIG_VDZ_ANDO7,T_PURSUIT_CR_W6,GSE92415_PURSUIT,21,ARMC2:-1;BCL11B:-1;CDH23:+1;CRB2:-1;MEGF6:+1;NAPSB:-1;BCAP31:+1,False,0.5127314814814815
SIG_VDZ_ANDO7,T_PURSUIT_CR_W6,GSE92415_PURSUIT,22,ARMC2:-1;BCL11B:-1;CDH23:+1;CRB2:-1;MEGF6:+1;NAPSB:+1;BCAP31:-1,False,0.43634259259259267
SIG_VDZ_ANDO7,T_PURSUIT_CR_W6,GSE92415_PURSUIT,23,ARMC2:-1;BCL11B:-1;CDH23:+1;CRB2:-1;MEGF6:+1;NAPSB:+1;BCAP31:+1,False,0.4641203703703704
SIG_VDZ_ANDO7,T_PURSUIT_CR_W6,GSE92415_PURSUIT,24,ARMC2:-1;BCL11B:-1;CDH23:+1;CRB2:+1;MEGF6:-1;NAPSB:-1;BCAP31:-1,False,0.6006944444444444
SIG_VDZ_ANDO7,T_PURSUIT_CR_W6,GSE92415_PURSUIT,25,ARMC2:-1;BCL11B:-1;CDH23:+1;CRB2:+1;MEGF6:-1;NAPSB:-1;BCAP31:+1,False,0.6030092592592593
SIG_VDZ_ANDO7,T_PURSUIT_CR_W6,GSE92415_PURSUIT,26,ARMC2:-1;BCL11B:-1;CDH23:+1;CRB2:+1;MEGF6:-1;NAPSB:+1;BCAP31:-1,False,0.6006944444444444
SIG_VDZ_ANDO7,T_PURSUIT_CR_W6,GSE92415_PURSUIT,27,ARMC2:-1;BCL11B:-1;CDH23:+1;CRB2:+1;MEGF6:-1;NAPSB:+1;BCAP31:+1,False,0.5902777777777778
SIG_VDZ_ANDO7,T_PURSUIT_CR_W6,GSE92415_PURSUIT,28,ARMC2:-1;BCL11B:-1;CDH23:+1;CRB2:+1;MEGF6:+1;NAPSB:-1;BCAP31:-1,False,0.642361111111111
SIG_VDZ_ANDO7,T_PURSUIT_CR_W6,GSE92415_PURSUIT,29,ARMC2:-1;BCL11B:-1;CDH23:+1;CRB2:+1;MEGF6:+1;NAPSB:-1;BCAP31:+1,False,0.6180555555555556
SIG_VDZ_ANDO7,T_PURSUIT_CR_W6,GSE92415_PURSUIT,30,ARMC2:-1;BCL11B:-1;CDH23:+1;CRB2:+1;MEGF6:+1;NAPSB:+1;BCAP31:-1,False,0.6134259259259259
SIG_VDZ_ANDO7,T_PURSUIT_CR_W6,GSE92415_PURSUIT,31,ARMC2:-1;BCL11B:-1;CDH23:+1;CRB2:+1;MEGF6:+1;NAPSB:+1;BCAP31:+1,False,0.5995370370370371
SIG_VDZ_ANDO7,T_PURSUIT_CR_W6,GSE92415_PURSUIT,32,ARMC2:-1;BCL11B:+1;CDH23:-1;CRB2:-1;MEGF6:-1;NAPSB:-1;BCAP31:-1,False,0.37962962962962965
SIG_VDZ_ANDO7,T_PURSUIT_CR_W6,GSE92415_PURSUIT,33,ARMC2:-1;BCL11B:+1;CDH23:-1;CRB2:-1;MEGF6:-1;NAPSB:-1;BCAP31:+1,False,0.3877314814814815
SIG_VDZ_ANDO7,T_PURSUIT_CR_W6,GSE92415_PURSUIT,34,ARMC2:-1;BCL11B:+1;CDH23:-1;CRB2:-1;MEGF6:-1;NAPSB:+1;BCAP31:-1,False,0.3703703703703704
SIG_VDZ_ANDO7,T_PURSUIT_CR_W6,GSE92415_PURSUIT,35,ARMC2:-1;BCL11B:+1;CDH23:-1;CRB2:-1;MEGF6:-1;NAPSB:+1;BCAP31:+1,False,0.3530092592592593
SIG_VDZ_ANDO7,T_PURSUIT_CR_W6,GSE92415_PURSUIT,36,ARMC2:-1;BCL11B:+1;CDH23:-1;CRB2:-1;MEGF6:+1;NAPSB:-1;BCAP31:-1,False,0.37962962962962965
SIG_VDZ_ANDO7,T_PURSUIT_CR_W6,GSE92415_PURSUIT,37,ARMC2:-1;BCL11B:+1;CDH23:-1;CRB2:-1;MEGF6:+1;NAPSB:-1;BCAP31:+1,False,0.39467592592592593
SIG_VDZ_ANDO7,T_PURSUIT_CR_W6,GSE92415_PURSUIT,38,ARMC2:-1;BCL11B:+1;CDH23:-1;CRB2:-1;MEGF6:+1;NAPSB:+1;BCAP31:-1,False,0.3784722222222222
SIG_VDZ_ANDO7,T_PURSUIT_CR_W6,GSE92415_PURSUIT,39,ARMC2:-1;BCL11B:+1;CDH23:-1;CRB2:-1;MEGF6:+1;NAPSB:+1;BCAP31:+1,False,0.37384259259259256
SIG_VDZ_ANDO7,T_PURSUIT_CR_W6,GSE92415_PURSUIT,40,ARMC2:-1;BCL11B:+1;CDH23:-1;CRB2:+1;MEGF6:-1;NAPSB:-1;BCAP31:-1,False,0.5
SIG_VDZ_ANDO7,T_PURSUIT_CR_W6,GSE92415_PURSUIT,41,ARMC2:-1;BCL11B:+1;CDH23:-1;CRB2:+1;MEGF6:-1;NAPSB:-1;BCAP31:+1,False,0.5358796296296297
SIG_VDZ_ANDO7,T_PURSUIT_CR_W6,GSE92415_PURSUIT,42,ARMC2:-1;BCL11B:+1;CDH23:-1;CRB2:+1;MEGF6:-1;NAPSB:+1;BCAP31:-1,False,0.43865740740740744
SIG_VDZ_ANDO7,T_PURSUIT_CR_W6,GSE92415_PURSUIT,43,ARMC2:-1;BCL11B:+1;CDH23:-1;CRB2:+1;MEGF6:-1;NAPSB:+1;BCAP31:+1,False,0.494212962962963
SIG_VDZ_ANDO7,T_PURSUIT_CR_W6,GSE92415_PURSUIT,44,ARMC2:-1;BCL11B:+1;CDH23:-1;CRB2:+1;MEGF6:+1;NAPSB:-1;BCAP31:-1,False,0.4930555555555556
SIG_VDZ_ANDO7,T_PURSUIT_CR_W6,GSE92415_PURSUIT,45,ARMC2:-1;BCL11B:+1;CDH23:-1;CRB2:+1;MEGF6:+1;NAPSB:-1;BCAP31:+1,False,0.5729166666666666
SIG_VDZ_ANDO7,T_PURSUIT_CR_W6,GSE92415_PURSUIT,46,ARMC2:-1;BCL11B:+1;CDH23:-1;CRB2:+1;MEGF6:+1;NAPSB:+1;BCAP31:-1,False,0.45949074074074076
SIG_VDZ_ANDO7,T_PURSUIT_CR_W6,GSE92415_PURSUIT,47,ARMC2:-1;BCL11B:+1;CDH23:-1;CRB2:+1;MEGF6:+1;NAPSB:+1;BCAP31:+1,False,0.5150462962962963
SIG_VDZ_ANDO7,T_PURSUIT_CR_W6,GSE92415_PURSUIT,48,ARMC2:-1;BCL11B:+1;CDH23:+1;CRB2:-1;MEGF6:-1;NAPSB:-1;BCAP31:-1,False,0.3900462962962963
SIG_VDZ_ANDO7,T_PURSUIT_CR_W6,GSE92415_PURSUIT,49,ARMC2:-1;BCL11B:+1;CDH23:+1;CRB2:-1;MEGF6:-1;NAPSB:-1;BCAP31:+1,False,0.4212962962962963
SIG_VDZ_ANDO7,T_PURSUIT_CR_W6,GSE92415_PURSUIT,50,ARMC2:-1;BCL11B:+1;CDH23:+1;CRB2:-1;MEGF6:-1;NAPSB:+1;BCAP31:-1,False,0.34837962962962965
SIG_VDZ_ANDO7,T_PURSUIT_CR_W6,GSE92415_PURSUIT,51,ARMC2:-1;BCL11B:+1;CDH23:+1;CRB2:-1;MEGF6:-1;NAPSB:+1;BCAP31:+1,False,0.3819444444444444
SIG_VDZ_ANDO7,T_PURSUIT_CR_W6,GSE92415_PURSUIT,52,ARMC2:-1;BCL11B:+1;CDH23:+1;CRB2:-1;MEGF6:+1;NAPSB:-1;BCAP31:-1,False,0.39467592592592593
SIG_VDZ_ANDO7,T_PURSUIT_CR_W6,GSE92415_PURSUIT,53,ARMC2:-1;BCL11B:+1;CDH23:+1;CRB2:-1;MEGF6:+1;NAPSB:-1;BCAP31:+1,False,0.42824074074074076
SIG_VDZ_ANDO7,T_PURSUIT_CR_W6,GSE92415_PURSUIT,54,ARMC2:-1;BCL11B:+1;CDH23:+1;CRB2:-1;MEGF6:+1;NAPSB:+1;BCAP31:-1,False,0.3981481481481482
SIG_VDZ_ANDO7,T_PURSUIT_CR_W6,GSE92415_PURSUIT,55,ARMC2:-1;BCL11B:+1;CDH23:+1;CRB2:-1;MEGF6:+1;NAPSB:+1;BCAP31:+1,False,0.43287037037037035
SIG_VDZ_ANDO7,T_PURSUIT_CR_W6,GSE92415_PURSUIT,56,ARMC2:-1;BCL11B:+1;CDH23:+1;CRB2:+1;MEGF6:-1;NAPSB:-1;BCAP31:-1,False,0.5347222222222222
SIG_VDZ_ANDO7,T_PURSUIT_CR_W6,GSE92415_PURSUIT,57,ARMC2:-1;BCL11B:+1;CDH23:+1;CRB2:+1;MEGF6:-1;NAPSB:-1;BCAP31:+1,False,0.5659722222222222
SIG_VDZ_ANDO7,T_PURSUIT_CR_W6,GSE92415_PURSUIT,58,ARMC2:-1;BCL11B:+1;CDH23:+1;CRB2:+1;MEGF6:-1;NAPSB:+1;BCAP31:-1,False,0.49768518518518523
SIG_VDZ_ANDO7,T_PURSUIT_CR_W6,GSE92415_PURSUIT,59,ARMC2:-1;BCL11B:+1;CDH23:+1;CRB2:+1;MEGF6:-1;NAPSB:+1;BCAP31:+1,False,0.5671296296296297
SIG_VDZ_ANDO7,T_PURSUIT_CR_W6,GSE92415_PURSUIT,60,ARMC2:-1;BCL11B:+1;CDH23:+1;CRB2:+1;MEGF6:+1;NAPSB:-1;BCAP31:-1,False,0.5868055555555556
SIG_VDZ_ANDO7,T_PURSUIT_CR_W6,GSE92415_PURSUIT,61,ARMC2:-1;BCL11B:+1;CDH23:+1;CRB2:+1;MEGF6:+1;NAPSB:-1;BCAP31:+1,False,0.6041666666666666
SIG_VDZ_ANDO7,T_PURSUIT_CR_W6,GSE92415_PURSUIT,62,ARMC2:-1;BCL11B:+1;CDH23:+1;CRB2:+1;MEGF6:+1;NAPSB:+1;BCAP31:-1,False,0.5219907407407408
SIG_VDZ_ANDO7,T_PURSUIT_CR_W6,GSE92415_PURSUIT,63,ARMC2:-1;BCL11B:+1;CDH23:+1;CRB2:+1;MEGF6:+1;NAPSB:+1;BCAP31:+1,False,0.568287037037037
SIG_VDZ_ANDO7,T_PURSUIT_CR_W6,GSE92415_PURSUIT,64,ARMC2:+1;BCL11B:-1;CDH23:-1;CRB2:-1;MEGF6:-1;NAPSB:-1;BCAP31:-1,False,0.4317129629629629
SIG_VDZ_ANDO7,T_PURSUIT_CR_W6,GSE92415_PURSUIT,65,ARMC2:+1;BCL11B:-1;CDH23:-1;CRB2:-1;MEGF6:-1;NAPSB:-1;BCAP31:+1,False,0.4780092592592592
SIG_VDZ_ANDO7,T_PURSUIT_CR_W6,GSE92415_PURSUIT,66,ARMC2:+1;BCL11B:-1;CDH23:-1;CRB2:-1;MEGF6:-1;NAPSB:+1;BCAP31:-1,False,0.39583333333333337
SIG_VDZ_ANDO7,T_PURSUIT_CR_W6,GSE92415_PURSUIT,67,ARMC2:+1;BCL11B:-1;CDH23:-1;CRB2:-1;MEGF6:-1;NAPSB:+1;BCAP31:+1,False,0.4131944444444444
SIG_VDZ_ANDO7,T_PURSUIT_CR_W6,GSE92415_PURSUIT,68,ARMC2:+1;BCL11B:-1;CDH23:-1;CRB2:-1;MEGF6:+1;NAPSB:-1;BCAP31:-1,False,0.4328703703703704
SIG_VDZ_ANDO7,T_PURSUIT_CR_W6,GSE92415_PURSUIT,69,ARMC2:+1;BCL11B:-1;CDH23:-1;CRB2:-1;MEGF6:+1;NAPSB:-1;BCAP31:+1,False,0.5023148148148149
SIG_VDZ_ANDO7,T_PURSUIT_CR_W6,GSE92415_PURSUIT,70,ARMC2:+1;BCL11B:-1;CDH23:-1;CRB2:-1;MEGF6:+1;NAPSB:+1;BCAP31:-1,False,0.4340277777777778
SIG_VDZ_ANDO7,T_PURSUIT_CR_W6,GSE92415_PURSUIT,71,ARMC2:+1;BCL11B:-1;CDH23:-1;CRB2:-1;MEGF6:+1;NAPSB:+1;BCAP31:+1,False,0.4652777777777778
SIG_VDZ_ANDO7,T_PURSUIT_CR_W6,GSE92415_PURSUIT,72,ARMC2:+1;BCL11B:-1;CDH23:-1;CRB2:+1;MEGF6:-1;NAPSB:-1;BCAP31:-1,False,0.5671296296296297
SIG_VDZ_ANDO7,T_PURSUIT_CR_W6,GSE92415_PURSUIT,73,ARMC2:+1;BCL11B:-1;CDH23:-1;CRB2:+1;MEGF6:-1;NAPSB:-1;BCAP31:+1,False,0.6018518518518519
SIG_VDZ_ANDO7,T_PURSUIT_CR_W6,GSE92415_PURSUIT,74,ARMC2:+1;BCL11B:-1;CDH23:-1;CRB2:+1;MEGF6:-1;NAPSB:+1;BCAP31:-1,False,0.5717592592592593
SIG_VDZ_ANDO7,T_PURSUIT_CR_W6,GSE92415_PURSUIT,75,ARMC2:+1;BCL11B:-1;CDH23:-1;CRB2:+1;MEGF6:-1;NAPSB:+1;BCAP31:+1,False,0.6053240740740741
SIG_VDZ_ANDO7,T_PURSUIT_CR_W6,GSE92415_PURSUIT,76,ARMC2:+1;BCL11B:-1;CDH23:-1;CRB2:+1;MEGF6:+1;NAPSB:-1;BCAP31:-1,False,0.6180555555555556
SIG_VDZ_ANDO7,T_PURSUIT_CR_W6,GSE92415_PURSUIT,77,ARMC2:+1;BCL11B:-1;CDH23:-1;CRB2:+1;MEGF6:+1;NAPSB:-1;BCAP31:+1,False,0.6516203703703703
SIG_VDZ_ANDO7,T_PURSUIT_CR_W6,GSE92415_PURSUIT,78,ARMC2:+1;BCL11B:-1;CDH23:-1;CRB2:+1;MEGF6:+1;NAPSB:+1;BCAP31:-1,False,0.5787037037037037
SIG_VDZ_ANDO7,T_PURSUIT_CR_W6,GSE92415_PURSUIT,79,ARMC2:+1;BCL11B:-1;CDH23:-1;CRB2:+1;MEGF6:+1;NAPSB:+1;BCAP31:+1,False,0.6099537037037037
SIG_VDZ_ANDO7,T_PURSUIT_CR_W6,GSE92415_PURSUIT,80,ARMC2:+1;BCL11B:-1;CDH23:+1;CRB2:-1;MEGF6:-1;NAPSB:-1;BCAP31:-1,False,0.4849537037037037
SIG_VDZ_ANDO7,T_PURSUIT_CR_W6,GSE92415_PURSUIT,81,ARMC2:+1;BCL11B:-1;CDH23:+1;CRB2:-1;MEGF6:-1;NAPSB:-1;BCAP31:+1,False,0.5405092592592593
SIG_VDZ_ANDO7,T_PURSUIT_CR_W6,GSE92415_PURSUIT,82,ARMC2:+1;BCL11B:-1;CDH23:+1;CRB2:-1;MEGF6:-1;NAPSB:+1;BCAP31:-1,False,0.42708333333333337
SIG_VDZ_ANDO7,T_PURSUIT_CR_W6,GSE92415_PURSUIT,83,ARMC2:+1;BCL11B:-1;CDH23:+1;CRB2:-1;MEGF6:-1;NAPSB:+1;BCAP31:+1,False,0.5069444444444445
SIG_VDZ_ANDO7,T_PURSUIT_CR_W6,GSE92415_PURSUIT,84,ARMC2:+1;BCL11B:-1;CDH23:+1;CRB2:-1;MEGF6:+1;NAPSB:-1;BCAP31:-1,False,0.505787037037037
SIG_VDZ_ANDO7,T_PURSUIT_CR_W6,GSE92415_PURSUIT,85,ARMC2:+1;BCL11B:-1;CDH23:+1;CRB2:-1;MEGF6:+1;NAPSB:-1;BCAP31:+1,False,0.5613425925925927
SIG_VDZ_ANDO7,T_PURSUIT_CR_W6,GSE92415_PURSUIT,86,ARMC2:+1;BCL11B:-1;CDH23:+1;CRB2:-1;MEGF6:+1;NAPSB:+1;BCAP31:-1,False,0.4641203703703704
SIG_VDZ_ANDO7,T_PURSUIT_CR_W6,GSE92415_PURSUIT,87,ARMC2:+1;BCL11B:-1;CDH23:+1;CRB2:-1;MEGF6:+1;NAPSB:+1;BCAP31:+1,False,0.5
SIG_VDZ_ANDO7,T_PURSUIT_CR_W6,GSE92415_PURSUIT,88,ARMC2:+1;BCL11B:-1;CDH23:+1;CRB2:+1;MEGF6:-1;NAPSB:-1;BCAP31:-1,False,0.6261574074074074
SIG_VDZ_ANDO7,T_PURSUIT_CR_W6,GSE92415_PURSUIT,89,ARMC2:+1;BCL11B:-1;CDH23:+1;CRB2:+1;MEGF6:-1;NAPSB:-1;BCAP31:+1,False,0.6215277777777778
SIG_VDZ_ANDO7,T_PURSUIT_CR_W6,GSE92415_PURSUIT,90,ARMC2:+1;BCL11B:-1;CDH23:+1;CRB2:+1;MEGF6:-1;NAPSB:+1;BCAP31:-1,False,0.6053240740740741
SIG_VDZ_ANDO7,T_PURSUIT_CR_W6,GSE92415_PURSUIT,91,ARMC2:+1;BCL11B:-1;CDH23:+1;CRB2:+1;MEGF6:-1;NAPSB:+1;BCAP31:+1,False,0.6203703703703703
SIG_VDZ_ANDO7,T_PURSUIT_CR_W6,GSE92415_PURSUIT,92,ARMC2:+1;BCL11B:-1;CDH23:+1;CRB2:+1;MEGF6:+1;NAPSB:-1;BCAP31:-1,False,0.6469907407407407
SIG_VDZ_ANDO7,T_PURSUIT_CR_W6,GSE92415_PURSUIT,93,ARMC2:+1;BCL11B:-1;CDH23:+1;CRB2:+1;MEGF6:+1;NAPSB:-1;BCAP31:+1,False,0.6296296296296298
SIG_VDZ_ANDO7,T_PURSUIT_CR_W6,GSE92415_PURSUIT,94,ARMC2:+1;BCL11B:-1;CDH23:+1;CRB2:+1;MEGF6:+1;NAPSB:+1;BCAP31:-1,False,0.6122685185185185
SIG_VDZ_ANDO7,T_PURSUIT_CR_W6,GSE92415_PURSUIT,95,ARMC2:+1;BCL11B:-1;CDH23:+1;CRB2:+1;MEGF6:+1;NAPSB:+1;BCAP31:+1,False,0.6203703703703703
SIG_VDZ_ANDO7,T_PURSUIT_CR_W6,GSE92415_PURSUIT,96,ARMC2:+1;BCL11B:+1;CDH23:-1;CRB2:-1;MEGF6:-1;NAPSB:-1;BCAP31:-1,False,0.40046296296296297
SIG_VDZ_ANDO7,T_PURSUIT_CR_W6,GSE92415_PURSUIT,97,ARMC2:+1;BCL11B:+1;CDH23:-1;CRB2:-1;MEGF6:-1;NAPSB:-1;BCAP31:+1,False,0.38657407407407407
SIG_VDZ_ANDO7,T_PURSUIT_CR_W6,GSE92415_PURSUIT,98,ARMC2:+1;BCL11B:+1;CDH23:-1;CRB2:-1;MEGF6:-1;NAPSB:+1;BCAP31:-1,False,0.3819444444444444
SIG_VDZ_ANDO7,T_PURSUIT_CR_W6,GSE92415_PURSUIT,99,ARMC2:+1;BCL11B:+1;CDH23:-1;CRB2:-1;MEGF6:-1;NAPSB:+1;BCAP31:+1,False,0.35763888888888895
SIG_VDZ_ANDO7,T_PURSUIT_CR_W6,GSE92415_PURSUIT,100,ARMC2:+1;BCL11B:+1;CDH23:-1;CRB2:-1;MEGF6:+1;NAPSB:-1;BCAP31:-1,False,0.4097222222222222
SIG_VDZ_ANDO7,T_PURSUIT_CR_W6,GSE92415_PURSUIT,101,ARMC2:+1;BCL11B:+1;CDH23:-1;CRB2:-1;MEGF6:+1;NAPSB:-1;BCAP31:+1,False,0.3993055555555556
SIG_VDZ_ANDO7,T_PURSUIT_CR_W6,GSE92415_PURSUIT,102,ARMC2:+1;BCL11B:+1;CDH23:-1;CRB2:-1;MEGF6:+1;NAPSB:+1;BCAP31:-1,False,0.39699074074074076
SIG_VDZ_ANDO7,T_PURSUIT_CR_W6,GSE92415_PURSUIT,103,ARMC2:+1;BCL11B:+1;CDH23:-1;CRB2:-1;MEGF6:+1;NAPSB:+1;BCAP31:+1,False,0.3993055555555556
SIG_VDZ_ANDO7,T_PURSUIT_CR_W6,GSE92415_PURSUIT,104,ARMC2:+1;BCL11B:+1;CDH23:-1;CRB2:+1;MEGF6:-1;NAPSB:-1;BCAP31:-1,False,0.5358796296296297
SIG_VDZ_ANDO7,T_PURSUIT_CR_W6,GSE92415_PURSUIT,105,ARMC2:+1;BCL11B:+1;CDH23:-1;CRB2:+1;MEGF6:-1;NAPSB:-1;BCAP31:+1,False,0.5636574074074074
SIG_VDZ_ANDO7,T_PURSUIT_CR_W6,GSE92415_PURSUIT,106,ARMC2:+1;BCL11B:+1;CDH23:-1;CRB2:+1;MEGF6:-1;NAPSB:+1;BCAP31:-1,False,0.4872685185185185
SIG_VDZ_ANDO7,T_PURSUIT_CR_W6,GSE92415_PURSUIT,107,ARMC2:+1;BCL11B:+1;CDH23:-1;CRB2:+1;MEGF6:-1;NAPSB:+1;BCAP31:+1,False,0.5405092592592593
SIG_VDZ_ANDO7,T_PURSUIT_CR_W6,GSE92415_PURSUIT,108,ARMC2:+1;BCL11B:+1;CDH23:-1;CRB2:+1;MEGF6:+1;NAPSB:-1;BCAP31:-1,False,0.556712962962963
SIG_VDZ_ANDO7,T_PURSUIT_CR_W6,GSE92415_PURSUIT,109,ARMC2:+1;BCL11B:+1;CDH23:-1;CRB2:+1;MEGF6:+1;NAPSB:-1;BCAP31:+1,False,0.6712962962962963
SIG_VDZ_ANDO7,T_PURSUIT_CR_W6,GSE92415_PURSUIT,110,ARMC2:+1;BCL11B:+1;CDH23:-1;CRB2:+1;MEGF6:+1;NAPSB:+1;BCAP31:-1,False,0.4976851851851852
SIG_VDZ_ANDO7,T_PURSUIT_CR_W6,GSE92415_PURSUIT,111,ARMC2:+1;BCL11B:+1;CDH23:-1;CRB2:+1;MEGF6:+1;NAPSB:+1;BCAP31:+1,False,0.5509259259259259
SIG_VDZ_ANDO7,T_PURSUIT_CR_W6,GSE92415_PURSUIT,112,ARMC2:+1;BCL11B:+1;CDH23:+1;CRB2:-1;MEGF6:-1;NAPSB:-1;BCAP31:-1,False,0.4131944444444444
SIG_VDZ_ANDO7,T_PURSUIT_CR_W6,GSE92415_PURSUIT,113,ARMC2:+1;BCL11B:+1;CDH23:+1;CRB2:-1;MEGF6:-1;NAPSB:-1;BCAP31:+1,False,0.462962962962963
SIG_VDZ_ANDO7,T_PURSUIT_CR_W6,GSE92415_PURSUIT,114,ARMC2:+1;BCL11B:+1;CDH23:+1;CRB2:-1;MEGF6:-1;NAPSB:+1;BCAP31:-1,False,0.3854166666666667
SIG_VDZ_ANDO7,T_PURSUIT_CR_W6,GSE92415_PURSUIT,115,ARMC2:+1;BCL11B:+1;CDH23:+1;CRB2:-1;MEGF6:-1;NAPSB:+1;BCAP31:+1,False,0.42476851851851855
SIG_VDZ_ANDO7,T_PURSUIT_CR_W6,GSE92415_PURSUIT,116,ARMC2:+1;BCL11B:+1;CDH23:+1;CRB2:-1;MEGF6:+1;NAPSB:-1;BCAP31:-1,False,0.4247685185185185
SIG_VDZ_ANDO7,T_PURSUIT_CR_W6,GSE92415_PURSUIT,117,ARMC2:+1;BCL11B:+1;CDH23:+1;CRB2:-1;MEGF6:+1;NAPSB:-1;BCAP31:+1,False,0.4837962962962963
SIG_VDZ_ANDO7,T_PURSUIT_CR_W6,GSE92415_PURSUIT,118,ARMC2:+1;BCL11B:+1;CDH23:+1;CRB2:-1;MEGF6:+1;NAPSB:+1;BCAP31:-1,False,0.4189814814814815
SIG_VDZ_ANDO7,T_PURSUIT_CR_W6,GSE92415_PURSUIT,119,ARMC2:+1;BCL11B:+1;CDH23:+1;CRB2:-1;MEGF6:+1;NAPSB:+1;BCAP31:+1,False,0.46180555555555564
SIG_VDZ_ANDO7,T_PURSUIT_CR_W6,GSE92415_PURSUIT,120,ARMC2:+1;BCL11B:+1;CDH23:+1;CRB2:+1;MEGF6:-1;NAPSB:-1;BCAP31:-1,False,0.576388888888889
SIG_VDZ_ANDO7,T_PURSUIT_CR_W6,GSE92415_PURSUIT,121,ARMC2:+1;BCL11B:+1;CDH23:+1;CRB2:+1;MEGF6:-1;NAPSB:-1;BCAP31:+1,False,0.6261574074074074
SIG_VDZ_ANDO7,T_PURSUIT_CR_W6,GSE92415_PURSUIT,122,ARMC2:+1;BCL11B:+1;CDH23:+1;CRB2:+1;MEGF6:-1;NAPSB:+1;BCAP31:-1,False,0.5717592592592593
SIG_VDZ_ANDO7,T_PURSUIT_CR_W6,GSE92415_PURSUIT,123,ARMC2:+1;BCL11B:+1;CDH23:+1;CRB2:+1;MEGF6:-1;NAPSB:+1;BCAP31:+1,False,0.625
SIG_VDZ_ANDO7,T_PURSUIT_CR_W6,GSE92415_PURSUIT,124,ARMC2:+1;BCL11B:+1;CDH23:+1;CRB2:+1;MEGF6:+1;NAPSB:-1;BCAP31:-1,False,0.6435185185185185
SIG_VDZ_ANDO7,T_PURSUIT_CR_W6,GSE92415_PURSUIT,125,ARMC2:+1;BCL11B:+1;CDH23:+1;CRB2:+1;MEGF6:+1;NAPSB:-1;BCAP31:+1,False,0.6585648148148149
SIG_VDZ_ANDO7,T_PURSUIT_CR_W6,GSE92415_PURSUIT,126,ARMC2:+1;BCL11B:+1;CDH23:+1;CRB2:+1;MEGF6:+1;NAPSB:+1;BCAP31:-1,True,0.568287037037037
SIG_VDZ_ANDO7,T_PURSUIT_CR_W6,GSE92415_PURSUIT,127,ARMC2:+1;BCL11B:+1;CDH23:+1;CRB2:+1;MEGF6:+1;NAPSB:+1;BCAP31:+1,False,0.6076388888888888
SIG_VDZ_ANDO7,T_UNIFI_MH_W8,GSE206285_UNIFI,0,ARMC2:-1;BCL11B:-1;CDH23:-1;CRB2:-1;MEGF6:-1;NAPSB:-1;BCAP31:-1,False,0.4819654683065279
SIG_VDZ_ANDO7,T_UNIFI_MH_W8,GSE206285_UNIFI,1,ARMC2:-1;BCL11B:-1;CDH23:-1;CRB2:-1;MEGF6:-1;NAPSB:-1;BCAP31:+1,False,0.5315752128666036
SIG_VDZ_ANDO7,T_UNIFI_MH_W8,GSE206285_UNIFI,2,ARMC2:-1;BCL11B:-1;CDH23:-1;CRB2:-1;MEGF6:-1;NAPSB:+1;BCAP31:-1,False,0.47906811731315047
SIG_VDZ_ANDO7,T_UNIFI_MH_W8,GSE206285_UNIFI,3,ARMC2:-1;BCL11B:-1;CDH23:-1;CRB2:-1;MEGF6:-1;NAPSB:+1;BCAP31:+1,False,0.5530392620624409
SIG_VDZ_ANDO7,T_UNIFI_MH_W8,GSE206285_UNIFI,4,ARMC2:-1;BCL11B:-1;CDH23:-1;CRB2:-1;MEGF6:+1;NAPSB:-1;BCAP31:-1,False,0.48202459791863767
SIG_VDZ_ANDO7,T_UNIFI_MH_W8,GSE206285_UNIFI,5,ARMC2:-1;BCL11B:-1;CDH23:-1;CRB2:-1;MEGF6:+1;NAPSB:-1;BCAP31:+1,False,0.545115894039735
SIG_VDZ_ANDO7,T_UNIFI_MH_W8,GSE206285_UNIFI,6,ARMC2:-1;BCL11B:-1;CDH23:-1;CRB2:-1;MEGF6:+1;NAPSB:+1;BCAP31:-1,False,0.4871688741721854
SIG_VDZ_ANDO7,T_UNIFI_MH_W8,GSE206285_UNIFI,7,ARMC2:-1;BCL11B:-1;CDH23:-1;CRB2:-1;MEGF6:+1;NAPSB:+1;BCAP31:+1,False,0.5826040681173131
SIG_VDZ_ANDO7,T_UNIFI_MH_W8,GSE206285_UNIFI,8,ARMC2:-1;BCL11B:-1;CDH23:-1;CRB2:+1;MEGF6:-1;NAPSB:-1;BCAP31:-1,False,0.4673013245033113
SIG_VDZ_ANDO7,T_UNIFI_MH_W8,GSE206285_UNIFI,9,ARMC2:-1;BCL11B:-1;CDH23:-1;CRB2:+1;MEGF6:-1;NAPSB:-1;BCAP31:+1,False,0.5282048249763481
SIG_VDZ_ANDO7,T_UNIFI_MH_W8,GSE206285_UNIFI,10,ARMC2:-1;BCL11B:-1;CDH23:-1;CRB2:+1;MEGF6:-1;NAPSB:+1;BCAP31:-1,False,0.46008751182592245
SIG_VDZ_ANDO7,T_UNIFI_MH_W8,GSE206285_UNIFI,11,ARMC2:-1;BCL11B:-1;CDH23:-1;CRB2:+1;MEGF6:-1;NAPSB:+1;BCAP31:+1,False,0.5567644276253548
SIG_VDZ_ANDO7,T_UNIFI_MH_W8,GSE206285_UNIFI,12,ARMC2:-1;BCL11B:-1;CDH23:-1;CRB2:+1;MEGF6:+1;NAPSB:-1;BCAP31:-1,False,0.4605605487228004
SIG_VDZ_ANDO7,T_UNIFI_MH_W8,GSE206285_UNIFI,13,ARMC2:-1;BCL11B:-1;CDH23:-1;CRB2:+1;MEGF6:+1;NAPSB:-1;BCAP31:+1,False,0.5500236518448439
SIG_VDZ_ANDO7,T_UNIFI_MH_W8,GSE206285_UNIFI,14,ARMC2:-1;BCL11B:-1;CDH23:-1;CRB2:+1;MEGF6:+1;NAPSB:+1;BCAP31:-1,False,0.4584318826868496
SIG_VDZ_ANDO7,T_UNIFI_MH_W8,GSE206285_UNIFI,15,ARMC2:-1;BCL11B:-1;CDH23:-1;CRB2:+1;MEGF6:+1;NAPSB:+1;BCAP31:+1,False,0.5814214758751183
SIG_VDZ_ANDO7,T_UNIFI_MH_W8,GSE206285_UNIFI,16,ARMC2:-1;BCL11B:-1;CDH23:+1;CRB2:-1;MEGF6:-1;NAPSB:-1;BCAP31:-1,False,0.535655156102176
SIG_VDZ_ANDO7,T_UNIFI_MH_W8,GSE206285_UNIFI,17,ARMC2:-1;BCL11B:-1;CDH23:+1;CRB2:-1;MEGF6:-1;NAPSB:-1;BCAP31:+1,False,0.5875118259224219
SIG_VDZ_ANDO7,T_UNIFI_MH_W8,GSE206285_UNIFI,18,ARMC2:-1;BCL11B:-1;CDH23:+1;CRB2:-1;MEGF6:-1;NAPSB:+1;BCAP31:-1,False,0.5410950804162724
SIG_VDZ_ANDO7,T_UNIFI_MH_W8,GSE206285_UNIFI,19,ARMC2:-1;BCL11B:-1;CDH23:+1;CRB2:-1;MEGF6:-1;NAPSB:+1;BCAP31:+1,False,0.6212157048249763
SIG_VDZ_ANDO7,T_UNIFI_MH_W8,GSE206285_UNIFI,20,ARMC2:-1;BCL11B:-1;CDH23:+1;CRB2:-1;MEGF6:+1;NAPSB:-1;BCAP31:-1,False,0.5553453169347209
SIG_VDZ_ANDO7,T_UNIFI_MH_W8,GSE206285_UNIFI,21,ARMC2:-1;BCL11B:-1;CDH23:+1;CRB2:-1;MEGF6:+1;NAPSB:-1;BCAP31:+1,False,0.6014664143803217
SIG_VDZ_ANDO7,T_UNIFI_MH_W8,GSE206285_UNIFI,22,ARMC2:-1;BCL11B:-1;CDH23:+1;CRB2:-1;MEGF6:+1;NAPSB:+1;BCAP31:-1,False,0.5545175023651844
SIG_VDZ_ANDO7,T_UNIFI_MH_W8,GSE206285_UNIFI,23,ARMC2:-1;BCL11B:-1;CDH23:+1;CRB2:-1;MEGF6:+1;NAPSB:+1;BCAP31:+1,False,0.624526963103122
SIG_VDZ_ANDO7,T_UNIFI_MH_W8,GSE206285_UNIFI,24,ARMC2:-1;BCL11B:-1;CDH23:+1;CRB2:+1;MEGF6:-1;NAPSB:-1;BCAP31:-1,False,0.5269039735099338
SIG_VDZ_ANDO7,T_UNIFI_MH_W8,GSE206285_UNIFI,25,ARMC2:-1;BCL11B:-1;CDH23:+1;CRB2:+1;MEGF6:-1;NAPSB:-1;BCAP31:+1,False,0.5774006622516556
SIG_VDZ_ANDO7,T_UNIFI_MH_W8,GSE206285_UNIFI,26,ARMC2:-1;BCL11B:-1;CDH23:+1;CRB2:+1;MEGF6:-1;NAPSB:+1;BCAP31:-1,False,0.5260170293282876
SIG_VDZ_ANDO7,T_UNIFI_MH_W8,GSE206285_UNIFI,27,ARMC2:-1;BCL11B:-1;CDH23:+1;CRB2:+1;MEGF6:-1;NAPSB:+1;BCAP31:+1,False,0.6050141911069064
SIG_VDZ_ANDO7,T_UNIFI_MH_W8,GSE206285_UNIFI,28,ARMC2:-1;BCL11B:-1;CDH23:+1;CRB2:+1;MEGF6:+1;NAPSB:-1;BCAP31:-1,False,0.5373107852412488
SIG_VDZ_ANDO7,T_UNIFI_MH_W8,GSE206285_UNIFI,29,ARMC2:-1;BCL11B:-1;CDH23:+1;CRB2:+1;MEGF6:+1;NAPSB:-1;BCAP31:+1,False,0.5863883632923368
SIG_VDZ_ANDO7,T_UNIFI_MH_W8,GSE206285_UNIFI,30,ARMC2:-1;BCL11B:-1;CDH23:+1;CRB2:+1;MEGF6:+1;NAPSB:+1;BCAP31:-1,False,0.5400898770104069
SIG_VDZ_ANDO7,T_UNIFI_MH_W8,GSE206285_UNIFI,31,ARMC2:-1;BCL11B:-1;CDH23:+1;CRB2:+1;MEGF6:+1;NAPSB:+1;BCAP31:+1,False,0.6026490066225165
SIG_VDZ_ANDO7,T_UNIFI_MH_W8,GSE206285_UNIFI,32,ARMC2:-1;BCL11B:+1;CDH23:-1;CRB2:-1;MEGF6:-1;NAPSB:-1;BCAP31:-1,False,0.4449503311258278
SIG_VDZ_ANDO7,T_UNIFI_MH_W8,GSE206285_UNIFI,33,ARMC2:-1;BCL11B:+1;CDH23:-1;CRB2:-1;MEGF6:-1;NAPSB:-1;BCAP31:+1,False,0.4919583727530748
SIG_VDZ_ANDO7,T_UNIFI_MH_W8,GSE206285_UNIFI,34,ARMC2:-1;BCL11B:+1;CDH23:-1;CRB2:-1;MEGF6:-1;NAPSB:+1;BCAP31:-1,False,0.44252601702932826
SIG_VDZ_ANDO7,T_UNIFI_MH_W8,GSE206285_UNIFI,35,ARMC2:-1;BCL11B:+1;CDH23:-1;CRB2:-1;MEGF6:-1;NAPSB:+1;BCAP31:+1,False,0.49266792809839166
SIG_VDZ_ANDO7,T_UNIFI_MH_W8,GSE206285_UNIFI,36,ARMC2:-1;BCL11B:+1;CDH23:-1;CRB2:-1;MEGF6:+1;NAPSB:-1;BCAP31:-1,False,0.4421121097445601
SIG_VDZ_ANDO7,T_UNIFI_MH_W8,GSE206285_UNIFI,37,ARMC2:-1;BCL11B:+1;CDH23:-1;CRB2:-1;MEGF6:+1;NAPSB:-1;BCAP31:+1,False,0.5170293282876064
SIG_VDZ_ANDO7,T_UNIFI_MH_W8,GSE206285_UNIFI,38,ARMC2:-1;BCL11B:+1;CDH23:-1;CRB2:-1;MEGF6:+1;NAPSB:+1;BCAP31:-1,False,0.4434129612109745
SIG_VDZ_ANDO7,T_UNIFI_MH_W8,GSE206285_UNIFI,39,ARMC2:-1;BCL11B:+1;CDH23:-1;CRB2:-1;MEGF6:+1;NAPSB:+1;BCAP31:+1,False,0.4982261116367076
SIG_VDZ_ANDO7,T_UNIFI_MH_W8,GSE206285_UNIFI,40,ARMC2:-1;BCL11B:+1;CDH23:-1;CRB2:+1;MEGF6:-1;NAPSB:-1;BCAP31:-1,False,0.4301679280983917
SIG_VDZ_ANDO7,T_UNIFI_MH_W8,GSE206285_UNIFI,41,ARMC2:-1;BCL11B:+1;CDH23:-1;CRB2:+1;MEGF6:-1;NAPSB:-1;BCAP31:+1,False,0.48811494796594135
SIG_VDZ_ANDO7,T_UNIFI_MH_W8,GSE206285_UNIFI,42,ARMC2:-1;BCL11B:+1;CDH23:-1;CRB2:+1;MEGF6:-1;NAPSB:+1;BCAP31:-1,False,0.4350756859035005
SIG_VDZ_ANDO7,T_UNIFI_MH_W8,GSE206285_UNIFI,43,ARMC2:-1;BCL11B:+1;CDH23:-1;CRB2:+1;MEGF6:-1;NAPSB:+1;BCAP31:+1,False,0.4923131504257332
SIG_VDZ_ANDO7,T_UNIFI_MH_W8,GSE206285_UNIFI,44,ARMC2:-1;BCL11B:+1;CDH23:-1;CRB2:+1;MEGF6:+1;NAPSB:-1;BCAP31:-1,False,0.410891674550615
SIG_VDZ_ANDO7,T_UNIFI_MH_W8,GSE206285_UNIFI,45,ARMC2:-1;BCL11B:+1;CDH23:-1;CRB2:+1;MEGF6:+1;NAPSB:-1;BCAP31:+1,False,0.5004730368968779
SIG_VDZ_ANDO7,T_UNIFI_MH_W8,GSE206285_UNIFI,46,ARMC2:-1;BCL11B:+1;CDH23:-1;CRB2:+1;MEGF6:+1;NAPSB:+1;BCAP31:-1,False,0.42721144749290446
SIG_VDZ_ANDO7,T_UNIFI_MH_W8,GSE206285_UNIFI,47,ARMC2:-1;BCL11B:+1;CDH23:-1;CRB2:+1;MEGF6:+1;NAPSB:+1;BCAP31:+1,False,0.4903618732261117
SIG_VDZ_ANDO7,T_UNIFI_MH_W8,GSE206285_UNIFI,48,ARMC2:-1;BCL11B:+1;CDH23:+1;CRB2:-1;MEGF6:-1;NAPSB:-1;BCAP31:-1,False,0.4905983916745506
SIG_VDZ_ANDO7,T_UNIFI_MH_W8,GSE206285_UNIFI,49,ARMC2:-1;BCL11B:+1;CDH23:+1;CRB2:-1;MEGF6:-1;NAPSB:-1;BCAP31:+1,False,0.5671121097445601
SIG_VDZ_ANDO7,T_UNIFI_MH_W8,GSE206285_UNIFI,50,ARMC2:-1;BCL11B:+1;CDH23:+1;CRB2:-1;MEGF6:-1;NAPSB:+1;BCAP31:-1,False,0.4708491012298959
SIG_VDZ_ANDO7,T_UNIFI_MH_W8,GSE206285_UNIFI,51,ARMC2:-1;BCL11B:+1;CDH23:+1;CRB2:-1;MEGF6:-1;NAPSB:+1;BCAP31:+1,False,0.5642147587511825
SIG_VDZ_ANDO7,T_UNIFI_MH_W8,GSE206285_UNIFI,52,ARMC2:-1;BCL11B:+1;CDH23:+1;CRB2:-1;MEGF6:+1;NAPSB:-1;BCAP31:-1,False,0.4828524124881741
SIG_VDZ_ANDO7,T_UNIFI_MH_W8,GSE206285_UNIFI,53,ARMC2:-1;BCL11B:+1;CDH23:+1;CRB2:-1;MEGF6:+1;NAPSB:-1;BCAP31:+1,False,0.5887535477767266
SIG_VDZ_ANDO7,T_UNIFI_MH_W8,GSE206285_UNIFI,54,ARMC2:-1;BCL11B:+1;CDH23:+1;CRB2:-1;MEGF6:+1;NAPSB:+1;BCAP31:-1,False,0.489593188268685
SIG_VDZ_ANDO7,T_UNIFI_MH_W8,GSE206285_UNIFI,55,ARMC2:-1;BCL11B:+1;CDH23:+1;CRB2:-1;MEGF6:+1;NAPSB:+1;BCAP31:+1,False,0.5623226111636708
SIG_VDZ_ANDO7,T_UNIFI_MH_W8,GSE206285_UNIFI,56,ARMC2:-1;BCL11B:+1;CDH23:+1;CRB2:+1;MEGF6:-1;NAPSB:-1;BCAP31:-1,False,0.4745151371807001
SIG_VDZ_ANDO7,T_UNIFI_MH_W8,GSE206285_UNIFI,57,ARMC2:-1;BCL11B:+1;CDH23:+1;CRB2:+1;MEGF6:-1;NAPSB:-1;BCAP31:+1,False,0.5405629139072848
SIG_VDZ_ANDO7,T_UNIFI_MH_W8,GSE206285_UNIFI,58,ARMC2:-1;BCL11B:+1;CDH23:+1;CRB2:+1;MEGF6:-1;NAPSB:+1;BCAP31:-1,False,0.47741248817407755
SIG_VDZ_ANDO7,T_UNIFI_MH_W8,GSE206285_UNIFI,59,ARMC2:-1;BCL11B:+1;CDH23:+1;CRB2:+1;MEGF6:-1;NAPSB:+1;BCAP31:+1,False,0.5419820245979187
SIG_VDZ_ANDO7,T_UNIFI_MH_W8,GSE206285_UNIFI,60,ARMC2:-1;BCL11B:+1;CDH23:+1;CRB2:+1;MEGF6:+1;NAPSB:-1;BCAP31:-1,False,0.48255676442762535
SIG_VDZ_ANDO7,T_UNIFI_MH_W8,GSE206285_UNIFI,61,ARMC2:-1;BCL11B:+1;CDH23:+1;CRB2:+1;MEGF6:+1;NAPSB:-1;BCAP31:+1,False,0.5554044465468306
SIG_VDZ_ANDO7,T_UNIFI_MH_W8,GSE206285_UNIFI,62,ARMC2:-1;BCL11B:+1;CDH23:+1;CRB2:+1;MEGF6:+1;NAPSB:+1;BCAP31:-1,False,0.48438978240302744
SIG_VDZ_ANDO7,T_UNIFI_MH_W8,GSE206285_UNIFI,63,ARMC2:-1;BCL11B:+1;CDH23:+1;CRB2:+1;MEGF6:+1;NAPSB:+1;BCAP31:+1,False,0.5429280983916746
SIG_VDZ_ANDO7,T_UNIFI_MH_W8,GSE206285_UNIFI,64,ARMC2:+1;BCL11B:-1;CDH23:-1;CRB2:-1;MEGF6:-1;NAPSB:-1;BCAP31:-1,False,0.45707190160832545
SIG_VDZ_ANDO7,T_UNIFI_MH_W8,GSE206285_UNIFI,65,ARMC2:+1;BCL11B:-1;CDH23:-1;CRB2:-1;MEGF6:-1;NAPSB:-1;BCAP31:+1,False,0.5156102175969726
SIG_VDZ_ANDO7,T_UNIFI_MH_W8,GSE206285_UNIFI,66,ARMC2:+1;BCL11B:-1;CDH23:-1;CRB2:-1;MEGF6:-1;NAPSB:+1;BCAP31:-1,False,0.44459555345316937
SIG_VDZ_ANDO7,T_UNIFI_MH_W8,GSE206285_UNIFI,67,ARMC2:+1;BCL11B:-1;CDH23:-1;CRB2:-1;MEGF6:-1;NAPSB:+1;BCAP31:+1,False,0.5174432355723746
SIG_VDZ_ANDO7,T_UNIFI_MH_W8,GSE206285_UNIFI,68,ARMC2:+1;BCL11B:-1;CDH23:-1;CRB2:-1;MEGF6:+1;NAPSB:-1;BCAP31:-1,False,0.45801797540208133
SIG_VDZ_ANDO7,T_UNIFI_MH_W8,GSE206285_UNIFI,69,ARMC2:+1;BCL11B:-1;CDH23:-1;CRB2:-1;MEGF6:+1;NAPSB:-1;BCAP31:+1,False,0.5225875118259224
SIG_VDZ_ANDO7,T_UNIFI_MH_W8,GSE206285_UNIFI,70,ARMC2:+1;BCL11B:-1;CDH23:-1;CRB2:-1;MEGF6:+1;NAPSB:+1;BCAP31:-1,False,0.4594370860927152
SIG_VDZ_ANDO7,T_UNIFI_MH_W8,GSE206285_UNIFI,71,ARMC2:+1;BCL11B:-1;CDH23:-1;CRB2:-1;MEGF6:+1;NAPSB:+1;BCAP31:+1,False,0.5254848628192998
SIG_VDZ_ANDO7,T_UNIFI_MH_W8,GSE206285_UNIFI,72,ARMC2:+1;BCL11B:-1;CDH23:-1;CRB2:+1;MEGF6:-1;NAPSB:-1;BCAP31:-1,False,0.43767738883632923
SIG_VDZ_ANDO7,T_UNIFI_MH_W8,GSE206285_UNIFI,73,ARMC2:+1;BCL11B:-1;CDH23:-1;CRB2:+1;MEGF6:-1;NAPSB:-1;BCAP31:+1,False,0.5104068117313151
SIG_VDZ_ANDO7,T_UNIFI_MH_W8,GSE206285_UNIFI,74,ARMC2:+1;BCL11B:-1;CDH23:-1;CRB2:+1;MEGF6:-1;NAPSB:+1;BCAP31:-1,False,0.4112464522232734
SIG_VDZ_ANDO7,T_UNIFI_MH_W8,GSE206285_UNIFI,75,ARMC2:+1;BCL11B:-1;CDH23:-1;CRB2:+1;MEGF6:-1;NAPSB:+1;BCAP31:+1,False,0.517147587511826
SIG_VDZ_ANDO7,T_UNIFI_MH_W8,GSE206285_UNIFI,76,ARMC2:+1;BCL11B:-1;CDH23:-1;CRB2:+1;MEGF6:+1;NAPSB:-1;BCAP31:-1,False,0.43578524124881746
SIG_VDZ_ANDO7,T_UNIFI_MH_W8,GSE206285_UNIFI,77,ARMC2:+1;BCL11B:-1;CDH23:-1;CRB2:+1;MEGF6:+1;NAPSB:-1;BCAP31:+1,False,0.529150898770104
SIG_VDZ_ANDO7,T_UNIFI_MH_W8,GSE206285_UNIFI,78,ARMC2:+1;BCL11B:-1;CDH23:-1;CRB2:+1;MEGF6:+1;NAPSB:+1;BCAP31:-1,False,0.4328878902554399
SIG_VDZ_ANDO7,T_UNIFI_MH_W8,GSE206285_UNIFI,79,ARMC2:+1;BCL11B:-1;CDH23:-1;CRB2:+1;MEGF6:+1;NAPSB:+1;BCAP31:+1,False,0.5094016083254495
SIG_VDZ_ANDO7,T_UNIFI_MH_W8,GSE206285_UNIFI,80,ARMC2:+1;BCL11B:-1;CDH23:+1;CRB2:-1;MEGF6:-1;NAPSB:-1;BCAP31:-1,False,0.5096381267738884
SIG_VDZ_ANDO7,T_UNIFI_MH_W8,GSE206285_UNIFI,81,ARMC2:+1;BCL11B:-1;CDH23:+1;CRB2:-1;MEGF6:-1;NAPSB:-1;BCAP31:+1,False,0.5727885525070956
SIG_VDZ_ANDO7,T_UNIFI_MH_W8,GSE206285_UNIFI,82,ARMC2:+1;BCL11B:-1;CDH23:+1;CRB2:-1;MEGF6:-1;NAPSB:+1;BCAP31:-1,False,0.49952696310312206
SIG_VDZ_ANDO7,T_UNIFI_MH_W8,GSE206285_UNIFI,83,ARMC2:+1;BCL11B:-1;CDH23:+1;CRB2:-1;MEGF6:-1;NAPSB:+1;BCAP31:+1,False,0.5891083254493851
SIG_VDZ_ANDO7,T_UNIFI_MH_W8,GSE206285_UNIFI,84,ARMC2:+1;BCL11B:-1;CDH23:+1;CRB2:-1;MEGF6:+1;NAPSB:-1;BCAP31:-1,False,0.5076868495742668
SIG_VDZ_ANDO7,T_UNIFI_MH_W8,GSE206285_UNIFI,85,ARMC2:+1;BCL11B:-1;CDH23:+1;CRB2:-1;MEGF6:+1;NAPSB:-1;BCAP31:+1,False,0.5649243140964996
SIG_VDZ_ANDO7,T_UNIFI_MH_W8,GSE206285_UNIFI,86,ARMC2:+1;BCL11B:-1;CDH23:+1;CRB2:-1;MEGF6:+1;NAPSB:+1;BCAP31:-1,False,0.5118850520340585
SIG_VDZ_ANDO7,T_UNIFI_MH_W8,GSE206285_UNIFI,87,ARMC2:+1;BCL11B:-1;CDH23:+1;CRB2:-1;MEGF6:+1;NAPSB:+1;BCAP31:+1,False,0.5698320719016083
SIG_VDZ_ANDO7,T_UNIFI_MH_W8,GSE206285_UNIFI,88,ARMC2:+1;BCL11B:-1;CDH23:+1;CRB2:+1;MEGF6:-1;NAPSB:-1;BCAP31:-1,False,0.5017738883632923
SIG_VDZ_ANDO7,T_UNIFI_MH_W8,GSE206285_UNIFI,89,ARMC2:+1;BCL11B:-1;CDH23:+1;CRB2:+1;MEGF6:-1;NAPSB:-1;BCAP31:+1,False,0.5565870387890256
SIG_VDZ_ANDO7,T_UNIFI_MH_W8,GSE206285_UNIFI,90,ARMC2:+1;BCL11B:-1;CDH23:+1;CRB2:+1;MEGF6:-1;NAPSB:+1;BCAP31:-1,False,0.4829706717123936
SIG_VDZ_ANDO7,T_UNIFI_MH_W8,GSE206285_UNIFI,91,ARMC2:+1;BCL11B:-1;CDH23:+1;CRB2:+1;MEGF6:-1;NAPSB:+1;BCAP31:+1,False,0.5578878902554399
SIG_VDZ_ANDO7,T_UNIFI_MH_W8,GSE206285_UNIFI,92,ARMC2:+1;BCL11B:-1;CDH23:+1;CRB2:+1;MEGF6:+1;NAPSB:-1;BCAP31:-1,False,0.5073320719016083
SIG_VDZ_ANDO7,T_UNIFI_MH_W8,GSE206285_UNIFI,93,ARMC2:+1;BCL11B:-1;CDH23:+1;CRB2:+1;MEGF6:+1;NAPSB:-1;BCAP31:+1,False,0.5574739829706719
SIG_VDZ_ANDO7,T_UNIFI_MH_W8,GSE206285_UNIFI,94,ARMC2:+1;BCL11B:-1;CDH23:+1;CRB2:+1;MEGF6:+1;NAPSB:+1;BCAP31:-1,False,0.5080416272469253
SIG_VDZ_ANDO7,T_UNIFI_MH_W8,GSE206285_UNIFI,95,ARMC2:+1;BCL11B:-1;CDH23:+1;CRB2:+1;MEGF6:+1;NAPSB:+1;BCAP31:+1,False,0.5550496688741722
SIG_VDZ_ANDO7,T_UNIFI_MH_W8,GSE206285_UNIFI,96,ARMC2:+1;BCL11B:+1;CDH23:-1;CRB2:-1;MEGF6:-1;NAPSB:-1;BCAP31:-1,False,0.3973509933774834
SIG_VDZ_ANDO7,T_UNIFI_MH_W8,GSE206285_UNIFI,97,ARMC2:+1;BCL11B:+1;CDH23:-1;CRB2:-1;MEGF6:-1;NAPSB:-1;BCAP31:+1,False,0.4599101229895932
SIG_VDZ_ANDO7,T_UNIFI_MH_W8,GSE206285_UNIFI,98,ARMC2:+1;BCL11B:+1;CDH23:-1;CRB2:-1;MEGF6:-1;NAPSB:+1;BCAP31:-1,False,0.4136116367076632
SIG_VDZ_ANDO7,T_UNIFI_MH_W8,GSE206285_UNIFI,99,ARMC2:+1;BCL11B:+1;CDH23:-1;CRB2:-1;MEGF6:-1;NAPSB:+1;BCAP31:+1,False,0.4626892147587512
SIG_VDZ_ANDO7,T_UNIFI_MH_W8,GSE206285_UNIFI,100,ARMC2:+1;BCL11B:+1;CDH23:-1;CRB2:-1;MEGF6:+1;NAPSB:-1;BCAP31:-1,False,0.39498580889309365
SIG_VDZ_ANDO7,T_UNIFI_MH_W8,GSE206285_UNIFI,101,ARMC2:+1;BCL11B:+1;CDH23:-1;CRB2:-1;MEGF6:+1;NAPSB:-1;BCAP31:+1,False,0.47398297067171247
SIG_VDZ_ANDO7,T_UNIFI_MH_W8,GSE206285_UNIFI,102,ARMC2:+1;BCL11B:+1;CDH23:-1;CRB2:-1;MEGF6:+1;NAPSB:+1;BCAP31:-1,False,0.42259933774834446
SIG_VDZ_ANDO7,T_UNIFI_MH_W8,GSE206285_UNIFI,103,ARMC2:+1;BCL11B:+1;CDH23:-1;CRB2:-1;MEGF6:+1;NAPSB:+1;BCAP31:+1,False,0.4730960264900662
SIG_VDZ_ANDO7,T_UNIFI_MH_W8,GSE206285_UNIFI,104,ARMC2:+1;BCL11B:+1;CDH23:-1;CRB2:+1;MEGF6:-1;NAPSB:-1;BCAP31:-1,False,0.37547303689687794
SIG_VDZ_ANDO7,T_UNIFI_MH_W8,GSE206285_UNIFI,105,ARMC2:+1;BCL11B:+1;CDH23:-1;CRB2:+1;MEGF6:-1;NAPSB:-1;BCAP31:+1,False,0.4454824976348155
SIG_VDZ_ANDO7,T_UNIFI_MH_W8,GSE206285_UNIFI,106,ARMC2:+1;BCL11B:+1;CDH23:-1;CRB2:+1;MEGF6:-1;NAPSB:+1;BCAP31:-1,False,0.39853358561967833
SIG_VDZ_ANDO7,T_UNIFI_MH_W8,GSE206285_UNIFI,107,ARMC2:+1;BCL11B:+1;CDH23:-1;CRB2:+1;MEGF6:-1;NAPSB:+1;BCAP31:+1,False,0.4446546830652791
SIG_VDZ_ANDO7,T_UNIFI_MH_W8,GSE206285_UNIFI,108,ARMC2:+1;BCL11B:+1;CDH23:-1;CRB2:+1;MEGF6:+1;NAPSB:-1;BCAP31:-1,False,0.37878429517502366
SIG_VDZ_ANDO7,T_UNIFI_MH_W8,GSE206285_UNIFI,109,ARMC2:+1;BCL11B:+1;CDH23:-1;CRB2:+1;MEGF6:+1;NAPSB:-1;BCAP31:+1,False,0.4589049195837275
SIG_VDZ_ANDO7,T_UNIFI_MH_W8,GSE206285_UNIFI,110,ARMC2:+1;BCL11B:+1;CDH23:-1;CRB2:+1;MEGF6:+1;NAPSB:+1;BCAP31:-1,False,0.4124881740775781
SIG_VDZ_ANDO7,T_UNIFI_MH_W8,GSE206285_UNIFI,111,ARMC2:+1;BCL11B:+1;CDH23:-1;CRB2:+1;MEGF6:+1;NAPSB:+1;BCAP31:+1,False,0.46434484389782404
SIG_VDZ_ANDO7,T_UNIFI_MH_W8,GSE206285_UNIFI,112,ARMC2:+1;BCL11B:+1;CDH23:+1;CRB2:-1;MEGF6:-1;NAPSB:-1;BCAP31:-1,False,0.4185785241248817
SIG_VDZ_ANDO7,T_UNIFI_MH_W8,GSE206285_UNIFI,113,ARMC2:+1;BCL11B:+1;CDH23:+1;CRB2:-1;MEGF6:-1;NAPSB:-1;BCAP31:+1,False,0.5415681173131505
SIG_VDZ_ANDO7,T_UNIFI_MH_W8,GSE206285_UNIFI,114,ARMC2:+1;BCL11B:+1;CDH23:+1;CRB2:-1;MEGF6:-1;NAPSB:+1;BCAP31:-1,False,0.4499763481551561
SIG_VDZ_ANDO7,T_UNIFI_MH_W8,GSE206285_UNIFI,115,ARMC2:+1;BCL11B:+1;CDH23:+1;CRB2:-1;MEGF6:-1;NAPSB:+1;BCAP31:+1,False,0.5394394512771996
SIG_VDZ_ANDO7,T_UNIFI_MH_W8,GSE206285_UNIFI,116,ARMC2:+1;BCL11B:+1;CDH23:+1;CRB2:-1;MEGF6:+1;NAPSB:-1;BCAP31:-1,False,0.44323557237464517
SIG_VDZ_ANDO7,T_UNIFI_MH_W8,GSE206285_UNIFI,117,ARMC2:+1;BCL11B:+1;CDH23:+1;CRB2:-1;MEGF6:+1;NAPSB:-1;BCAP31:+1,False,0.5399124881740777
SIG_VDZ_ANDO7,T_UNIFI_MH_W8,GSE206285_UNIFI,118,ARMC2:+1;BCL11B:+1;CDH23:+1;CRB2:-1;MEGF6:+1;NAPSB:+1;BCAP31:-1,False,0.47179517502365187
SIG_VDZ_ANDO7,T_UNIFI_MH_W8,GSE206285_UNIFI,119,ARMC2:+1;BCL11B:+1;CDH23:+1;CRB2:-1;MEGF6:+1;NAPSB:+1;BCAP31:+1,False,0.5326986754966888
SIG_VDZ_ANDO7,T_UNIFI_MH_W8,GSE206285_UNIFI,120,ARMC2:+1;BCL11B:+1;CDH23:+1;CRB2:+1;MEGF6:-1;NAPSB:-1;BCAP31:-1,False,0.41739593188268675
SIG_VDZ_ANDO7,T_UNIFI_MH_W8,GSE206285_UNIFI,121,ARMC2:+1;BCL11B:+1;CDH23:+1;CRB2:+1;MEGF6:-1;NAPSB:-1;BCAP31:+1,False,0.5128311258278145
SIG_VDZ_ANDO7,T_UNIFI_MH_W8,GSE206285_UNIFI,122,ARMC2:+1;BCL11B:+1;CDH23:+1;CRB2:+1;MEGF6:-1;NAPSB:+1;BCAP31:-1,False,0.4548841059602649
SIG_VDZ_ANDO7,T_UNIFI_MH_W8,GSE206285_UNIFI,123,ARMC2:+1;BCL11B:+1;CDH23:+1;CRB2:+1;MEGF6:-1;NAPSB:+1;BCAP31:+1,False,0.5179754020813623
SIG_VDZ_ANDO7,T_UNIFI_MH_W8,GSE206285_UNIFI,124,ARMC2:+1;BCL11B:+1;CDH23:+1;CRB2:+1;MEGF6:+1;NAPSB:-1;BCAP31:-1,False,0.4469607379375592
SIG_VDZ_ANDO7,T_UNIFI_MH_W8,GSE206285_UNIFI,125,ARMC2:+1;BCL11B:+1;CDH23:+1;CRB2:+1;MEGF6:+1;NAPSB:-1;BCAP31:+1,False,0.5209318826868495
SIG_VDZ_ANDO7,T_UNIFI_MH_W8,GSE206285_UNIFI,126,ARMC2:+1;BCL11B:+1;CDH23:+1;CRB2:+1;MEGF6:+1;NAPSB:+1;BCAP31:-1,True,0.4684247871333964
SIG_VDZ_ANDO7,T_UNIFI_MH_W8,GSE206285_UNIFI,127,ARMC2:+1;BCL11B:+1;CDH23:+1;CRB2:+1;MEGF6:+1;NAPSB:+1;BCAP31:+1,False,0.518034531693472
SIG_VDZ_ANDO7,T_UNIFI_REM_W8,GSE206285_UNIFI,0,ARMC2:-1;BCL11B:-1;CDH23:-1;CRB2:-1;MEGF6:-1;NAPSB:-1;BCAP31:-1,False,0.49685779073534175
SIG_VDZ_ANDO7,T_UNIFI_REM_W8,GSE206285_UNIFI,1,ARMC2:-1;BCL11B:-1;CDH23:-1;CRB2:-1;MEGF6:-1;NAPSB:-1;BCAP31:+1,False,0.5501781665046972
SIG_VDZ_ANDO7,T_UNIFI_REM_W8,GSE206285_UNIFI,2,ARMC2:-1;BCL11B:-1;CDH23:-1;CRB2:-1;MEGF6:-1;NAPSB:+1;BCAP31:-1,False,0.48597343699384515
SIG_VDZ_ANDO7,T_UNIFI_REM_W8,GSE206285_UNIFI,3,ARMC2:-1;BCL11B:-1;CDH23:-1;CRB2:-1;MEGF6:-1;NAPSB:+1;BCAP31:+1,False,0.5510204081632654
SIG_VDZ_ANDO7,T_UNIFI_REM_W8,GSE206285_UNIFI,4,ARMC2:-1;BCL11B:-1;CDH23:-1;CRB2:-1;MEGF6:+1;NAPSB:-1;BCAP31:-1,False,0.48467768059604793
SIG_VDZ_ANDO7,T_UNIFI_REM_W8,GSE206285_UNIFI,5,ARMC2:-1;BCL11B:-1;CDH23:-1;CRB2:-1;MEGF6:+1;NAPSB:-1;BCAP31:+1,False,0.5482345319080012
SIG_VDZ_ANDO7,T_UNIFI_REM_W8,GSE206285_UNIFI,6,ARMC2:-1;BCL11B:-1;CDH23:-1;CRB2:-1;MEGF6:+1;NAPSB:+1;BCAP31:-1,False,0.47081308713961767
SIG_VDZ_ANDO7,T_UNIFI_REM_W8,GSE206285_UNIFI,7,ARMC2:-1;BCL11B:-1;CDH23:-1;CRB2:-1;MEGF6:+1;NAPSB:+1;BCAP31:+1,False,0.5394233884029802
SIG_VDZ_ANDO7,T_UNIFI_REM_W8,GSE206285_UNIFI,8,ARMC2:-1;BCL11B:-1;CDH23:-1;CRB2:+1;MEGF6:-1;NAPSB:-1;BCAP31:-1,False,0.5208292840945903
SIG_VDZ_ANDO7,T_UNIFI_REM_W8,GSE206285_UNIFI,9,ARMC2:-1;BCL11B:-1;CDH23:-1;CRB2:+1;MEGF6:-1;NAPSB:-1;BCAP31:+1,False,0.5774538386783284
SIG_VDZ_ANDO7,T_UNIFI_REM_W8,GSE206285_UNIFI,10,ARMC2:-1;BCL11B:-1;CDH23:-1;CRB2:+1;MEGF6:-1;NAPSB:+1;BCAP31:-1,False,0.5067055393586006
SIG_VDZ_ANDO7,T_UNIFI_REM_W8,GSE206285_UNIFI,11,ARMC2:-1;BCL11B:-1;CDH23:-1;CRB2:+1;MEGF6:-1;NAPSB:+1;BCAP31:+1,False,0.5905409782960802
SIG_VDZ_ANDO7,T_UNIFI_REM_W8,GSE206285_UNIFI,12,ARMC2:-1;BCL11B:-1;CDH23:-1;CRB2:+1;MEGF6:+1;NAPSB:-1;BCAP31:-1,False,0.500485908649174
SIG_VDZ_ANDO7,T_UNIFI_REM_W8,GSE206285_UNIFI,13,ARMC2:-1;BCL11B:-1;CDH23:-1;CRB2:+1;MEGF6:+1;NAPSB:-1;BCAP31:+1,False,0.5777777777777778
SIG_VDZ_ANDO7,T_UNIFI_REM_W8,GSE206285_UNIFI,14,ARMC2:-1;BCL11B:-1;CDH23:-1;CRB2:+1;MEGF6:+1;NAPSB:+1;BCAP31:-1,False,0.46789763524457395
SIG_VDZ_ANDO7,T_UNIFI_REM_W8,GSE206285_UNIFI,15,ARMC2:-1;BCL11B:-1;CDH23:-1;CRB2:+1;MEGF6:+1;NAPSB:+1;BCAP31:+1,False,0.5714933592484613
SIG_VDZ_ANDO7,T_UNIFI_REM_W8,GSE206285_UNIFI,16,ARMC2:-1;BCL11B:-1;CDH23:+1;CRB2:-1;MEGF6:-1;NAPSB:-1;BCAP31:-1,False,0.5650145772594752
SIG_VDZ_ANDO7,T_UNIFI_REM_W8,GSE206285_UNIFI,17,ARMC2:-1;BCL11B:-1;CDH23:+1;CRB2:-1;MEGF6:-1;NAPSB:-1;BCAP31:+1,False,0.6169096209912536
SIG_VDZ_ANDO7,T_UNIFI_REM_W8,GSE206285_UNIFI,18,ARMC2:-1;BCL11B:-1;CDH23:+1;CRB2:-1;MEGF6:-1;NAPSB:+1;BCAP31:-1,False,0.5547133138969874
SIG_VDZ_ANDO7,T_UNIFI_REM_W8,GSE206285_UNIFI,19,ARMC2:-1;BCL11B:-1;CDH23:+1;CRB2:-1;MEGF6:-1;NAPSB:+1;BCAP31:+1,False,0.6303206997084548
SIG_VDZ_ANDO7,T_UNIFI_REM_W8,GSE206285_UNIFI,20,ARMC2:-1;BCL11B:-1;CDH23:+1;CRB2:-1;MEGF6:+1;NAPSB:-1;BCAP31:-1,False,0.5676708778749595
SIG_VDZ_ANDO7,T_UNIFI_REM_W8,GSE206285_UNIFI,21,ARMC2:-1;BCL11B:-1;CDH23:+1;CRB2:-1;MEGF6:+1;NAPSB:-1;BCAP31:+1,False,0.6114674441205054
SIG_VDZ_ANDO7,T_UNIFI_REM_W8,GSE206285_UNIFI,22,ARMC2:-1;BCL11B:-1;CDH23:+1;CRB2:-1;MEGF6:+1;NAPSB:+1;BCAP31:-1,False,0.5267897635244574
SIG_VDZ_ANDO7,T_UNIFI_REM_W8,GSE206285_UNIFI,23,ARMC2:-1;BCL11B:-1;CDH23:+1;CRB2:-1;MEGF6:+1;NAPSB:+1;BCAP31:+1,False,0.5773890508584386
SIG_VDZ_ANDO7,T_UNIFI_REM_W8,GSE206285_UNIFI,24,ARMC2:-1;BCL11B:-1;CDH23:+1;CRB2:+1;MEGF6:-1;NAPSB:-1;BCAP31:-1,False,0.5904114026563005
SIG_VDZ_ANDO7,T_UNIFI_REM_W8,GSE206285_UNIFI,25,ARMC2:-1;BCL11B:-1;CDH23:+1;CRB2:+1;MEGF6:-1;NAPSB:-1;BCAP31:+1,False,0.6243602202785876
SIG_VDZ_ANDO7,T_UNIFI_REM_W8,GSE206285_UNIFI,26,ARMC2:-1;BCL11B:-1;CDH23:+1;CRB2:+1;MEGF6:-1;NAPSB:+1;BCAP31:-1,False,0.5862649821833495
SIG_VDZ_ANDO7,T_UNIFI_REM_W8,GSE206285_UNIFI,27,ARMC2:-1;BCL11B:-1;CDH23:+1;CRB2:+1;MEGF6:-1;NAPSB:+1;BCAP31:+1,False,0.6327826368642695
SIG_VDZ_ANDO7,T_UNIFI_REM_W8,GSE206285_UNIFI,28,ARMC2:-1;BCL11B:-1;CDH23:+1;CRB2:+1;MEGF6:+1;NAPSB:-1;BCAP31:-1,False,0.5824425008098477
SIG_VDZ_ANDO7,T_UNIFI_REM_W8,GSE206285_UNIFI,29,ARMC2:-1;BCL11B:-1;CDH23:+1;CRB2:+1;MEGF6:+1;NAPSB:-1;BCAP31:+1,False,0.6088759313249109
SIG_VDZ_ANDO7,T_UNIFI_REM_W8,GSE206285_UNIFI,30,ARMC2:-1;BCL11B:-1;CDH23:+1;CRB2:+1;MEGF6:+1;NAPSB:+1;BCAP31:-1,False,0.5476514415289926
SIG_VDZ_ANDO7,T_UNIFI_REM_W8,GSE206285_UNIFI,31,ARMC2:-1;BCL11B:-1;CDH23:+1;CRB2:+1;MEGF6:+1;NAPSB:+1;BCAP31:+1,False,0.5989633948817623
SIG_VDZ_ANDO7,T_UNIFI_REM_W8,GSE206285_UNIFI,32,ARMC2:-1;BCL11B:+1;CDH23:-1;CRB2:-1;MEGF6:-1;NAPSB:-1;BCAP31:-1,False,0.4680272108843538
SIG_VDZ_ANDO7,T_UNIFI_REM_W8,GSE206285_UNIFI,33,ARMC2:-1;BCL11B:+1;CDH23:-1;CRB2:-1;MEGF6:-1;NAPSB:-1;BCAP31:+1,False,0.5228377065111759
SIG_VDZ_ANDO7,T_UNIFI_REM_W8,GSE206285_UNIFI,34,ARMC2:-1;BCL11B:+1;CDH23:-1;CRB2:-1;MEGF6:-1;NAPSB:+1;BCAP31:-1,False,0.4551992225461613
SIG_VDZ_ANDO7,T_UNIFI_REM_W8,GSE206285_UNIFI,35,ARMC2:-1;BCL11B:+1;CDH23:-1;CRB2:-1;MEGF6:-1;NAPSB:+1;BCAP31:+1,False,0.4942014901198574
SIG_VDZ_ANDO7,T_UNIFI_REM_W8,GSE206285_UNIFI,36,ARMC2:-1;BCL11B:+1;CDH23:-1;CRB2:-1;MEGF6:+1;NAPSB:-1;BCAP31:-1,False,0.4496274700356333
SIG_VDZ_ANDO7,T_UNIFI_REM_W8,GSE206285_UNIFI,37,ARMC2:-1;BCL11B:+1;CDH23:-1;CRB2:-1;MEGF6:+1;NAPSB:-1;BCAP31:+1,False,0.508325234855847
SIG_VDZ_ANDO7,T_UNIFI_REM_W8,GSE206285_UNIFI,38,ARMC2:-1;BCL11B:+1;CDH23:-1;CRB2:-1;MEGF6:+1;NAPSB:+1;BCAP31:-1,False,0.42753482345319077
SIG_VDZ_ANDO7,T_UNIFI_REM_W8,GSE206285_UNIFI,39,ARMC2:-1;BCL11B:+1;CDH23:-1;CRB2:-1;MEGF6:+1;NAPSB:+1;BCAP31:+1,False,0.4547457078069323
SIG_VDZ_ANDO7,T_UNIFI_REM_W8,GSE206285_UNIFI,40,ARMC2:-1;BCL11B:+1;CDH23:-1;CRB2:+1;MEGF6:-1;NAPSB:-1;BCAP31:-1,False,0.49711694201490114
SIG_VDZ_ANDO7,T_UNIFI_REM_W8,GSE206285_UNIFI,41,ARMC2:-1;BCL11B:+1;CDH23:-1;CRB2:+1;MEGF6:-1;NAPSB:-1;BCAP31:+1,False,0.5516034985422741
SIG_VDZ_ANDO7,T_UNIFI_REM_W8,GSE206285_UNIFI,42,ARMC2:-1;BCL11B:+1;CDH23:-1;CRB2:+1;MEGF6:-1;NAPSB:+1;BCAP31:-1,False,0.4691933916423713
SIG_VDZ_ANDO7,T_UNIFI_REM_W8,GSE206285_UNIFI,43,ARMC2:-1;BCL11B:+1;CDH23:-1;CRB2:+1;MEGF6:-1;NAPSB:+1;BCAP31:+1,False,0.5127955944282475
SIG_VDZ_ANDO7,T_UNIFI_REM_W8,GSE206285_UNIFI,44,ARMC2:-1;BCL11B:+1;CDH23:-1;CRB2:+1;MEGF6:+1;NAPSB:-1;BCAP31:-1,False,0.4512471655328798
SIG_VDZ_ANDO7,T_UNIFI_REM_W8,GSE206285_UNIFI,45,ARMC2:-1;BCL11B:+1;CDH23:-1;CRB2:+1;MEGF6:+1;NAPSB:-1;BCAP31:+1,False,0.5273080660835763
SIG_VDZ_ANDO7,T_UNIFI_REM_W8,GSE206285_UNIFI,46,ARMC2:-1;BCL11B:+1;CDH23:-1;CRB2:+1;MEGF6:+1;NAPSB:+1;BCAP31:-1,False,0.42740524781341105
SIG_VDZ_ANDO7,T_UNIFI_REM_W8,GSE206285_UNIFI,47,ARMC2:-1;BCL11B:+1;CDH23:-1;CRB2:+1;MEGF6:+1;NAPSB:+1;BCAP31:+1,False,0.478134110787172
SIG_VDZ_ANDO7,T_UNIFI_REM_W8,GSE206285_UNIFI,48,ARMC2:-1;BCL11B:+1;CDH23:+1;CRB2:-1;MEGF6:-1;NAPSB:-1;BCAP31:-1,False,0.5257531584062196
SIG_VDZ_ANDO7,T_UNIFI_REM_W8,GSE206285_UNIFI,49,ARMC2:-1;BCL11B:+1;CDH23:+1;CRB2:-1;MEGF6:-1;NAPSB:-1;BCAP31:+1,False,0.5996112730806609
SIG_VDZ_ANDO7,T_UNIFI_REM_W8,GSE206285_UNIFI,50,ARMC2:-1;BCL11B:+1;CDH23:+1;CRB2:-1;MEGF6:-1;NAPSB:+1;BCAP31:-1,False,0.4915451895043732
SIG_VDZ_ANDO7,T_UNIFI_REM_W8,GSE206285_UNIFI,51,ARMC2:-1;BCL11B:+1;CDH23:+1;CRB2:-1;MEGF6:-1;NAPSB:+1;BCAP31:+1,False,0.5574344023323615
SIG_VDZ_ANDO7,T_UNIFI_REM_W8,GSE206285_UNIFI,52,ARMC2:-1;BCL11B:+1;CDH23:+1;CRB2:-1;MEGF6:+1;NAPSB:-1;BCAP31:-1,False,0.4903790087463557
SIG_VDZ_ANDO7,T_UNIFI_REM_W8,GSE206285_UNIFI,53,ARMC2:-1;BCL11B:+1;CDH23:+1;CRB2:-1;MEGF6:+1;NAPSB:-1;BCAP31:+1,False,0.5683187560738581
SIG_VDZ_ANDO7,T_UNIFI_REM_W8,GSE206285_UNIFI,54,ARMC2:-1;BCL11B:+1;CDH23:+1;CRB2:-1;MEGF6:+1;NAPSB:+1;BCAP31:-1,False,0.46757369614512473
SIG_VDZ_ANDO7,T_UNIFI_REM_W8,GSE206285_UNIFI,55,ARMC2:-1;BCL11B:+1;CDH23:+1;CRB2:-1;MEGF6:+1;NAPSB:+1;BCAP31:+1,False,0.5204405571752511
SIG_VDZ_ANDO7,T_UNIFI_REM_W8,GSE206285_UNIFI,56,ARMC2:-1;BCL11B:+1;CDH23:+1;CRB2:+1;MEGF6:-1;NAPSB:-1;BCAP31:-1,False,0.5554907677356657
SIG_VDZ_ANDO7,T_UNIFI_REM_W8,GSE206285_UNIFI,57,ARMC2:-1;BCL11B:+1;CDH23:+1;CRB2:+1;MEGF6:-1;NAPSB:-1;BCAP31:+1,False,0.5913184321347587
SIG_VDZ_ANDO7,T_UNIFI_REM_W8,GSE206285_UNIFI,58,ARMC2:-1;BCL11B:+1;CDH23:+1;CRB2:+1;MEGF6:-1;NAPSB:+1;BCAP31:-1,False,0.5226433430515063
SIG_VDZ_ANDO7,T_UNIFI_REM_W8,GSE206285_UNIFI,59,ARMC2:-1;BCL11B:+1;CDH23:+1;CRB2:+1;MEGF6:-1;NAPSB:+1;BCAP31:+1,False,0.5618399740848721
SIG_VDZ_ANDO7,T_UNIFI_REM_W8,GSE206285_UNIFI,60,ARMC2:-1;BCL11B:+1;CDH23:+1;CRB2:+1;MEGF6:+1;NAPSB:-1;BCAP31:-1,False,0.5259475218658892
SIG_VDZ_ANDO7,T_UNIFI_REM_W8,GSE206285_UNIFI,61,ARMC2:-1;BCL11B:+1;CDH23:+1;CRB2:+1;MEGF6:+1;NAPSB:-1;BCAP31:+1,False,0.5753158406219631
SIG_VDZ_ANDO7,T_UNIFI_REM_W8,GSE206285_UNIFI,62,ARMC2:-1;BCL11B:+1;CDH23:+1;CRB2:+1;MEGF6:+1;NAPSB:+1;BCAP31:-1,False,0.4899254940071266
SIG_VDZ_ANDO7,T_UNIFI_REM_W8,GSE206285_UNIFI,63,ARMC2:-1;BCL11B:+1;CDH23:+1;CRB2:+1;MEGF6:+1;NAPSB:+1;BCAP31:+1,False,0.5373501781665047
SIG_VDZ_ANDO7,T_UNIFI_REM_W8,GSE206285_UNIFI,64,ARMC2:+1;BCL11B:-1;CDH23:-1;CRB2:-1;MEGF6:-1;NAPSB:-1;BCAP31:-1,False,0.4626498218334953
SIG_VDZ_ANDO7,T_UNIFI_REM_W8,GSE206285_UNIFI,65,ARMC2:+1;BCL11B:-1;CDH23:-1;CRB2:-1;MEGF6:-1;NAPSB:-1;BCAP31:+1,False,0.5100745059928733
SIG_VDZ_ANDO7,T_UNIFI_REM_W8,GSE206285_UNIFI,66,ARMC2:+1;BCL11B:-1;CDH23:-1;CRB2:-1;MEGF6:-1;NAPSB:+1;BCAP31:-1,False,0.42468415937803694
SIG_VDZ_ANDO7,T_UNIFI_REM_W8,GSE206285_UNIFI,67,ARMC2:+1;BCL11B:-1;CDH23:-1;CRB2:-1;MEGF6:-1;NAPSB:+1;BCAP31:+1,False,0.47405247813411083
SIG_VDZ_ANDO7,T_UNIFI_REM_W8,GSE206285_UNIFI,68,ARMC2:+1;BCL11B:-1;CDH23:-1;CRB2:-1;MEGF6:+1;NAPSB:-1;BCAP31:-1,False,0.438160025915128
SIG_VDZ_ANDO7,T_UNIFI_REM_W8,GSE206285_UNIFI,69,ARMC2:+1;BCL11B:-1;CDH23:-1;CRB2:-1;MEGF6:+1;NAPSB:-1;BCAP31:+1,False,0.47735665694849366
SIG_VDZ_ANDO7,T_UNIFI_REM_W8,GSE206285_UNIFI,70,ARMC2:+1;BCL11B:-1;CDH23:-1;CRB2:-1;MEGF6:+1;NAPSB:+1;BCAP31:-1,False,0.40868156786524135
SIG_VDZ_ANDO7,T_UNIFI_REM_W8,GSE206285_UNIFI,71,ARMC2:+1;BCL11B:-1;CDH23:-1;CRB2:-1;MEGF6:+1;NAPSB:+1;BCAP31:+1,False,0.44450923226433425
SIG_VDZ_ANDO7,T_UNIFI_REM_W8,GSE206285_UNIFI,72,ARMC2:+1;BCL11B:-1;CDH23:-1;CRB2:+1;MEGF6:-1;NAPSB:-1;BCAP31:-1,False,0.479559442824749
SIG_VDZ_ANDO7,T_UNIFI_REM_W8,GSE206285_UNIFI,73,ARMC2:+1;BCL11B:-1;CDH23:-1;CRB2:+1;MEGF6:-1;NAPSB:-1;BCAP31:+1,False,0.5324263038548752
SIG_VDZ_ANDO7,T_UNIFI_REM_W8,GSE206285_UNIFI,74,ARMC2:+1;BCL11B:-1;CDH23:-1;CRB2:+1;MEGF6:-1;NAPSB:+1;BCAP31:-1,False,0.4316812439261419
SIG_VDZ_ANDO7,T_UNIFI_REM_W8,GSE206285_UNIFI,75,ARMC2:+1;BCL11B:-1;CDH23:-1;CRB2:+1;MEGF6:-1;NAPSB:+1;BCAP31:+1,False,0.5096209912536442
SIG_VDZ_ANDO7,T_UNIFI_REM_W8,GSE206285_UNIFI,76,ARMC2:+1;BCL11B:-1;CDH23:-1;CRB2:+1;MEGF6:+1;NAPSB:-1;BCAP31:-1,False,0.4425655976676385
SIG_VDZ_ANDO7,T_UNIFI_REM_W8,GSE206285_UNIFI,77,ARMC2:+1;BCL11B:-1;CDH23:-1;CRB2:+1;MEGF6:+1;NAPSB:-1;BCAP31:+1,False,0.5084548104956268
SIG_VDZ_ANDO7,T_UNIFI_REM_W8,GSE206285_UNIFI,78,ARMC2:+1;BCL11B:-1;CDH23:-1;CRB2:+1;MEGF6:+1;NAPSB:+1;BCAP31:-1,False,0.40038872691933913
SIG_VDZ_ANDO7,T_UNIFI_REM_W8,GSE206285_UNIFI,79,ARMC2:+1;BCL11B:-1;CDH23:-1;CRB2:+1;MEGF6:+1;NAPSB:+1;BCAP31:+1,False,0.4742468415937804
SIG_VDZ_ANDO7,T_UNIFI_REM_W8,GSE206285_UNIFI,80,ARMC2:+1;BCL11B:-1;CDH23:+1;CRB2:-1;MEGF6:-1;NAPSB:-1;BCAP31:-1,False,0.5218658892128281
SIG_VDZ_ANDO7,T_UNIFI_REM_W8,GSE206285_UNIFI,81,ARMC2:+1;BCL11B:-1;CDH23:+1;CRB2:-1;MEGF6:-1;NAPSB:-1;BCAP31:+1,False,0.5725947521865888
SIG_VDZ_ANDO7,T_UNIFI_REM_W8,GSE206285_UNIFI,82,ARMC2:+1;BCL11B:-1;CDH23:+1;CRB2:-1;MEGF6:-1;NAPSB:+1;BCAP31:-1,False,0.4726919339164237
SIG_VDZ_ANDO7,T_UNIFI_REM_W8,GSE206285_UNIFI,83,ARMC2:+1;BCL11B:-1;CDH23:+1;CRB2:-1;MEGF6:-1;NAPSB:+1;BCAP31:+1,False,0.5487528344671202
SIG_VDZ_ANDO7,T_UNIFI_REM_W8,GSE206285_UNIFI,84,ARMC2:+1;BCL11B:-1;CDH23:+1;CRB2:-1;MEGF6:+1;NAPSB:-1;BCAP31:-1,False,0.4872044055717525
SIG_VDZ_ANDO7,T_UNIFI_REM_W8,GSE206285_UNIFI,85,ARMC2:+1;BCL11B:-1;CDH23:+1;CRB2:-1;MEGF6:+1;NAPSB:-1;BCAP31:+1,False,0.5308066083576288
SIG_VDZ_ANDO7,T_UNIFI_REM_W8,GSE206285_UNIFI,86,ARMC2:+1;BCL11B:-1;CDH23:+1;CRB2:-1;MEGF6:+1;NAPSB:+1;BCAP31:-1,False,0.44839650145772597
SIG_VDZ_ANDO7,T_UNIFI_REM_W8,GSE206285_UNIFI,87,ARMC2:+1;BCL11B:-1;CDH23:+1;CRB2:-1;MEGF6:+1;NAPSB:+1;BCAP31:+1,False,0.5028830579850988
SIG_VDZ_ANDO7,T_UNIFI_REM_W8,GSE206285_UNIFI,88,ARMC2:+1;BCL11B:-1;CDH23:+1;CRB2:+1;MEGF6:-1;NAPSB:-1;BCAP31:-1,False,0.5452542921930678
SIG_VDZ_ANDO7,T_UNIFI_REM_W8,GSE206285_UNIFI,89,ARMC2:+1;BCL11B:-1;CDH23:+1;CRB2:+1;MEGF6:-1;NAPSB:-1;BCAP31:+1,False,0.5724651765468092
SIG_VDZ_ANDO7,T_UNIFI_REM_W8,GSE206285_UNIFI,90,ARMC2:+1;BCL11B:-1;CDH23:+1;CRB2:+1;MEGF6:-1;NAPSB:+1;BCAP31:-1,False,0.49167476514415287
SIG_VDZ_ANDO7,T_UNIFI_REM_W8,GSE206285_UNIFI,91,ARMC2:+1;BCL11B:-1;CDH23:+1;CRB2:+1;MEGF6:-1;NAPSB:+1;BCAP31:+1,False,0.5503725299643667
SIG_VDZ_ANDO7,T_UNIFI_REM_W8,GSE206285_UNIFI,92,ARMC2:+1;BCL11B:-1;CDH23:+1;CRB2:+1;MEGF6:+1;NAPSB:-1;BCAP31:-1,False,0.5057985098801425
SIG_VDZ_ANDO7,T_UNIFI_REM_W8,GSE206285_UNIFI,93,ARMC2:+1;BCL11B:-1;CDH23:+1;CRB2:+1;MEGF6:+1;NAPSB:-1;BCAP31:+1,False,0.5448007774538387
SIG_VDZ_ANDO7,T_UNIFI_REM_W8,GSE206285_UNIFI,94,ARMC2:+1;BCL11B:-1;CDH23:+1;CRB2:+1;MEGF6:+1;NAPSB:+1;BCAP31:-1,False,0.4771622934888241
SIG_VDZ_ANDO7,T_UNIFI_REM_W8,GSE206285_UNIFI,95,ARMC2:+1;BCL11B:-1;CDH23:+1;CRB2:+1;MEGF6:+1;NAPSB:+1;BCAP31:+1,False,0.5319727891156463
SIG_VDZ_ANDO7,T_UNIFI_REM_W8,GSE206285_UNIFI,96,ARMC2:+1;BCL11B:+1;CDH23:-1;CRB2:-1;MEGF6:-1;NAPSB:-1;BCAP31:-1,False,0.40103660511823774
SIG_VDZ_ANDO7,T_UNIFI_REM_W8,GSE206285_UNIFI,97,ARMC2:+1;BCL11B:+1;CDH23:-1;CRB2:-1;MEGF6:-1;NAPSB:-1;BCAP31:+1,False,0.45234855847100747
SIG_VDZ_ANDO7,T_UNIFI_REM_W8,GSE206285_UNIFI,98,ARMC2:+1;BCL11B:+1;CDH23:-1;CRB2:-1;MEGF6:-1;NAPSB:+1;BCAP31:-1,False,0.3911240686750891
SIG_VDZ_ANDO7,T_UNIFI_REM_W8,GSE206285_UNIFI,99,ARMC2:+1;BCL11B:+1;CDH23:-1;CRB2:-1;MEGF6:-1;NAPSB:+1;BCAP31:+1,False,0.4175574991901523
SIG_VDZ_ANDO7,T_UNIFI_REM_W8,GSE206285_UNIFI,100,ARMC2:+1;BCL11B:+1;CDH23:-1;CRB2:-1;MEGF6:+1;NAPSB:-1;BCAP31:-1,False,0.3672173631357305
SIG_VDZ_ANDO7,T_UNIFI_REM_W8,GSE206285_UNIFI,101,ARMC2:+1;BCL11B:+1;CDH23:-1;CRB2:-1;MEGF6:+1;NAPSB:-1;BCAP31:+1,False,0.41373501781665045
SIG_VDZ_ANDO7,T_UNIFI_REM_W8,GSE206285_UNIFI,102,ARMC2:+1;BCL11B:+1;CDH23:-1;CRB2:-1;MEGF6:+1;NAPSB:+1;BCAP31:-1,False,0.3756397797214124
SIG_VDZ_ANDO7,T_UNIFI_REM_W8,GSE206285_UNIFI,103,ARMC2:+1;BCL11B:+1;CDH23:-1;CRB2:-1;MEGF6:+1;NAPSB:+1;BCAP31:+1,False,0.4095885973436994
SIG_VDZ_ANDO7,T_UNIFI_REM_W8,GSE206285_UNIFI,104,ARMC2:+1;BCL11B:+1;CDH23:-1;CRB2:+1;MEGF6:-1;NAPSB:-1;BCAP31:-1,False,0.4226109491415614
SIG_VDZ_ANDO7,T_UNIFI_REM_W8,GSE206285_UNIFI,105,ARMC2:+1;BCL11B:+1;CDH23:-1;CRB2:+1;MEGF6:-1;NAPSB:-1;BCAP31:+1,False,0.4732102364755426
SIG_VDZ_ANDO7,T_UNIFI_REM_W8,GSE206285_UNIFI,106,ARMC2:+1;BCL11B:+1;CDH23:-1;CRB2:+1;MEGF6:-1;NAPSB:+1;BCAP31:-1,False,0.38853255587949465
SIG_VDZ_ANDO7,T_UNIFI_REM_W8,GSE206285_UNIFI,107,ARMC2:+1;BCL11B:+1;CDH23:-1;CRB2:+1;MEGF6:-1;NAPSB:+1;BCAP31:+1,False,0.4323291221250405
SIG_VDZ_ANDO7,T_UNIFI_REM_W8,GSE206285_UNIFI,108,ARMC2:+1;BCL11B:+1;CDH23:-1;CRB2:+1;MEGF6:+1;NAPSB:-1;BCAP31:-1,False,0.36967930029154517
SIG_VDZ_ANDO7,T_UNIFI_REM_W8,GSE206285_UNIFI,109,ARMC2:+1;BCL11B:+1;CDH23:-1;CRB2:+1;MEGF6:+1;NAPSB:-1;BCAP31:+1,False,0.44528668610301264
SIG_VDZ_ANDO7,T_UNIFI_REM_W8,GSE206285_UNIFI,110,ARMC2:+1;BCL11B:+1;CDH23:-1;CRB2:+1;MEGF6:+1;NAPSB:+1;BCAP31:-1,False,0.3830903790087463
SIG_VDZ_ANDO7,T_UNIFI_REM_W8,GSE206285_UNIFI,111,ARMC2:+1;BCL11B:+1;CDH23:-1;CRB2:+1;MEGF6:+1;NAPSB:+1;BCAP31:+1,False,0.4349854227405248
SIG_VDZ_ANDO7,T_UNIFI_REM_W8,GSE206285_UNIFI,112,ARMC2:+1;BCL11B:+1;CDH23:+1;CRB2:-1;MEGF6:-1;NAPSB:-1;BCAP31:-1,False,0.42850664075153866
SIG_VDZ_ANDO7,T_UNIFI_REM_W8,GSE206285_UNIFI,113,ARMC2:+1;BCL11B:+1;CDH23:+1;CRB2:-1;MEGF6:-1;NAPSB:-1;BCAP31:+1,False,0.5321023647554259
SIG_VDZ_ANDO7,T_UNIFI_REM_W8,GSE206285_UNIFI,114,ARMC2:+1;BCL11B:+1;CDH23:+1;CRB2:-1;MEGF6:-1;NAPSB:+1;BCAP31:-1,False,0.4222222222222222
SIG_VDZ_ANDO7,T_UNIFI_REM_W8,GSE206285_UNIFI,115,ARMC2:+1;BCL11B:+1;CDH23:+1;CRB2:-1;MEGF6:-1;NAPSB:+1;BCAP31:+1,False,0.49951409135082603
SIG_VDZ_ANDO7,T_UNIFI_REM_W8,GSE206285_UNIFI,116,ARMC2:+1;BCL11B:+1;CDH23:+1;CRB2:-1;MEGF6:+1;NAPSB:-1;BCAP31:-1,False,0.4094590217039197
SIG_VDZ_ANDO7,T_UNIFI_REM_W8,GSE206285_UNIFI,117,ARMC2:+1;BCL11B:+1;CDH23:+1;CRB2:-1;MEGF6:+1;NAPSB:-1;BCAP31:+1,False,0.4932944606413995
SIG_VDZ_ANDO7,T_UNIFI_REM_W8,GSE206285_UNIFI,118,ARMC2:+1;BCL11B:+1;CDH23:+1;CRB2:-1;MEGF6:+1;NAPSB:+1;BCAP31:-1,False,0.42254616132167155
SIG_VDZ_ANDO7,T_UNIFI_REM_W8,GSE206285_UNIFI,119,ARMC2:+1;BCL11B:+1;CDH23:+1;CRB2:-1;MEGF6:+1;NAPSB:+1;BCAP31:+1,False,0.47917071590540977
SIG_VDZ_ANDO7,T_UNIFI_REM_W8,GSE206285_UNIFI,120,ARMC2:+1;BCL11B:+1;CDH23:+1;CRB2:+1;MEGF6:-1;NAPSB:-1;BCAP31:-1,False,0.4605766115970198
SIG_VDZ_ANDO7,T_UNIFI_REM_W8,GSE206285_UNIFI,121,ARMC2:+1;BCL11B:+1;CDH23:+1;CRB2:+1;MEGF6:-1;NAPSB:-1;BCAP31:+1,False,0.5291869128603822
SIG_VDZ_ANDO7,T_UNIFI_REM_W8,GSE206285_UNIFI,122,ARMC2:+1;BCL11B:+1;CDH23:+1;CRB2:+1;MEGF6:-1;NAPSB:+1;BCAP31:-1,False,0.45176546809199875
SIG_VDZ_ANDO7,T_UNIFI_REM_W8,GSE206285_UNIFI,123,ARMC2:+1;BCL11B:+1;CDH23:+1;CRB2:+1;MEGF6:-1;NAPSB:+1;BCAP31:+1,False,0.515322319403952
SIG_VDZ_ANDO7,T_UNIFI_REM_W8,GSE206285_UNIFI,124,ARMC2:+1;BCL11B:+1;CDH23:+1;CRB2:+1;MEGF6:+1;NAPSB:-1;BCAP31:-1,False,0.4489795918367347
SIG_VDZ_ANDO7,T_UNIFI_REM_W8,GSE206285_UNIFI,125,ARMC2:+1;BCL11B:+1;CDH23:+1;CRB2:+1;MEGF6:+1;NAPSB:-1;BCAP31:+1,False,0.5140265630061549
SIG_VDZ_ANDO7,T_UNIFI_REM_W8,GSE206285_UNIFI,126,ARMC2:+1;BCL11B:+1;CDH23:+1;CRB2:+1;MEGF6:+1;NAPSB:+1;BCAP31:-1,True,0.4498218334953029
SIG_VDZ_ANDO7,T_UNIFI_REM_W8,GSE206285_UNIFI,127,ARMC2:+1;BCL11B:+1;CDH23:+1;CRB2:+1;MEGF6:+1;NAPSB:+1;BCAP31:+1,False,0.5031422092646582
SIG_VDZ_ANDO7,T_UNITI2_CR_W8,GSE112366_UNITI2_ILEUM,0,ARMC2:-1;BCL11B:-1;CDH23:-1;CRB2:-1;MEGF6:-1;NAPSB:-1;BCAP31:-1,False,0.4884868421052632
SIG_VDZ_ANDO7,T_UNITI2_CR_W8,GSE112366_UNITI2_ILEUM,1,ARMC2:-1;BCL11B:-1;CDH23:-1;CRB2:-1;MEGF6:-1;NAPSB:-1;BCAP31:+1,False,0.5400219298245614
SIG_VDZ_ANDO7,T_UNITI2_CR_W8,GSE112366_UNITI2_ILEUM,2,ARMC2:-1;BCL11B:-1;CDH23:-1;CRB2:-1;MEGF6:-1;NAPSB:+1;BCAP31:-1,False,0.46600877192982454
SIG_VDZ_ANDO7,T_UNITI2_CR_W8,GSE112366_UNITI2_ILEUM,3,ARMC2:-1;BCL11B:-1;CDH23:-1;CRB2:-1;MEGF6:-1;NAPSB:+1;BCAP31:+1,False,0.5367324561403509
SIG_VDZ_ANDO7,T_UNITI2_CR_W8,GSE112366_UNITI2_ILEUM,4,ARMC2:-1;BCL11B:-1;CDH23:-1;CRB2:-1;MEGF6:+1;NAPSB:-1;BCAP31:-1,False,0.4358552631578947
SIG_VDZ_ANDO7,T_UNITI2_CR_W8,GSE112366_UNITI2_ILEUM,5,ARMC2:-1;BCL11B:-1;CDH23:-1;CRB2:-1;MEGF6:+1;NAPSB:-1;BCAP31:+1,False,0.5191885964912281
SIG_VDZ_ANDO7,T_UNITI2_CR_W8,GSE112366_UNITI2_ILEUM,6,ARMC2:-1;BCL11B:-1;CDH23:-1;CRB2:-1;MEGF6:+1;NAPSB:+1;BCAP31:-1,False,0.4298245614035088
SIG_VDZ_ANDO7,T_UNITI2_CR_W8,GSE112366_UNITI2_ILEUM,7,ARMC2:-1;BCL11B:-1;CDH23:-1;CRB2:-1;MEGF6:+1;NAPSB:+1;BCAP31:+1,False,0.5071271929824561
SIG_VDZ_ANDO7,T_UNITI2_CR_W8,GSE112366_UNITI2_ILEUM,8,ARMC2:-1;BCL11B:-1;CDH23:-1;CRB2:+1;MEGF6:-1;NAPSB:-1;BCAP31:-1,False,0.5109649122807018
SIG_VDZ_ANDO7,T_UNITI2_CR_W8,GSE112366_UNITI2_ILEUM,9,ARMC2:-1;BCL11B:-1;CDH23:-1;CRB2:+1;MEGF6:-1;NAPSB:-1;BCAP31:+1,False,0.5652412280701754
SIG_VDZ_ANDO7,T_UNITI2_CR_W8,GSE112366_UNITI2_ILEUM,10,ARMC2:-1;BCL11B:-1;CDH23:-1;CRB2:+1;MEGF6:-1;NAPSB:+1;BCAP31:-1,False,0.5
SIG_VDZ_ANDO7,T_UNITI2_CR_W8,GSE112366_UNITI2_ILEUM,11,ARMC2:-1;BCL11B:-1;CDH23:-1;CRB2:+1;MEGF6:-1;NAPSB:+1;BCAP31:+1,False,0.5531798245614035
SIG_VDZ_ANDO7,T_UNITI2_CR_W8,GSE112366_UNITI2_ILEUM,12,ARMC2:-1;BCL11B:-1;CDH23:-1;CRB2:+1;MEGF6:+1;NAPSB:-1;BCAP31:-1,False,0.5038377192982456
SIG_VDZ_ANDO7,T_UNITI2_CR_W8,GSE112366_UNITI2_ILEUM,13,ARMC2:-1;BCL11B:-1;CDH23:-1;CRB2:+1;MEGF6:+1;NAPSB:-1;BCAP31:+1,False,0.5476973684210527
SIG_VDZ_ANDO7,T_UNITI2_CR_W8,GSE112366_UNITI2_ILEUM,14,ARMC2:-1;BCL11B:-1;CDH23:-1;CRB2:+1;MEGF6:+1;NAPSB:+1;BCAP31:-1,False,0.4764254385964912
SIG_VDZ_ANDO7,T_UNITI2_CR_W8,GSE112366_UNITI2_ILEUM,15,ARMC2:-1;BCL11B:-1;CDH23:-1;CRB2:+1;MEGF6:+1;NAPSB:+1;BCAP31:+1,False,0.5597587719298246
SIG_VDZ_ANDO7,T_UNITI2_CR_W8,GSE112366_UNITI2_ILEUM,16,ARMC2:-1;BCL11B:-1;CDH23:+1;CRB2:-1;MEGF6:-1;NAPSB:-1;BCAP31:-1,False,0.44078947368421056
SIG_VDZ_ANDO7,T_UNITI2_CR_W8,GSE112366_UNITI2_ILEUM,17,ARMC2:-1;BCL11B:-1;CDH23:+1;CRB2:-1;MEGF6:-1;NAPSB:-1;BCAP31:+1,False,0.5153508771929824
SIG_VDZ_ANDO7,T_UNITI2_CR_W8,GSE112366_UNITI2_ILEUM,18,ARMC2:-1;BCL11B:-1;CDH23:+1;CRB2:-1;MEGF6:-1;NAPSB:+1;BCAP31:-1,False,0.42105263157894735
SIG_VDZ_ANDO7,T_UNITI2_CR_W8,GSE112366_UNITI2_ILEUM,19,ARMC2:-1;BCL11B:-1;CDH23:+1;CRB2:-1;MEGF6:-1;NAPSB:+1;BCAP31:+1,False,0.5158991228070176
SIG_VDZ_ANDO7,T_UNITI2_CR_W8,GSE112366_UNITI2_ILEUM,20,ARMC2:-1;BCL11B:-1;CDH23:+1;CRB2:-1;MEGF6:+1;NAPSB:-1;BCAP31:-1,False,0.40460526315789475
SIG_VDZ_ANDO7,T_UNITI2_CR_W8,GSE112366_UNITI2_ILEUM,21,ARMC2:-1;BCL11B:-1;CDH23:+1;CRB2:-1;MEGF6:+1;NAPSB:-1;BCAP31:+1,False,0.5010964912280702
SIG_VDZ_ANDO7,T_UNITI2_CR_W8,GSE112366_UNITI2_ILEUM,22,ARMC2:-1;BCL11B:-1;CDH23:+1;CRB2:-1;MEGF6:+1;NAPSB:+1;BCAP31:-1,False,0.4067982456140351
SIG_VDZ_ANDO7,T_UNITI2_CR_W8,GSE112366_UNITI2_ILEUM,23,ARMC2:-1;BCL11B:-1;CDH23:+1;CRB2:-1;MEGF6:+1;NAPSB:+1;BCAP31:+1,False,0.4906798245614035
SIG_VDZ_ANDO7,T_UNITI2_CR_W8,GSE112366_UNITI2_ILEUM,24,ARMC2:-1;BCL11B:-1;CDH23:+1;CRB2:+1;MEGF6:-1;NAPSB:-1;BCAP31:-1,False,0.4928728070175439
SIG_VDZ_ANDO7,T_UNITI2_CR_W8,GSE112366_UNITI2_ILEUM,25,ARMC2:-1;BCL11B:-1;CDH23:+1;CRB2:+1;MEGF6:-1;NAPSB:-1;BCAP31:+1,False,0.5509868421052633
SIG_VDZ_ANDO7,T_UNITI2_CR_W8,GSE112366_UNITI2_ILEUM,26,ARMC2:-1;BCL11B:-1;CDH23:+1;CRB2:+1;MEGF6:-1;NAPSB:+1;BCAP31:-1,False,0.456140350877193
SIG_VDZ_ANDO7,T_UNITI2_CR_W8,GSE112366_UNITI2_ILEUM,27,ARMC2:-1;BCL11B:-1;CDH23:+1;CRB2:+1;MEGF6:-1;NAPSB:+1;BCAP31:+1,False,0.5515350877192983
SIG_VDZ_ANDO7,T_UNITI2_CR_W8,GSE112366_UNITI2_ILEUM,28,ARMC2:-1;BCL11B:-1;CDH23:+1;CRB2:+1;MEGF6:+1;NAPSB:-1;BCAP31:-1,False,0.4616228070175438
SIG_VDZ_ANDO7,T_UNITI2_CR_W8,GSE112366_UNITI2_ILEUM,29,ARMC2:-1;BCL11B:-1;CDH23:+1;CRB2:+1;MEGF6:+1;NAPSB:-1;BCAP31:+1,False,0.5109649122807017
SIG_VDZ_ANDO7,T_UNITI2_CR_W8,GSE112366_UNITI2_ILEUM,30,ARMC2:-1;BCL11B:-1;CDH23:+1;CRB2:+1;MEGF6:+1;NAPSB:+1;BCAP31:-1,False,0.46052631578947373
SIG_VDZ_ANDO7,T_UNITI2_CR_W8,GSE112366_UNITI2_ILEUM,31,ARMC2:-1;BCL11B:-1;CDH23:+1;CRB2:+1;MEGF6:+1;NAPSB:+1;BCAP31:+1,False,0.5394736842105263
SIG_VDZ_ANDO7,T_UNITI2_CR_W8,GSE112366_UNITI2_ILEUM,32,ARMC2:-1;BCL11B:+1;CDH23:-1;CRB2:-1;MEGF6:-1;NAPSB:-1;BCAP31:-1,False,0.49616228070175444
SIG_VDZ_ANDO7,T_UNITI2_CR_W8,GSE112366_UNITI2_ILEUM,33,ARMC2:-1;BCL11B:+1;CDH23:-1;CRB2:-1;MEGF6:-1;NAPSB:-1;BCAP31:+1,False,0.5789473684210527
SIG_VDZ_ANDO7,T_UNITI2_CR_W8,GSE112366_UNITI2_ILEUM,34,ARMC2:-1;BCL11B:+1;CDH23:-1;CRB2:-1;MEGF6:-1;NAPSB:+1;BCAP31:-1,False,0.5054824561403508
SIG_VDZ_ANDO7,T_UNITI2_CR_W8,GSE112366_UNITI2_ILEUM,35,ARMC2:-1;BCL11B:+1;CDH23:-1;CRB2:-1;MEGF6:-1;NAPSB:+1;BCAP31:+1,False,0.5646929824561404
SIG_VDZ_ANDO7,T_UNITI2_CR_W8,GSE112366_UNITI2_ILEUM,36,ARMC2:-1;BCL11B:+1;CDH23:-1;CRB2:-1;MEGF6:+1;NAPSB:-1;BCAP31:-1,False,0.5021929824561403
SIG_VDZ_ANDO7,T_UNITI2_CR_W8,GSE112366_UNITI2_ILEUM,37,ARMC2:-1;BCL11B:+1;CDH23:-1;CRB2:-1;MEGF6:+1;NAPSB:-1;BCAP31:+1,False,0.5685307017543859
SIG_VDZ_ANDO7,T_UNITI2_CR_W8,GSE112366_UNITI2_ILEUM,38,ARMC2:-1;BCL11B:+1;CDH23:-1;CRB2:-1;MEGF6:+1;NAPSB:+1;BCAP31:-1,False,0.5027412280701755
SIG_VDZ_ANDO7,T_UNITI2_CR_W8,GSE112366_UNITI2_ILEUM,39,ARMC2:-1;BCL11B:+1;CDH23:-1;CRB2:-1;MEGF6:+1;NAPSB:+1;BCAP31:+1,False,0.5641447368421052
SIG_VDZ_ANDO7,T_UNITI2_CR_W8,GSE112366_UNITI2_ILEUM,40,ARMC2:-1;BCL11B:+1;CDH23:-1;CRB2:+1;MEGF6:-1;NAPSB:-1;BCAP31:-1,False,0.5049342105263158
SIG_VDZ_ANDO7,T_UNITI2_CR_W8,GSE112366_UNITI2_ILEUM,41,ARMC2:-1;BCL11B:+1;CDH23:-1;CRB2:+1;MEGF6:-1;NAPSB:-1;BCAP31:+1,False,0.5948464912280702
SIG_VDZ_ANDO7,T_UNITI2_CR_W8,GSE112366_UNITI2_ILEUM,42,ARMC2:-1;BCL11B:+1;CDH23:-1;CRB2:+1;MEGF6:-1;NAPSB:+1;BCAP31:-1,False,0.5109649122807017
SIG_VDZ_ANDO7,T_UNITI2_CR_W8,GSE112366_UNITI2_ILEUM,43,ARMC2:-1;BCL11B:+1;CDH23:-1;CRB2:+1;MEGF6:-1;NAPSB:+1;BCAP31:+1,False,0.5668859649122807
SIG_VDZ_ANDO7,T_UNITI2_CR_W8,GSE112366_UNITI2_ILEUM,44,ARMC2:-1;BCL11B:+1;CDH23:-1;CRB2:+1;MEGF6:+1;NAPSB:-1;BCAP31:-1,False,0.5158991228070176
SIG_VDZ_ANDO7,T_UNITI2_CR_W8,GSE112366_UNITI2_ILEUM,45,ARMC2:-1;BCL11B:+1;CDH23:-1;CRB2:+1;MEGF6:+1;NAPSB:-1;BCAP31:+1,False,0.5981359649122807
SIG_VDZ_ANDO7,T_UNITI2_CR_W8,GSE112366_UNITI2_ILEUM,46,ARMC2:-1;BCL11B:+1;CDH23:-1;CRB2:+1;MEGF6:+1;NAPSB:+1;BCAP31:-1,False,0.5317982456140351
SIG_VDZ_ANDO7,T_UNITI2_CR_W8,GSE112366_UNITI2_ILEUM,47,ARMC2:-1;BCL11B:+1;CDH23:-1;CRB2:+1;MEGF6:+1;NAPSB:+1;BCAP31:+1,False,0.5926535087719298
SIG_VDZ_ANDO7,T_UNITI2_CR_W8,GSE112366_UNITI2_ILEUM,48,ARMC2:-1;BCL11B:+1;CDH23:+1;CRB2:-1;MEGF6:-1;NAPSB:-1;BCAP31:-1,False,0.4906798245614035
SIG_VDZ_ANDO7,T_UNITI2_CR_W8,GSE112366_UNITI2_ILEUM,49,ARMC2:-1;BCL11B:+1;CDH23:+1;CRB2:-1;MEGF6:-1;NAPSB:-1;BCAP31:+1,False,0.5603070175438597
SIG_VDZ_ANDO7,T_UNITI2_CR_W8,GSE112366_UNITI2_ILEUM,50,ARMC2:-1;BCL11B:+1;CDH23:+1;CRB2:-1;MEGF6:-1;NAPSB:+1;BCAP31:-1,False,0.4868421052631579
SIG_VDZ_ANDO7,T_UNITI2_CR_W8,GSE112366_UNITI2_ILEUM,51,ARMC2:-1;BCL11B:+1;CDH23:+1;CRB2:-1;MEGF6:-1;NAPSB:+1;BCAP31:+1,False,0.5586622807017543
SIG_VDZ_ANDO7,T_UNITI2_CR_W8,GSE112366_UNITI2_ILEUM,52,ARMC2:-1;BCL11B:+1;CDH23:+1;CRB2:-1;MEGF6:+1;NAPSB:-1;BCAP31:-1,False,0.46052631578947373
SIG_VDZ_ANDO7,T_UNITI2_CR_W8,GSE112366_UNITI2_ILEUM,53,ARMC2:-1;BCL11B:+1;CDH23:+1;CRB2:-1;MEGF6:+1;NAPSB:-1;BCAP31:+1,False,0.5257675438596491
SIG_VDZ_ANDO7,T_UNITI2_CR_W8,GSE112366_UNITI2_ILEUM,54,ARMC2:-1;BCL11B:+1;CDH23:+1;CRB2:-1;MEGF6:+1;NAPSB:+1;BCAP31:-1,False,0.45559210526315785
SIG_VDZ_ANDO7,T_UNITI2_CR_W8,GSE112366_UNITI2_ILEUM,55,ARMC2:-1;BCL11B:+1;CDH23:+1;CRB2:-1;MEGF6:+1;NAPSB:+1;BCAP31:+1,False,0.5263157894736842
SIG_VDZ_ANDO7,T_UNITI2_CR_W8,GSE112366_UNITI2_ILEUM,56,ARMC2:-1;BCL11B:+1;CDH23:+1;CRB2:+1;MEGF6:-1;NAPSB:-1;BCAP31:-1,False,0.49890350877192985
SIG_VDZ_ANDO7,T_UNITI2_CR_W8,GSE112366_UNITI2_ILEUM,57,ARMC2:-1;BCL11B:+1;CDH23:+1;CRB2:+1;MEGF6:-1;NAPSB:-1;BCAP31:+1,False,0.5773026315789475
SIG_VDZ_ANDO7,T_UNITI2_CR_W8,GSE112366_UNITI2_ILEUM,58,ARMC2:-1;BCL11B:+1;CDH23:+1;CRB2:+1;MEGF6:-1;NAPSB:+1;BCAP31:-1,False,0.5054824561403509
SIG_VDZ_ANDO7,T_UNITI2_CR_W8,GSE112366_UNITI2_ILEUM,59,ARMC2:-1;BCL11B:+1;CDH23:+1;CRB2:+1;MEGF6:-1;NAPSB:+1;BCAP31:+1,False,0.5564692982456141
SIG_VDZ_ANDO7,T_UNITI2_CR_W8,GSE112366_UNITI2_ILEUM,60,ARMC2:-1;BCL11B:+1;CDH23:+1;CRB2:+1;MEGF6:+1;NAPSB:-1;BCAP31:-1,False,0.4978070175438597
SIG_VDZ_ANDO7,T_UNITI2_CR_W8,GSE112366_UNITI2_ILEUM,61,ARMC2:-1;BCL11B:+1;CDH23:+1;CRB2:+1;MEGF6:+1;NAPSB:-1;BCAP31:+1,False,0.5718201754385965
SIG_VDZ_ANDO7,T_UNITI2_CR_W8,GSE112366_UNITI2_ILEUM,62,ARMC2:-1;BCL11B:+1;CDH23:+1;CRB2:+1;MEGF6:+1;NAPSB:+1;BCAP31:-1,False,0.49671052631578944
SIG_VDZ_ANDO7,T_UNITI2_CR_W8,GSE112366_UNITI2_ILEUM,63,ARMC2:-1;BCL11B:+1;CDH23:+1;CRB2:+1;MEGF6:+1;NAPSB:+1;BCAP31:+1,False,0.5592105263157895
SIG_VDZ_ANDO7,T_UNITI2_CR_W8,GSE112366_UNITI2_ILEUM,64,ARMC2:+1;BCL11B:-1;CDH23:-1;CRB2:-1;MEGF6:-1;NAPSB:-1;BCAP31:-1,False,0.4407894736842105
SIG_VDZ_ANDO7,T_UNITI2_CR_W8,GSE112366_UNITI2_ILEUM,65,ARMC2:+1;BCL11B:-1;CDH23:-1;CRB2:-1;MEGF6:-1;NAPSB:-1;BCAP31:+1,False,0.5032894736842105
SIG_VDZ_ANDO7,T_UNITI2_CR_W8,GSE112366_UNITI2_ILEUM,66,ARMC2:+1;BCL11B:-1;CDH23:-1;CRB2:-1;MEGF6:-1;NAPSB:+1;BCAP31:-1,False,0.4281798245614035
SIG_VDZ_ANDO7,T_UNITI2_CR_W8,GSE112366_UNITI2_ILEUM,67,ARMC2:+1;BCL11B:-1;CDH23:-1;CRB2:-1;MEGF6:-1;NAPSB:+1;BCAP31:+1,False,0.5021929824561404
SIG_VDZ_ANDO7,T_UNITI2_CR_W8,GSE112366_UNITI2_ILEUM,68,ARMC2:+1;BCL11B:-1;CDH23:-1;CRB2:-1;MEGF6:+1;NAPSB:-1;BCAP31:-1,False,0.44353070175438597
SIG_VDZ_ANDO7,T_UNITI2_CR_W8,GSE112366_UNITI2_ILEUM,69,ARMC2:+1;BCL11B:-1;CDH23:-1;CRB2:-1;MEGF6:+1;NAPSB:-1;BCAP31:+1,False,0.4945175438596491
SIG_VDZ_ANDO7,T_UNITI2_CR_W8,GSE112366_UNITI2_ILEUM,70,ARMC2:+1;BCL11B:-1;CDH23:-1;CRB2:-1;MEGF6:+1;NAPSB:+1;BCAP31:-1,False,0.42269736842105265
SIG_VDZ_ANDO7,T_UNITI2_CR_W8,GSE112366_UNITI2_ILEUM,71,ARMC2:+1;BCL11B:-1;CDH23:-1;CRB2:-1;MEGF6:+1;NAPSB:+1;BCAP31:+1,False,0.5010964912280702
SIG_VDZ_ANDO7,T_UNITI2_CR_W8,GSE112366_UNITI2_ILEUM,72,ARMC2:+1;BCL11B:-1;CDH23:-1;CRB2:+1;MEGF6:-1;NAPSB:-1;BCAP31:-1,False,0.4736842105263158
SIG_VDZ_ANDO7,T_UNITI2_CR_W8,GSE112366_UNITI2_ILEUM,73,ARMC2:+1;BCL11B:-1;CDH23:-1;CRB2:+1;MEGF6:-1;NAPSB:-1;BCAP31:+1,False,0.5444078947368421
SIG_VDZ_ANDO7,T_UNITI2_CR_W8,GSE112366_UNITI2_ILEUM,74,ARMC2:+1;BCL11B:-1;CDH23:-1;CRB2:+1;MEGF6:-1;NAPSB:+1;BCAP31:-1,False,0.4742324561403509
SIG_VDZ_ANDO7,T_UNITI2_CR_W8,GSE112366_UNITI2_ILEUM,75,ARMC2:+1;BCL11B:-1;CDH23:-1;CRB2:+1;MEGF6:-1;NAPSB:+1;BCAP31:+1,False,0.5394736842105263
SIG_VDZ_ANDO7,T_UNITI2_CR_W8,GSE112366_UNITI2_ILEUM,76,ARMC2:+1;BCL11B:-1;CDH23:-1;CRB2:+1;MEGF6:+1;NAPSB:-1;BCAP31:-1,False,0.4413377192982456
SIG_VDZ_ANDO7,T_UNITI2_CR_W8,GSE112366_UNITI2_ILEUM,77,ARMC2:+1;BCL11B:-1;CDH23:-1;CRB2:+1;MEGF6:+1;NAPSB:-1;BCAP31:+1,False,0.5131578947368421
SIG_VDZ_ANDO7,T_UNITI2_CR_W8,GSE112366_UNITI2_ILEUM,78,ARMC2:+1;BCL11B:-1;CDH23:-1;CRB2:+1;MEGF6:+1;NAPSB:+1;BCAP31:-1,False,0.43969298245614036
SIG_VDZ_ANDO7,T_UNITI2_CR_W8,GSE112366_UNITI2_ILEUM,79,ARMC2:+1;BCL11B:-1;CDH23:-1;CRB2:+1;MEGF6:+1;NAPSB:+1;BCAP31:+1,False,0.5093201754385964
SIG_VDZ_ANDO7,T_UNITI2_CR_W8,GSE112366_UNITI2_ILEUM,80,ARMC2:+1;BCL11B:-1;CDH23:+1;CRB2:-1;MEGF6:-1;NAPSB:-1;BCAP31:-1,False,0.4073464912280702
SIG_VDZ_ANDO7,T_UNITI2_CR_W8,GSE112366_UNITI2_ILEUM,81,ARMC2:+1;BCL11B:-1;CDH23:+1;CRB2:-1;MEGF6:-1;NAPSB:-1;BCAP31:+1,False,0.4682017543859649
SIG_VDZ_ANDO7,T_UNITI2_CR_W8,GSE112366_UNITI2_ILEUM,82,ARMC2:+1;BCL11B:-1;CDH23:+1;CRB2:-1;MEGF6:-1;NAPSB:+1;BCAP31:-1,False,0.4018640350877193
SIG_VDZ_ANDO7,T_UNITI2_CR_W8,GSE112366_UNITI2_ILEUM,83,ARMC2:+1;BCL11B:-1;CDH23:+1;CRB2:-1;MEGF6:-1;NAPSB:+1;BCAP31:+1,False,0.48410087719298245
SIG_VDZ_ANDO7,T_UNITI2_CR_W8,GSE112366_UNITI2_ILEUM,84,ARMC2:+1;BCL11B:-1;CDH23:+1;CRB2:-1;MEGF6:+1;NAPSB:-1;BCAP31:-1,False,0.4331140350877193
SIG_VDZ_ANDO7,T_UNITI2_CR_W8,GSE112366_UNITI2_ILEUM,85,ARMC2:+1;BCL11B:-1;CDH23:+1;CRB2:-1;MEGF6:+1;NAPSB:-1;BCAP31:+1,False,0.48903508771929827
SIG_VDZ_ANDO7,T_UNITI2_CR_W8,GSE112366_UNITI2_ILEUM,86,ARMC2:+1;BCL11B:-1;CDH23:+1;CRB2:-1;MEGF6:+1;NAPSB:+1;BCAP31:-1,False,0.40515350877192985
SIG_VDZ_ANDO7,T_UNITI2_CR_W8,GSE112366_UNITI2_ILEUM,87,ARMC2:+1;BCL11B:-1;CDH23:+1;CRB2:-1;MEGF6:+1;NAPSB:+1;BCAP31:+1,False,0.4950657894736842
SIG_VDZ_ANDO7,T_UNITI2_CR_W8,GSE112366_UNITI2_ILEUM,88,ARMC2:+1;BCL11B:-1;CDH23:+1;CRB2:+1;MEGF6:-1;NAPSB:-1;BCAP31:-1,False,0.4358552631578947
SIG_VDZ_ANDO7,T_UNITI2_CR_W8,GSE112366_UNITI2_ILEUM,89,ARMC2:+1;BCL11B:-1;CDH23:+1;CRB2:+1;MEGF6:-1;NAPSB:-1;BCAP31:+1,False,0.4972587719298246
SIG_VDZ_ANDO7,T_UNITI2_CR_W8,GSE112366_UNITI2_ILEUM,90,ARMC2:+1;BCL11B:-1;CDH23:+1;CRB2:+1;MEGF6:-1;NAPSB:+1;BCAP31:-1,False,0.43146929824561403
SIG_VDZ_ANDO7,T_UNITI2_CR_W8,GSE112366_UNITI2_ILEUM,91,ARMC2:+1;BCL11B:-1;CDH23:+1;CRB2:+1;MEGF6:-1;NAPSB:+1;BCAP31:+1,False,0.49780701754385964
SIG_VDZ_ANDO7,T_UNITI2_CR_W8,GSE112366_UNITI2_ILEUM,92,ARMC2:+1;BCL11B:-1;CDH23:+1;CRB2:+1;MEGF6:+1;NAPSB:-1;BCAP31:-1,False,0.4353070175438597
SIG_VDZ_ANDO7,T_UNITI2_CR_W8,GSE112366_UNITI2_ILEUM,93,ARMC2:+1;BCL11B:-1;CDH23:+1;CRB2:+1;MEGF6:+1;NAPSB:-1;BCAP31:+1,False,0.49451754385964913
SIG_VDZ_ANDO7,T_UNITI2_CR_W8,GSE112366_UNITI2_ILEUM,94,ARMC2:+1;BCL11B:-1;CDH23:+1;CRB2:+1;MEGF6:+1;NAPSB:+1;BCAP31:-1,False,0.4210526315789474
SIG_VDZ_ANDO7,T_UNITI2_CR_W8,GSE112366_UNITI2_ILEUM,95,ARMC2:+1;BCL11B:-1;CDH23:+1;CRB2:+1;MEGF6:+1;NAPSB:+1;BCAP31:+1,False,0.5038377192982456
SIG_VDZ_ANDO7,T_UNITI2_CR_W8,GSE112366_UNITI2_ILEUM,96,ARMC2:+1;BCL11B:+1;CDH23:-1;CRB2:-1;MEGF6:-1;NAPSB:-1;BCAP31:-1,False,0.4605263157894737
SIG_VDZ_ANDO7,T_UNITI2_CR_W8,GSE112366_UNITI2_ILEUM,97,ARMC2:+1;BCL11B:+1;CDH23:-1;CRB2:-1;MEGF6:-1;NAPSB:-1;BCAP31:+1,False,0.5394736842105263
SIG_VDZ_ANDO7,T_UNITI2_CR_W8,GSE112366_UNITI2_ILEUM,98,ARMC2:+1;BCL11B:+1;CDH23:-1;CRB2:-1;MEGF6:-1;NAPSB:+1;BCAP31:-1,False,0.48903508771929827
SIG_VDZ_ANDO7,T_UNITI2_CR_W8,GSE112366_UNITI2_ILEUM,99,ARMC2:+1;BCL11B:+1;CDH23:-1;CRB2:-1;MEGF6:-1;NAPSB:+1;BCAP31:+1,False,0.5383771929824561
SIG_VDZ_ANDO7,T_UNITI2_CR_W8,GSE112366_UNITI2_ILEUM,100,ARMC2:+1;BCL11B:+1;CDH23:-1;CRB2:-1;MEGF6:+1;NAPSB:-1;BCAP31:-1,False,0.44846491228070184
SIG_VDZ_ANDO7,T_UNITI2_CR_W8,GSE112366_UNITI2_ILEUM,101,ARMC2:+1;BCL11B:+1;CDH23:-1;CRB2:-1;MEGF6:+1;NAPSB:-1;BCAP31:+1,False,0.543859649122807
SIG_VDZ_ANDO7,T_UNITI2_CR_W8,GSE112366_UNITI2_ILEUM,102,ARMC2:+1;BCL11B:+1;CDH23:-1;CRB2:-1;MEGF6:+1;NAPSB:+1;BCAP31:-1,False,0.44901315789473684
SIG_VDZ_ANDO7,T_UNITI2_CR_W8,GSE112366_UNITI2_ILEUM,103,ARMC2:+1;BCL11B:+1;CDH23:-1;CRB2:-1;MEGF6:+1;NAPSB:+1;BCAP31:+1,False,0.5071271929824561
SIG_VDZ_ANDO7,T_UNITI2_CR_W8,GSE112366_UNITI2_ILEUM,104,ARMC2:+1;BCL11B:+1;CDH23:-1;CRB2:+1;MEGF6:-1;NAPSB:-1;BCAP31:-1,False,0.5093201754385965
SIG_VDZ_ANDO7,T_UNITI2_CR_W8,GSE112366_UNITI2_ILEUM,105,ARMC2:+1;BCL11B:+1;CDH23:-1;CRB2:+1;MEGF6:-1;NAPSB:-1;BCAP31:+1,False,0.593201754385965
SIG_VDZ_ANDO7,T_UNITI2_CR_W8,GSE112366_UNITI2_ILEUM,106,ARMC2:+1;BCL11B:+1;CDH23:-1;CRB2:+1;MEGF6:-1;NAPSB:+1;BCAP31:-1,False,0.4989035087719298
SIG_VDZ_ANDO7,T_UNITI2_CR_W8,GSE112366_UNITI2_ILEUM,107,ARMC2:+1;BCL11B:+1;CDH23:-1;CRB2:+1;MEGF6:-1;NAPSB:+1;BCAP31:+1,False,0.5953947368421052
SIG_VDZ_ANDO7,T_UNITI2_CR_W8,GSE112366_UNITI2_ILEUM,108,ARMC2:+1;BCL11B:+1;CDH23:-1;CRB2:+1;MEGF6:+1;NAPSB:-1;BCAP31:-1,False,0.48410087719298245
SIG_VDZ_ANDO7,T_UNITI2_CR_W8,GSE112366_UNITI2_ILEUM,109,ARMC2:+1;BCL11B:+1;CDH23:-1;CRB2:+1;MEGF6:+1;NAPSB:-1;BCAP31:+1,False,0.5789473684210527
SIG_VDZ_ANDO7,T_UNITI2_CR_W8,GSE112366_UNITI2_ILEUM,110,ARMC2:+1;BCL11B:+1;CDH23:-1;CRB2:+1;MEGF6:+1;NAPSB:+1;BCAP31:-1,False,0.48464912280701755
SIG_VDZ_ANDO7,T_UNITI2_CR_W8,GSE112366_UNITI2_ILEUM,111,ARMC2:+1;BCL11B:+1;CDH23:-1;CRB2:+1;MEGF6:+1;NAPSB:+1;BCAP31:+1,False,0.5592105263157895
SIG_VDZ_ANDO7,T_UNITI2_CR_W8,GSE112366_UNITI2_ILEUM,112,ARMC2:+1;BCL11B:+1;CDH23:+1;CRB2:-1;MEGF6:-1;NAPSB:-1;BCAP31:-1,False,0.4402412280701754
SIG_VDZ_ANDO7,T_UNITI2_CR_W8,GSE112366_UNITI2_ILEUM,113,ARMC2:+1;BCL11B:+1;CDH23:+1;CRB2:-1;MEGF6:-1;NAPSB:-1;BCAP31:+1,False,0.5235745614035088
SIG_VDZ_ANDO7,T_UNITI2_CR_W8,GSE112366_UNITI2_ILEUM,114,ARMC2:+1;BCL11B:+1;CDH23:+1;CRB2:-1;MEGF6:-1;NAPSB:+1;BCAP31:-1,False,0.45230263157894735
SIG_VDZ_ANDO7,T_UNITI2_CR_W8,GSE112366_UNITI2_ILEUM,115,ARMC2:+1;BCL11B:+1;CDH23:+1;CRB2:-1;MEGF6:-1;NAPSB:+1;BCAP31:+1,False,0.49616228070175433
SIG_VDZ_ANDO7,T_UNITI2_CR_W8,GSE112366_UNITI2_ILEUM,116,ARMC2:+1;BCL11B:+1;CDH23:+1;CRB2:-1;MEGF6:+1;NAPSB:-1;BCAP31:-1,False,0.44682017543859653
SIG_VDZ_ANDO7,T_UNITI2_CR_W8,GSE112366_UNITI2_ILEUM,117,ARMC2:+1;BCL11B:+1;CDH23:+1;CRB2:-1;MEGF6:+1;NAPSB:-1;BCAP31:+1,False,0.49999999999999994
SIG_VDZ_ANDO7,T_UNITI2_CR_W8,GSE112366_UNITI2_ILEUM,118,ARMC2:+1;BCL11B:+1;CDH23:+1;CRB2:-1;MEGF6:+1;NAPSB:+1;BCAP31:-1,False,0.4347587719298246
SIG_VDZ_ANDO7,T_UNITI2_CR_W8,GSE112366_UNITI2_ILEUM,119,ARMC2:+1;BCL11B:+1;CDH23:+1;CRB2:-1;MEGF6:+1;NAPSB:+1;BCAP31:+1,False,0.4890350877192984
SIG_VDZ_ANDO7,T_UNITI2_CR_W8,GSE112366_UNITI2_ILEUM,120,ARMC2:+1;BCL11B:+1;CDH23:+1;CRB2:+1;MEGF6:-1;NAPSB:-1;BCAP31:-1,False,0.4928728070175439
SIG_VDZ_ANDO7,T_UNITI2_CR_W8,GSE112366_UNITI2_ILEUM,121,ARMC2:+1;BCL11B:+1;CDH23:+1;CRB2:+1;MEGF6:-1;NAPSB:-1;BCAP31:+1,False,0.5701754385964912
SIG_VDZ_ANDO7,T_UNITI2_CR_W8,GSE112366_UNITI2_ILEUM,122,ARMC2:+1;BCL11B:+1;CDH23:+1;CRB2:+1;MEGF6:-1;NAPSB:+1;BCAP31:-1,False,0.48081140350877194
SIG_VDZ_ANDO7,T_UNITI2_CR_W8,GSE112366_UNITI2_ILEUM,123,ARMC2:+1;BCL11B:+1;CDH23:+1;CRB2:+1;MEGF6:-1;NAPSB:+1;BCAP31:+1,False,0.5641447368421052
SIG_VDZ_ANDO7,T_UNITI2_CR_W8,GSE112366_UNITI2_ILEUM,124,ARMC2:+1;BCL11B:+1;CDH23:+1;CRB2:+1;MEGF6:+1;NAPSB:-1;BCAP31:-1,False,0.4632675438596491
SIG_VDZ_ANDO7,T_UNITI2_CR_W8,GSE112366_UNITI2_ILEUM,125,ARMC2:+1;BCL11B:+1;CDH23:+1;CRB2:+1;MEGF6:+1;NAPSB:-1;BCAP31:+1,False,0.5339912280701755
SIG_VDZ_ANDO7,T_UNITI2_CR_W8,GSE112366_UNITI2_ILEUM,126,ARMC2:+1;BCL11B:+1;CDH23:+1;CRB2:+1;MEGF6:+1;NAPSB:+1;BCAP31:-1,True,0.4599780701754386
SIG_VDZ_ANDO7,T_UNITI2_CR_W8,GSE112366_UNITI2_ILEUM,127,ARMC2:+1;BCL11B:+1;CDH23:+1;CRB2:+1;MEGF6:+1;NAPSB:+1;BCAP31:+1,False,0.5115131578947367
